{
  "resourceType" : "Bundle",
  "id" : "59b5534e-b5ff-41a6-8743-c26291852475",
  "meta" : {
    "lastUpdated" : "2025-02-28T21:25:18.458+00:00"
  },
  "type" : "collection",
  "entry" : [{
    "fullUrl" : "http://cancerscreeningcds.github.io/crcsm-cds/ValueSet/plan-definition-action-codes",
    "resource" : {
      "resourceType" : "ValueSet",
      "text" : {
        "status" : "generated",
        "div" : "<div xmlns=\"http://www.w3.org/1999/xhtml\"><p class=\"res-header-id\"><b>Generated Narrative: ValueSet </b></p><p style=\"border: black 1px dotted; background-color: #EEEEEE; padding: 8px; margin-bottom: 8px\">Expansion performed internally based on <a href=\"CodeSystem-plan-definition-action-code-system.html\">codesystem Plan Definition Action Code System v0.1.0 (CodeSystem)</a></p><p>This value set contains 12 concepts</p><table class=\"codes\"><tr><td style=\"white-space:nowrap\"><b>Code</b></td><td><b>System</b></td><td><b>Display (en-US)</b></td></tr><tr><td style=\"white-space:nowrap\"><a name=\"x-http://cancerscreeningcds.github.io/crcsm-cds/CodeSystem/plan-definition-action-code-system-eligible\"> </a>\u00a0\u00a0<a href=\"CodeSystem-plan-definition-action-code-system.html#plan-definition-action-code-system-eligible\">eligible</a></td><td>http://cancerscreeningcds.github.io/crcsm-cds/CodeSystem/plan-definition-action-code-system</td><td/></tr><tr><td style=\"white-space:nowrap\"><a name=\"x-http://cancerscreeningcds.github.io/crcsm-cds/CodeSystem/plan-definition-action-code-system-noteligible\"> </a>\u00a0\u00a0<a href=\"CodeSystem-plan-definition-action-code-system.html#plan-definition-action-code-system-noteligible\">noteligible</a></td><td>http://cancerscreeningcds.github.io/crcsm-cds/CodeSystem/plan-definition-action-code-system</td><td/></tr><tr><td style=\"white-space:nowrap\"><a name=\"x-http://cancerscreeningcds.github.io/crcsm-cds/CodeSystem/plan-definition-action-code-system-error\"> </a>\u00a0\u00a0<a href=\"CodeSystem-plan-definition-action-code-system.html#plan-definition-action-code-system-error\">error</a></td><td>http://cancerscreeningcds.github.io/crcsm-cds/CodeSystem/plan-definition-action-code-system</td><td/></tr><tr><td style=\"white-space:nowrap\"><a name=\"x-http://cancerscreeningcds.github.io/crcsm-cds/CodeSystem/plan-definition-action-code-system-sdmcontinue\"> </a>\u00a0\u00a0<a href=\"CodeSystem-plan-definition-action-code-system.html#plan-definition-action-code-system-sdmcontinue\">sdmcontinue</a></td><td>http://cancerscreeningcds.github.io/crcsm-cds/CodeSystem/plan-definition-action-code-system</td><td/></tr><tr><td style=\"white-space:nowrap\"><a name=\"x-http://cancerscreeningcds.github.io/crcsm-cds/CodeSystem/plan-definition-action-code-system-stopscreen\"> </a>\u00a0\u00a0<a href=\"CodeSystem-plan-definition-action-code-system.html#plan-definition-action-code-system-stopscreen\">stopscreen</a></td><td>http://cancerscreeningcds.github.io/crcsm-cds/CodeSystem/plan-definition-action-code-system</td><td/></tr><tr><td style=\"white-space:nowrap\"><a name=\"x-http://cancerscreeningcds.github.io/crcsm-cds/CodeSystem/plan-definition-action-code-system-startscreeningat45yearsold\"> </a>\u00a0\u00a0<a href=\"CodeSystem-plan-definition-action-code-system.html#plan-definition-action-code-system-startscreeningat45yearsold\">startscreeningat45yearsold</a></td><td>http://cancerscreeningcds.github.io/crcsm-cds/CodeSystem/plan-definition-action-code-system</td><td/></tr><tr><td style=\"white-space:nowrap\"><a name=\"x-http://cancerscreeningcds.github.io/crcsm-cds/CodeSystem/plan-definition-action-code-system-startscreening\"> </a>\u00a0\u00a0<a href=\"CodeSystem-plan-definition-action-code-system.html#plan-definition-action-code-system-startscreening\">startscreening</a></td><td>http://cancerscreeningcds.github.io/crcsm-cds/CodeSystem/plan-definition-action-code-system</td><td/></tr><tr><td style=\"white-space:nowrap\"><a name=\"x-http://cancerscreeningcds.github.io/crcsm-cds/CodeSystem/plan-definition-action-code-system-continueroutinescreening\"> </a>\u00a0\u00a0<a href=\"CodeSystem-plan-definition-action-code-system.html#plan-definition-action-code-system-continueroutinescreening\">continueroutinescreening</a></td><td>http://cancerscreeningcds.github.io/crcsm-cds/CodeSystem/plan-definition-action-code-system</td><td/></tr><tr><td style=\"white-space:nowrap\"><a name=\"x-http://cancerscreeningcds.github.io/crcsm-cds/CodeSystem/plan-definition-action-code-system-continueroutinescreeninghighqualitytest\"> </a>\u00a0\u00a0<a href=\"CodeSystem-plan-definition-action-code-system.html#plan-definition-action-code-system-continueroutinescreeninghighqualitytest\">continueroutinescreeninghighqualitytest</a></td><td>http://cancerscreeningcds.github.io/crcsm-cds/CodeSystem/plan-definition-action-code-system</td><td/></tr><tr><td style=\"white-space:nowrap\"><a name=\"x-http://cancerscreeningcds.github.io/crcsm-cds/CodeSystem/plan-definition-action-code-system-orderfollowupcolonoscopy\"> </a>\u00a0\u00a0<a href=\"CodeSystem-plan-definition-action-code-system.html#plan-definition-action-code-system-orderfollowupcolonoscopy\">orderfollowupcolonoscopy</a></td><td>http://cancerscreeningcds.github.io/crcsm-cds/CodeSystem/plan-definition-action-code-system</td><td/></tr><tr><td style=\"white-space:nowrap\"><a name=\"x-http://cancerscreeningcds.github.io/crcsm-cds/CodeSystem/plan-definition-action-code-system-specialtyreferral\"> </a>\u00a0\u00a0<a href=\"CodeSystem-plan-definition-action-code-system.html#plan-definition-action-code-system-specialtyreferral\">specialtyreferral</a></td><td>http://cancerscreeningcds.github.io/crcsm-cds/CodeSystem/plan-definition-action-code-system</td><td/></tr><tr><td style=\"white-space:nowrap\"><a name=\"x-http://cancerscreeningcds.github.io/crcsm-cds/CodeSystem/plan-definition-action-code-system-increasedriskscreening\"> </a>\u00a0\u00a0<a href=\"CodeSystem-plan-definition-action-code-system.html#plan-definition-action-code-system-increasedriskscreening\">increasedriskscreening</a></td><td>http://cancerscreeningcds.github.io/crcsm-cds/CodeSystem/plan-definition-action-code-system</td><td/></tr></table></div>"
      },
      "url" : "http://cancerscreeningcds.github.io/crcsm-cds/ValueSet/plan-definition-action-codes",
      "version" : "0.1.0",
      "name" : "PlanDefinitionActionCodes",
      "title" : "Plan Definition Action Codes",
      "status" : "draft",
      "experimental" : true,
      "date" : "2025-02-28T21:24:30+00:00",
      "expansion" : {
        "identifier" : "urn:uuid:282548a9-1c56-49c2-9fa2-ab2da47c157d",
        "timestamp" : "2025-02-28T21:25:46+00:00",
        "total" : 12,
        "offset" : 0,
        "parameter" : [{
          "name" : "displayLanguage",
          "valueCode" : "en-US"
        },
        {
          "name" : "count",
          "valueInteger" : 1000
        },
        {
          "name" : "offset",
          "valueInteger" : 0
        },
        {
          "name" : "excludeNested",
          "valueBoolean" : false
        },
        {
          "name" : "used-codesystem",
          "valueUri" : "http://cancerscreeningcds.github.io/crcsm-cds/CodeSystem/plan-definition-action-code-system|0.1.0"
        }],
        "contains" : [{
          "system" : "http://cancerscreeningcds.github.io/crcsm-cds/CodeSystem/plan-definition-action-code-system",
          "code" : "eligible"
        },
        {
          "system" : "http://cancerscreeningcds.github.io/crcsm-cds/CodeSystem/plan-definition-action-code-system",
          "code" : "noteligible"
        },
        {
          "system" : "http://cancerscreeningcds.github.io/crcsm-cds/CodeSystem/plan-definition-action-code-system",
          "code" : "error"
        },
        {
          "system" : "http://cancerscreeningcds.github.io/crcsm-cds/CodeSystem/plan-definition-action-code-system",
          "code" : "sdmcontinue"
        },
        {
          "system" : "http://cancerscreeningcds.github.io/crcsm-cds/CodeSystem/plan-definition-action-code-system",
          "code" : "stopscreen"
        },
        {
          "system" : "http://cancerscreeningcds.github.io/crcsm-cds/CodeSystem/plan-definition-action-code-system",
          "code" : "startscreeningat45yearsold"
        },
        {
          "system" : "http://cancerscreeningcds.github.io/crcsm-cds/CodeSystem/plan-definition-action-code-system",
          "code" : "startscreening"
        },
        {
          "system" : "http://cancerscreeningcds.github.io/crcsm-cds/CodeSystem/plan-definition-action-code-system",
          "code" : "continueroutinescreening"
        },
        {
          "system" : "http://cancerscreeningcds.github.io/crcsm-cds/CodeSystem/plan-definition-action-code-system",
          "code" : "continueroutinescreeninghighqualitytest"
        },
        {
          "system" : "http://cancerscreeningcds.github.io/crcsm-cds/CodeSystem/plan-definition-action-code-system",
          "code" : "orderfollowupcolonoscopy"
        },
        {
          "system" : "http://cancerscreeningcds.github.io/crcsm-cds/CodeSystem/plan-definition-action-code-system",
          "code" : "specialtyreferral"
        },
        {
          "system" : "http://cancerscreeningcds.github.io/crcsm-cds/CodeSystem/plan-definition-action-code-system",
          "code" : "increasedriskscreening"
        }]
      }
    }
  },
  {
    "fullUrl" : "http://cancerscreeningcds.github.io/crcsm-cds/ValueSet/plan-definition-action-reason-codes",
    "resource" : {
      "resourceType" : "ValueSet",
      "text" : {
        "status" : "generated",
        "div" : "<div xmlns=\"http://www.w3.org/1999/xhtml\"><p class=\"res-header-id\"><b>Generated Narrative: ValueSet </b></p><p style=\"border: black 1px dotted; background-color: #EEEEEE; padding: 8px; margin-bottom: 8px\">Expansion performed internally based on <a href=\"CodeSystem-plan-definition-action-reason-code-system.html\">codesystem Plan Definition Action Reason Code System v0.1.0 (CodeSystem)</a></p><p>This value set contains 15 concepts</p><table class=\"codes\"><tr><td style=\"white-space:nowrap\"><b>Code</b></td><td><b>System</b></td><td><b>Display (en-US)</b></td></tr><tr><td style=\"white-space:nowrap\"><a name=\"x-http://cancerscreeningcds.github.io/crcsm-cds/CodeSystem/plan-definition-action-reason-code-system-eligibleforscreening\"> </a>\u00a0\u00a0<a href=\"CodeSystem-plan-definition-action-reason-code-system.html#plan-definition-action-reason-code-system-eligibleforscreening\">eligibleforscreening</a></td><td>http://cancerscreeningcds.github.io/crcsm-cds/CodeSystem/plan-definition-action-reason-code-system</td><td/></tr><tr><td style=\"white-space:nowrap\"><a name=\"x-http://cancerscreeningcds.github.io/crcsm-cds/CodeSystem/plan-definition-action-reason-code-system-missingageorbirthdate\"> </a>\u00a0\u00a0<a href=\"CodeSystem-plan-definition-action-reason-code-system.html#plan-definition-action-reason-code-system-missingageorbirthdate\">missingageorbirthdate</a></td><td>http://cancerscreeningcds.github.io/crcsm-cds/CodeSystem/plan-definition-action-reason-code-system</td><td/></tr><tr><td style=\"white-space:nowrap\"><a name=\"x-http://cancerscreeningcds.github.io/crcsm-cds/CodeSystem/plan-definition-action-reason-code-system-currentcolorectalcancer\"> </a>\u00a0\u00a0<a href=\"CodeSystem-plan-definition-action-reason-code-system.html#plan-definition-action-reason-code-system-currentcolorectalcancer\">currentcolorectalcancer</a></td><td>http://cancerscreeningcds.github.io/crcsm-cds/CodeSystem/plan-definition-action-reason-code-system</td><td/></tr><tr><td style=\"white-space:nowrap\"><a name=\"x-http://cancerscreeningcds.github.io/crcsm-cds/CodeSystem/plan-definition-action-reason-code-system-totalcolectomy\"> </a>\u00a0\u00a0<a href=\"CodeSystem-plan-definition-action-reason-code-system.html#plan-definition-action-reason-code-system-totalcolectomy\">totalcolectomy</a></td><td>http://cancerscreeningcds.github.io/crcsm-cds/CodeSystem/plan-definition-action-reason-code-system</td><td/></tr><tr><td style=\"white-space:nowrap\"><a name=\"x-http://cancerscreeningcds.github.io/crcsm-cds/CodeSystem/plan-definition-action-reason-code-system-diagtesting\"> </a>\u00a0\u00a0<a href=\"CodeSystem-plan-definition-action-reason-code-system.html#plan-definition-action-reason-code-system-diagtesting\">diagtesting</a></td><td>http://cancerscreeningcds.github.io/crcsm-cds/CodeSystem/plan-definition-action-reason-code-system</td><td/></tr><tr><td style=\"white-space:nowrap\"><a name=\"x-http://cancerscreeningcds.github.io/crcsm-cds/CodeSystem/plan-definition-action-reason-code-system-ageover86\"> </a>\u00a0\u00a0<a href=\"CodeSystem-plan-definition-action-reason-code-system.html#plan-definition-action-reason-code-system-ageover86\">ageover86</a></td><td>http://cancerscreeningcds.github.io/crcsm-cds/CodeSystem/plan-definition-action-reason-code-system</td><td/></tr><tr><td style=\"white-space:nowrap\"><a name=\"x-http://cancerscreeningcds.github.io/crcsm-cds/CodeSystem/plan-definition-action-reason-code-system-lifeexp\"> </a>\u00a0\u00a0<a href=\"CodeSystem-plan-definition-action-reason-code-system.html#plan-definition-action-reason-code-system-lifeexp\">lifeexp</a></td><td>http://cancerscreeningcds.github.io/crcsm-cds/CodeSystem/plan-definition-action-reason-code-system</td><td/></tr><tr><td style=\"white-space:nowrap\"><a name=\"x-http://cancerscreeningcds.github.io/crcsm-cds/CodeSystem/plan-definition-action-reason-code-system-age76to86\"> </a>\u00a0\u00a0<a href=\"CodeSystem-plan-definition-action-reason-code-system.html#plan-definition-action-reason-code-system-age76to86\">age76to86</a></td><td>http://cancerscreeningcds.github.io/crcsm-cds/CodeSystem/plan-definition-action-reason-code-system</td><td/></tr><tr><td style=\"white-space:nowrap\"><a name=\"x-http://cancerscreeningcds.github.io/crcsm-cds/CodeSystem/plan-definition-action-reason-code-system-USPSTFaveragerisk\"> </a>\u00a0\u00a0<a href=\"CodeSystem-plan-definition-action-reason-code-system.html#plan-definition-action-reason-code-system-USPSTFaveragerisk\">USPSTFaveragerisk</a></td><td>http://cancerscreeningcds.github.io/crcsm-cds/CodeSystem/plan-definition-action-reason-code-system</td><td/></tr><tr><td style=\"white-space:nowrap\"><a name=\"x-http://cancerscreeningcds.github.io/crcsm-cds/CodeSystem/plan-definition-action-reason-code-system-negativescreening\"> </a>\u00a0\u00a0<a href=\"CodeSystem-plan-definition-action-reason-code-system.html#plan-definition-action-reason-code-system-negativescreening\">negativescreening</a></td><td>http://cancerscreeningcds.github.io/crcsm-cds/CodeSystem/plan-definition-action-reason-code-system</td><td/></tr><tr><td style=\"white-space:nowrap\"><a name=\"x-http://cancerscreeningcds.github.io/crcsm-cds/CodeSystem/plan-definition-action-reason-code-system-negativehighqualityscreening\"> </a>\u00a0\u00a0<a href=\"CodeSystem-plan-definition-action-reason-code-system.html#plan-definition-action-reason-code-system-negativehighqualityscreening\">negativehighqualityscreening</a></td><td>http://cancerscreeningcds.github.io/crcsm-cds/CodeSystem/plan-definition-action-reason-code-system</td><td/></tr><tr><td style=\"white-space:nowrap\"><a name=\"x-http://cancerscreeningcds.github.io/crcsm-cds/CodeSystem/plan-definition-action-reason-code-system-inconclusivescreening\"> </a>\u00a0\u00a0<a href=\"CodeSystem-plan-definition-action-reason-code-system.html#plan-definition-action-reason-code-system-inconclusivescreening\">inconclusivescreening</a></td><td>http://cancerscreeningcds.github.io/crcsm-cds/CodeSystem/plan-definition-action-reason-code-system</td><td/></tr><tr><td style=\"white-space:nowrap\"><a name=\"x-http://cancerscreeningcds.github.io/crcsm-cds/CodeSystem/plan-definition-action-reason-code-system-positiveabnormalscreening\"> </a>\u00a0\u00a0<a href=\"CodeSystem-plan-definition-action-reason-code-system.html#plan-definition-action-reason-code-system-positiveabnormalscreening\">positiveabnormalscreening</a></td><td>http://cancerscreeningcds.github.io/crcsm-cds/CodeSystem/plan-definition-action-reason-code-system</td><td/></tr><tr><td style=\"white-space:nowrap\"><a name=\"x-http://cancerscreeningcds.github.io/crcsm-cds/CodeSystem/plan-definition-action-reason-code-system-historyofprecancerouspolyps\"> </a>\u00a0\u00a0<a href=\"CodeSystem-plan-definition-action-reason-code-system.html#plan-definition-action-reason-code-system-historyofprecancerouspolyps\">historyofprecancerouspolyps</a></td><td>http://cancerscreeningcds.github.io/crcsm-cds/CodeSystem/plan-definition-action-reason-code-system</td><td/></tr><tr><td style=\"white-space:nowrap\"><a name=\"x-http://cancerscreeningcds.github.io/crcsm-cds/CodeSystem/plan-definition-action-reason-code-system-averagerisk\"> </a>\u00a0\u00a0<a href=\"CodeSystem-plan-definition-action-reason-code-system.html#plan-definition-action-reason-code-system-averagerisk\">averagerisk</a></td><td>http://cancerscreeningcds.github.io/crcsm-cds/CodeSystem/plan-definition-action-reason-code-system</td><td/></tr></table></div>"
      },
      "url" : "http://cancerscreeningcds.github.io/crcsm-cds/ValueSet/plan-definition-action-reason-codes",
      "version" : "0.1.0",
      "name" : "PlanDefinitionActionReasonCodes",
      "title" : "Plan Definition Action Reason Codes",
      "status" : "draft",
      "experimental" : true,
      "date" : "2025-02-28T21:24:30+00:00",
      "expansion" : {
        "identifier" : "urn:uuid:5891d852-97b5-4fe8-acf4-d68d4b293708",
        "timestamp" : "2025-02-28T21:25:46+00:00",
        "total" : 15,
        "offset" : 0,
        "parameter" : [{
          "name" : "displayLanguage",
          "valueCode" : "en-US"
        },
        {
          "name" : "count",
          "valueInteger" : 1000
        },
        {
          "name" : "offset",
          "valueInteger" : 0
        },
        {
          "name" : "excludeNested",
          "valueBoolean" : false
        },
        {
          "name" : "used-codesystem",
          "valueUri" : "http://cancerscreeningcds.github.io/crcsm-cds/CodeSystem/plan-definition-action-reason-code-system|0.1.0"
        }],
        "contains" : [{
          "system" : "http://cancerscreeningcds.github.io/crcsm-cds/CodeSystem/plan-definition-action-reason-code-system",
          "code" : "eligibleforscreening"
        },
        {
          "system" : "http://cancerscreeningcds.github.io/crcsm-cds/CodeSystem/plan-definition-action-reason-code-system",
          "code" : "missingageorbirthdate"
        },
        {
          "system" : "http://cancerscreeningcds.github.io/crcsm-cds/CodeSystem/plan-definition-action-reason-code-system",
          "code" : "currentcolorectalcancer"
        },
        {
          "system" : "http://cancerscreeningcds.github.io/crcsm-cds/CodeSystem/plan-definition-action-reason-code-system",
          "code" : "totalcolectomy"
        },
        {
          "system" : "http://cancerscreeningcds.github.io/crcsm-cds/CodeSystem/plan-definition-action-reason-code-system",
          "code" : "diagtesting"
        },
        {
          "system" : "http://cancerscreeningcds.github.io/crcsm-cds/CodeSystem/plan-definition-action-reason-code-system",
          "code" : "ageover86"
        },
        {
          "system" : "http://cancerscreeningcds.github.io/crcsm-cds/CodeSystem/plan-definition-action-reason-code-system",
          "code" : "lifeexp"
        },
        {
          "system" : "http://cancerscreeningcds.github.io/crcsm-cds/CodeSystem/plan-definition-action-reason-code-system",
          "code" : "age76to86"
        },
        {
          "system" : "http://cancerscreeningcds.github.io/crcsm-cds/CodeSystem/plan-definition-action-reason-code-system",
          "code" : "USPSTFaveragerisk"
        },
        {
          "system" : "http://cancerscreeningcds.github.io/crcsm-cds/CodeSystem/plan-definition-action-reason-code-system",
          "code" : "negativescreening"
        },
        {
          "system" : "http://cancerscreeningcds.github.io/crcsm-cds/CodeSystem/plan-definition-action-reason-code-system",
          "code" : "negativehighqualityscreening"
        },
        {
          "system" : "http://cancerscreeningcds.github.io/crcsm-cds/CodeSystem/plan-definition-action-reason-code-system",
          "code" : "inconclusivescreening"
        },
        {
          "system" : "http://cancerscreeningcds.github.io/crcsm-cds/CodeSystem/plan-definition-action-reason-code-system",
          "code" : "positiveabnormalscreening"
        },
        {
          "system" : "http://cancerscreeningcds.github.io/crcsm-cds/CodeSystem/plan-definition-action-reason-code-system",
          "code" : "historyofprecancerouspolyps"
        },
        {
          "system" : "http://cancerscreeningcds.github.io/crcsm-cds/CodeSystem/plan-definition-action-reason-code-system",
          "code" : "averagerisk"
        }]
      }
    }
  },
  {
    "fullUrl" : "http://cancerscreeningcds.github.io/crcsm-cds/ValueSet/recommendation-flag-codes",
    "resource" : {
      "resourceType" : "ValueSet",
      "text" : {
        "status" : "generated",
        "div" : "<div xmlns=\"http://www.w3.org/1999/xhtml\"><p class=\"res-header-id\"><b>Generated Narrative: ValueSet </b></p><p style=\"border: black 1px dotted; background-color: #EEEEEE; padding: 8px; margin-bottom: 8px\">Expansion performed internally based on <a href=\"CodeSystem-recommendation-flag-code-system.html\">codesystem Recommendation Flag Code System v0.1.0 (CodeSystem)</a></p><p>This value set contains 3 concepts</p><table class=\"codes\"><tr><td style=\"white-space:nowrap\"><b>Code</b></td><td><b>System</b></td><td><b>Display (en-US)</b></td></tr><tr><td style=\"white-space:nowrap\"><a name=\"x-http://cancerscreeningcds.github.io/crcsm-cds/CodeSystem/recommendation-flag-code-system-overdue\"> </a>\u00a0\u00a0<a href=\"CodeSystem-recommendation-flag-code-system.html#recommendation-flag-code-system-overdue\">overdue</a></td><td>http://cancerscreeningcds.github.io/crcsm-cds/CodeSystem/recommendation-flag-code-system</td><td/></tr><tr><td style=\"white-space:nowrap\"><a name=\"x-http://cancerscreeningcds.github.io/crcsm-cds/CodeSystem/recommendation-flag-code-system-due\"> </a>\u00a0\u00a0<a href=\"CodeSystem-recommendation-flag-code-system.html#recommendation-flag-code-system-due\">due</a></td><td>http://cancerscreeningcds.github.io/crcsm-cds/CodeSystem/recommendation-flag-code-system</td><td/></tr><tr><td style=\"white-space:nowrap\"><a name=\"x-http://cancerscreeningcds.github.io/crcsm-cds/CodeSystem/recommendation-flag-code-system-not-due\"> </a>\u00a0\u00a0<a href=\"CodeSystem-recommendation-flag-code-system.html#recommendation-flag-code-system-not-due\">not-due</a></td><td>http://cancerscreeningcds.github.io/crcsm-cds/CodeSystem/recommendation-flag-code-system</td><td/></tr></table></div>"
      },
      "url" : "http://cancerscreeningcds.github.io/crcsm-cds/ValueSet/recommendation-flag-codes",
      "version" : "0.1.0",
      "name" : "RecommendationFlagCodes",
      "title" : "Recommendation Flag Codes",
      "status" : "draft",
      "experimental" : true,
      "date" : "2025-02-28T21:24:30+00:00",
      "expansion" : {
        "identifier" : "urn:uuid:a1aa3ae6-890f-4faa-ad40-d7ec3c69cf22",
        "timestamp" : "2025-02-28T21:25:46+00:00",
        "total" : 3,
        "offset" : 0,
        "parameter" : [{
          "name" : "displayLanguage",
          "valueCode" : "en-US"
        },
        {
          "name" : "count",
          "valueInteger" : 1000
        },
        {
          "name" : "offset",
          "valueInteger" : 0
        },
        {
          "name" : "excludeNested",
          "valueBoolean" : false
        },
        {
          "name" : "used-codesystem",
          "valueUri" : "http://cancerscreeningcds.github.io/crcsm-cds/CodeSystem/recommendation-flag-code-system|0.1.0"
        }],
        "contains" : [{
          "system" : "http://cancerscreeningcds.github.io/crcsm-cds/CodeSystem/recommendation-flag-code-system",
          "code" : "overdue"
        },
        {
          "system" : "http://cancerscreeningcds.github.io/crcsm-cds/CodeSystem/recommendation-flag-code-system",
          "code" : "due"
        },
        {
          "system" : "http://cancerscreeningcds.github.io/crcsm-cds/CodeSystem/recommendation-flag-code-system",
          "code" : "not-due"
        }]
      }
    }
  }]
}