<?xml version="1.0" encoding="UTF-8"?>

<Bundle xmlns="http://hl7.org/fhir">
  <id value="59b5534e-b5ff-41a6-8743-c26291852475"/>
  <meta>
    <lastUpdated value="2025-02-28T21:25:18.458+00:00"/>
  </meta>
  <type value="collection"/>
  <entry>
    <fullUrl value="http://cancerscreeningcds.github.io/crcsm-cds/ValueSet/plan-definition-action-codes"/>
    <resource>
      <ValueSet>
        <text>
          <status value="generated"/>
          <div xmlns="http://www.w3.org/1999/xhtml">
            <p class="res-header-id">
              <b>Generated Narrative: ValueSet </b>
            </p>
            <p style="border: black 1px dotted; background-color: #EEEEEE; padding: 8px; margin-bottom: 8px">Expansion performed internally based on 
              <a href="CodeSystem-plan-definition-action-code-system.html">codesystem Plan Definition Action Code System v0.1.0 (CodeSystem)</a>
            </p>
            <p>This value set contains 12 concepts</p>
            <table class="codes">
              <tr>
                <td style="white-space:nowrap">
                  <b>Code</b>
                </td>
                <td>
                  <b>System</b>
                </td>
                <td>
                  <b>Display (en-US)</b>
                </td>
              </tr>
              <tr>
                <td style="white-space:nowrap">
                  <a name="x-http://cancerscreeningcds.github.io/crcsm-cds/CodeSystem/plan-definition-action-code-system-eligible"> </a>  
                  <a href="CodeSystem-plan-definition-action-code-system.html#plan-definition-action-code-system-eligible">eligible</a>
                </td>
                <td>http://cancerscreeningcds.github.io/crcsm-cds/CodeSystem/plan-definition-action-code-system</td>
                <td/>
              </tr>
              <tr>
                <td style="white-space:nowrap">
                  <a name="x-http://cancerscreeningcds.github.io/crcsm-cds/CodeSystem/plan-definition-action-code-system-noteligible"> </a>  
                  <a href="CodeSystem-plan-definition-action-code-system.html#plan-definition-action-code-system-noteligible">noteligible</a>
                </td>
                <td>http://cancerscreeningcds.github.io/crcsm-cds/CodeSystem/plan-definition-action-code-system</td>
                <td/>
              </tr>
              <tr>
                <td style="white-space:nowrap">
                  <a name="x-http://cancerscreeningcds.github.io/crcsm-cds/CodeSystem/plan-definition-action-code-system-error"> </a>  
                  <a href="CodeSystem-plan-definition-action-code-system.html#plan-definition-action-code-system-error">error</a>
                </td>
                <td>http://cancerscreeningcds.github.io/crcsm-cds/CodeSystem/plan-definition-action-code-system</td>
                <td/>
              </tr>
              <tr>
                <td style="white-space:nowrap">
                  <a name="x-http://cancerscreeningcds.github.io/crcsm-cds/CodeSystem/plan-definition-action-code-system-sdmcontinue"> </a>  
                  <a href="CodeSystem-plan-definition-action-code-system.html#plan-definition-action-code-system-sdmcontinue">sdmcontinue</a>
                </td>
                <td>http://cancerscreeningcds.github.io/crcsm-cds/CodeSystem/plan-definition-action-code-system</td>
                <td/>
              </tr>
              <tr>
                <td style="white-space:nowrap">
                  <a name="x-http://cancerscreeningcds.github.io/crcsm-cds/CodeSystem/plan-definition-action-code-system-stopscreen"> </a>  
                  <a href="CodeSystem-plan-definition-action-code-system.html#plan-definition-action-code-system-stopscreen">stopscreen</a>
                </td>
                <td>http://cancerscreeningcds.github.io/crcsm-cds/CodeSystem/plan-definition-action-code-system</td>
                <td/>
              </tr>
              <tr>
                <td style="white-space:nowrap">
                  <a name="x-http://cancerscreeningcds.github.io/crcsm-cds/CodeSystem/plan-definition-action-code-system-startscreeningat45yearsold"> </a>  
                  <a href="CodeSystem-plan-definition-action-code-system.html#plan-definition-action-code-system-startscreeningat45yearsold">startscreeningat45yearsold</a>
                </td>
                <td>http://cancerscreeningcds.github.io/crcsm-cds/CodeSystem/plan-definition-action-code-system</td>
                <td/>
              </tr>
              <tr>
                <td style="white-space:nowrap">
                  <a name="x-http://cancerscreeningcds.github.io/crcsm-cds/CodeSystem/plan-definition-action-code-system-startscreening"> </a>  
                  <a href="CodeSystem-plan-definition-action-code-system.html#plan-definition-action-code-system-startscreening">startscreening</a>
                </td>
                <td>http://cancerscreeningcds.github.io/crcsm-cds/CodeSystem/plan-definition-action-code-system</td>
                <td/>
              </tr>
              <tr>
                <td style="white-space:nowrap">
                  <a name="x-http://cancerscreeningcds.github.io/crcsm-cds/CodeSystem/plan-definition-action-code-system-continueroutinescreening"> </a>  
                  <a href="CodeSystem-plan-definition-action-code-system.html#plan-definition-action-code-system-continueroutinescreening">continueroutinescreening</a>
                </td>
                <td>http://cancerscreeningcds.github.io/crcsm-cds/CodeSystem/plan-definition-action-code-system</td>
                <td/>
              </tr>
              <tr>
                <td style="white-space:nowrap">
                  <a name="x-http://cancerscreeningcds.github.io/crcsm-cds/CodeSystem/plan-definition-action-code-system-continueroutinescreeninghighqualitytest"> </a>  
                  <a href="CodeSystem-plan-definition-action-code-system.html#plan-definition-action-code-system-continueroutinescreeninghighqualitytest">continueroutinescreeninghighqualitytest</a>
                </td>
                <td>http://cancerscreeningcds.github.io/crcsm-cds/CodeSystem/plan-definition-action-code-system</td>
                <td/>
              </tr>
              <tr>
                <td style="white-space:nowrap">
                  <a name="x-http://cancerscreeningcds.github.io/crcsm-cds/CodeSystem/plan-definition-action-code-system-orderfollowupcolonoscopy"> </a>  
                  <a href="CodeSystem-plan-definition-action-code-system.html#plan-definition-action-code-system-orderfollowupcolonoscopy">orderfollowupcolonoscopy</a>
                </td>
                <td>http://cancerscreeningcds.github.io/crcsm-cds/CodeSystem/plan-definition-action-code-system</td>
                <td/>
              </tr>
              <tr>
                <td style="white-space:nowrap">
                  <a name="x-http://cancerscreeningcds.github.io/crcsm-cds/CodeSystem/plan-definition-action-code-system-specialtyreferral"> </a>  
                  <a href="CodeSystem-plan-definition-action-code-system.html#plan-definition-action-code-system-specialtyreferral">specialtyreferral</a>
                </td>
                <td>http://cancerscreeningcds.github.io/crcsm-cds/CodeSystem/plan-definition-action-code-system</td>
                <td/>
              </tr>
              <tr>
                <td style="white-space:nowrap">
                  <a name="x-http://cancerscreeningcds.github.io/crcsm-cds/CodeSystem/plan-definition-action-code-system-increasedriskscreening"> </a>  
                  <a href="CodeSystem-plan-definition-action-code-system.html#plan-definition-action-code-system-increasedriskscreening">increasedriskscreening</a>
                </td>
                <td>http://cancerscreeningcds.github.io/crcsm-cds/CodeSystem/plan-definition-action-code-system</td>
                <td/>
              </tr>
            </table>
          </div>
        </text>
        <url value="http://cancerscreeningcds.github.io/crcsm-cds/ValueSet/plan-definition-action-codes"/>
        <version value="0.1.0"/>
        <name value="PlanDefinitionActionCodes"/>
        <title value="Plan Definition Action Codes"/>
        <status value="draft"/>
        <experimental value="true"/>
        <date value="2025-02-28T21:24:30+00:00"/>
        <expansion>
          <identifier value="urn:uuid:282548a9-1c56-49c2-9fa2-ab2da47c157d"/>
          <timestamp value="2025-02-28T21:25:46+00:00"/>
          <total value="12"/>
          <offset value="0"/>
          <parameter>
            <name value="displayLanguage"/>
            <valueCode value="en-US"/>
          </parameter>
          <parameter>
            <name value="count"/>
            <valueInteger value="1000"/>
          </parameter>
          <parameter>
            <name value="offset"/>
            <valueInteger value="0"/>
          </parameter>
          <parameter>
            <name value="excludeNested"/>
            <valueBoolean value="false"/>
          </parameter>
          <parameter>
            <name value="used-codesystem"/>
            <valueUri value="http://cancerscreeningcds.github.io/crcsm-cds/CodeSystem/plan-definition-action-code-system|0.1.0"/>
          </parameter>
          <contains>
            <system value="http://cancerscreeningcds.github.io/crcsm-cds/CodeSystem/plan-definition-action-code-system"/>
            <code value="eligible"/>
          </contains>
          <contains>
            <system value="http://cancerscreeningcds.github.io/crcsm-cds/CodeSystem/plan-definition-action-code-system"/>
            <code value="noteligible"/>
          </contains>
          <contains>
            <system value="http://cancerscreeningcds.github.io/crcsm-cds/CodeSystem/plan-definition-action-code-system"/>
            <code value="error"/>
          </contains>
          <contains>
            <system value="http://cancerscreeningcds.github.io/crcsm-cds/CodeSystem/plan-definition-action-code-system"/>
            <code value="sdmcontinue"/>
          </contains>
          <contains>
            <system value="http://cancerscreeningcds.github.io/crcsm-cds/CodeSystem/plan-definition-action-code-system"/>
            <code value="stopscreen"/>
          </contains>
          <contains>
            <system value="http://cancerscreeningcds.github.io/crcsm-cds/CodeSystem/plan-definition-action-code-system"/>
            <code value="startscreeningat45yearsold"/>
          </contains>
          <contains>
            <system value="http://cancerscreeningcds.github.io/crcsm-cds/CodeSystem/plan-definition-action-code-system"/>
            <code value="startscreening"/>
          </contains>
          <contains>
            <system value="http://cancerscreeningcds.github.io/crcsm-cds/CodeSystem/plan-definition-action-code-system"/>
            <code value="continueroutinescreening"/>
          </contains>
          <contains>
            <system value="http://cancerscreeningcds.github.io/crcsm-cds/CodeSystem/plan-definition-action-code-system"/>
            <code value="continueroutinescreeninghighqualitytest"/>
          </contains>
          <contains>
            <system value="http://cancerscreeningcds.github.io/crcsm-cds/CodeSystem/plan-definition-action-code-system"/>
            <code value="orderfollowupcolonoscopy"/>
          </contains>
          <contains>
            <system value="http://cancerscreeningcds.github.io/crcsm-cds/CodeSystem/plan-definition-action-code-system"/>
            <code value="specialtyreferral"/>
          </contains>
          <contains>
            <system value="http://cancerscreeningcds.github.io/crcsm-cds/CodeSystem/plan-definition-action-code-system"/>
            <code value="increasedriskscreening"/>
          </contains>
        </expansion>
      </ValueSet>
    </resource>
  </entry>
  <entry>
    <fullUrl value="http://cancerscreeningcds.github.io/crcsm-cds/ValueSet/plan-definition-action-reason-codes"/>
    <resource>
      <ValueSet>
        <text>
          <status value="generated"/>
          <div xmlns="http://www.w3.org/1999/xhtml">
            <p class="res-header-id">
              <b>Generated Narrative: ValueSet </b>
            </p>
            <p style="border: black 1px dotted; background-color: #EEEEEE; padding: 8px; margin-bottom: 8px">Expansion performed internally based on 
              <a href="CodeSystem-plan-definition-action-reason-code-system.html">codesystem Plan Definition Action Reason Code System v0.1.0 (CodeSystem)</a>
            </p>
            <p>This value set contains 15 concepts</p>
            <table class="codes">
              <tr>
                <td style="white-space:nowrap">
                  <b>Code</b>
                </td>
                <td>
                  <b>System</b>
                </td>
                <td>
                  <b>Display (en-US)</b>
                </td>
              </tr>
              <tr>
                <td style="white-space:nowrap">
                  <a name="x-http://cancerscreeningcds.github.io/crcsm-cds/CodeSystem/plan-definition-action-reason-code-system-eligibleforscreening"> </a>  
                  <a href="CodeSystem-plan-definition-action-reason-code-system.html#plan-definition-action-reason-code-system-eligibleforscreening">eligibleforscreening</a>
                </td>
                <td>http://cancerscreeningcds.github.io/crcsm-cds/CodeSystem/plan-definition-action-reason-code-system</td>
                <td/>
              </tr>
              <tr>
                <td style="white-space:nowrap">
                  <a name="x-http://cancerscreeningcds.github.io/crcsm-cds/CodeSystem/plan-definition-action-reason-code-system-missingageorbirthdate"> </a>  
                  <a href="CodeSystem-plan-definition-action-reason-code-system.html#plan-definition-action-reason-code-system-missingageorbirthdate">missingageorbirthdate</a>
                </td>
                <td>http://cancerscreeningcds.github.io/crcsm-cds/CodeSystem/plan-definition-action-reason-code-system</td>
                <td/>
              </tr>
              <tr>
                <td style="white-space:nowrap">
                  <a name="x-http://cancerscreeningcds.github.io/crcsm-cds/CodeSystem/plan-definition-action-reason-code-system-currentcolorectalcancer"> </a>  
                  <a href="CodeSystem-plan-definition-action-reason-code-system.html#plan-definition-action-reason-code-system-currentcolorectalcancer">currentcolorectalcancer</a>
                </td>
                <td>http://cancerscreeningcds.github.io/crcsm-cds/CodeSystem/plan-definition-action-reason-code-system</td>
                <td/>
              </tr>
              <tr>
                <td style="white-space:nowrap">
                  <a name="x-http://cancerscreeningcds.github.io/crcsm-cds/CodeSystem/plan-definition-action-reason-code-system-totalcolectomy"> </a>  
                  <a href="CodeSystem-plan-definition-action-reason-code-system.html#plan-definition-action-reason-code-system-totalcolectomy">totalcolectomy</a>
                </td>
                <td>http://cancerscreeningcds.github.io/crcsm-cds/CodeSystem/plan-definition-action-reason-code-system</td>
                <td/>
              </tr>
              <tr>
                <td style="white-space:nowrap">
                  <a name="x-http://cancerscreeningcds.github.io/crcsm-cds/CodeSystem/plan-definition-action-reason-code-system-diagtesting"> </a>  
                  <a href="CodeSystem-plan-definition-action-reason-code-system.html#plan-definition-action-reason-code-system-diagtesting">diagtesting</a>
                </td>
                <td>http://cancerscreeningcds.github.io/crcsm-cds/CodeSystem/plan-definition-action-reason-code-system</td>
                <td/>
              </tr>
              <tr>
                <td style="white-space:nowrap">
                  <a name="x-http://cancerscreeningcds.github.io/crcsm-cds/CodeSystem/plan-definition-action-reason-code-system-ageover86"> </a>  
                  <a href="CodeSystem-plan-definition-action-reason-code-system.html#plan-definition-action-reason-code-system-ageover86">ageover86</a>
                </td>
                <td>http://cancerscreeningcds.github.io/crcsm-cds/CodeSystem/plan-definition-action-reason-code-system</td>
                <td/>
              </tr>
              <tr>
                <td style="white-space:nowrap">
                  <a name="x-http://cancerscreeningcds.github.io/crcsm-cds/CodeSystem/plan-definition-action-reason-code-system-lifeexp"> </a>  
                  <a href="CodeSystem-plan-definition-action-reason-code-system.html#plan-definition-action-reason-code-system-lifeexp">lifeexp</a>
                </td>
                <td>http://cancerscreeningcds.github.io/crcsm-cds/CodeSystem/plan-definition-action-reason-code-system</td>
                <td/>
              </tr>
              <tr>
                <td style="white-space:nowrap">
                  <a name="x-http://cancerscreeningcds.github.io/crcsm-cds/CodeSystem/plan-definition-action-reason-code-system-age76to86"> </a>  
                  <a href="CodeSystem-plan-definition-action-reason-code-system.html#plan-definition-action-reason-code-system-age76to86">age76to86</a>
                </td>
                <td>http://cancerscreeningcds.github.io/crcsm-cds/CodeSystem/plan-definition-action-reason-code-system</td>
                <td/>
              </tr>
              <tr>
                <td style="white-space:nowrap">
                  <a name="x-http://cancerscreeningcds.github.io/crcsm-cds/CodeSystem/plan-definition-action-reason-code-system-USPSTFaveragerisk"> </a>  
                  <a href="CodeSystem-plan-definition-action-reason-code-system.html#plan-definition-action-reason-code-system-USPSTFaveragerisk">USPSTFaveragerisk</a>
                </td>
                <td>http://cancerscreeningcds.github.io/crcsm-cds/CodeSystem/plan-definition-action-reason-code-system</td>
                <td/>
              </tr>
              <tr>
                <td style="white-space:nowrap">
                  <a name="x-http://cancerscreeningcds.github.io/crcsm-cds/CodeSystem/plan-definition-action-reason-code-system-negativescreening"> </a>  
                  <a href="CodeSystem-plan-definition-action-reason-code-system.html#plan-definition-action-reason-code-system-negativescreening">negativescreening</a>
                </td>
                <td>http://cancerscreeningcds.github.io/crcsm-cds/CodeSystem/plan-definition-action-reason-code-system</td>
                <td/>
              </tr>
              <tr>
                <td style="white-space:nowrap">
                  <a name="x-http://cancerscreeningcds.github.io/crcsm-cds/CodeSystem/plan-definition-action-reason-code-system-negativehighqualityscreening"> </a>  
                  <a href="CodeSystem-plan-definition-action-reason-code-system.html#plan-definition-action-reason-code-system-negativehighqualityscreening">negativehighqualityscreening</a>
                </td>
                <td>http://cancerscreeningcds.github.io/crcsm-cds/CodeSystem/plan-definition-action-reason-code-system</td>
                <td/>
              </tr>
              <tr>
                <td style="white-space:nowrap">
                  <a name="x-http://cancerscreeningcds.github.io/crcsm-cds/CodeSystem/plan-definition-action-reason-code-system-inconclusivescreening"> </a>  
                  <a href="CodeSystem-plan-definition-action-reason-code-system.html#plan-definition-action-reason-code-system-inconclusivescreening">inconclusivescreening</a>
                </td>
                <td>http://cancerscreeningcds.github.io/crcsm-cds/CodeSystem/plan-definition-action-reason-code-system</td>
                <td/>
              </tr>
              <tr>
                <td style="white-space:nowrap">
                  <a name="x-http://cancerscreeningcds.github.io/crcsm-cds/CodeSystem/plan-definition-action-reason-code-system-positiveabnormalscreening"> </a>  
                  <a href="CodeSystem-plan-definition-action-reason-code-system.html#plan-definition-action-reason-code-system-positiveabnormalscreening">positiveabnormalscreening</a>
                </td>
                <td>http://cancerscreeningcds.github.io/crcsm-cds/CodeSystem/plan-definition-action-reason-code-system</td>
                <td/>
              </tr>
              <tr>
                <td style="white-space:nowrap">
                  <a name="x-http://cancerscreeningcds.github.io/crcsm-cds/CodeSystem/plan-definition-action-reason-code-system-historyofprecancerouspolyps"> </a>  
                  <a href="CodeSystem-plan-definition-action-reason-code-system.html#plan-definition-action-reason-code-system-historyofprecancerouspolyps">historyofprecancerouspolyps</a>
                </td>
                <td>http://cancerscreeningcds.github.io/crcsm-cds/CodeSystem/plan-definition-action-reason-code-system</td>
                <td/>
              </tr>
              <tr>
                <td style="white-space:nowrap">
                  <a name="x-http://cancerscreeningcds.github.io/crcsm-cds/CodeSystem/plan-definition-action-reason-code-system-averagerisk"> </a>  
                  <a href="CodeSystem-plan-definition-action-reason-code-system.html#plan-definition-action-reason-code-system-averagerisk">averagerisk</a>
                </td>
                <td>http://cancerscreeningcds.github.io/crcsm-cds/CodeSystem/plan-definition-action-reason-code-system</td>
                <td/>
              </tr>
            </table>
          </div>
        </text>
        <url value="http://cancerscreeningcds.github.io/crcsm-cds/ValueSet/plan-definition-action-reason-codes"/>
        <version value="0.1.0"/>
        <name value="PlanDefinitionActionReasonCodes"/>
        <title value="Plan Definition Action Reason Codes"/>
        <status value="draft"/>
        <experimental value="true"/>
        <date value="2025-02-28T21:24:30+00:00"/>
        <expansion>
          <identifier value="urn:uuid:5891d852-97b5-4fe8-acf4-d68d4b293708"/>
          <timestamp value="2025-02-28T21:25:46+00:00"/>
          <total value="15"/>
          <offset value="0"/>
          <parameter>
            <name value="displayLanguage"/>
            <valueCode value="en-US"/>
          </parameter>
          <parameter>
            <name value="count"/>
            <valueInteger value="1000"/>
          </parameter>
          <parameter>
            <name value="offset"/>
            <valueInteger value="0"/>
          </parameter>
          <parameter>
            <name value="excludeNested"/>
            <valueBoolean value="false"/>
          </parameter>
          <parameter>
            <name value="used-codesystem"/>
            <valueUri value="http://cancerscreeningcds.github.io/crcsm-cds/CodeSystem/plan-definition-action-reason-code-system|0.1.0"/>
          </parameter>
          <contains>
            <system value="http://cancerscreeningcds.github.io/crcsm-cds/CodeSystem/plan-definition-action-reason-code-system"/>
            <code value="eligibleforscreening"/>
          </contains>
          <contains>
            <system value="http://cancerscreeningcds.github.io/crcsm-cds/CodeSystem/plan-definition-action-reason-code-system"/>
            <code value="missingageorbirthdate"/>
          </contains>
          <contains>
            <system value="http://cancerscreeningcds.github.io/crcsm-cds/CodeSystem/plan-definition-action-reason-code-system"/>
            <code value="currentcolorectalcancer"/>
          </contains>
          <contains>
            <system value="http://cancerscreeningcds.github.io/crcsm-cds/CodeSystem/plan-definition-action-reason-code-system"/>
            <code value="totalcolectomy"/>
          </contains>
          <contains>
            <system value="http://cancerscreeningcds.github.io/crcsm-cds/CodeSystem/plan-definition-action-reason-code-system"/>
            <code value="diagtesting"/>
          </contains>
          <contains>
            <system value="http://cancerscreeningcds.github.io/crcsm-cds/CodeSystem/plan-definition-action-reason-code-system"/>
            <code value="ageover86"/>
          </contains>
          <contains>
            <system value="http://cancerscreeningcds.github.io/crcsm-cds/CodeSystem/plan-definition-action-reason-code-system"/>
            <code value="lifeexp"/>
          </contains>
          <contains>
            <system value="http://cancerscreeningcds.github.io/crcsm-cds/CodeSystem/plan-definition-action-reason-code-system"/>
            <code value="age76to86"/>
          </contains>
          <contains>
            <system value="http://cancerscreeningcds.github.io/crcsm-cds/CodeSystem/plan-definition-action-reason-code-system"/>
            <code value="USPSTFaveragerisk"/>
          </contains>
          <contains>
            <system value="http://cancerscreeningcds.github.io/crcsm-cds/CodeSystem/plan-definition-action-reason-code-system"/>
            <code value="negativescreening"/>
          </contains>
          <contains>
            <system value="http://cancerscreeningcds.github.io/crcsm-cds/CodeSystem/plan-definition-action-reason-code-system"/>
            <code value="negativehighqualityscreening"/>
          </contains>
          <contains>
            <system value="http://cancerscreeningcds.github.io/crcsm-cds/CodeSystem/plan-definition-action-reason-code-system"/>
            <code value="inconclusivescreening"/>
          </contains>
          <contains>
            <system value="http://cancerscreeningcds.github.io/crcsm-cds/CodeSystem/plan-definition-action-reason-code-system"/>
            <code value="positiveabnormalscreening"/>
          </contains>
          <contains>
            <system value="http://cancerscreeningcds.github.io/crcsm-cds/CodeSystem/plan-definition-action-reason-code-system"/>
            <code value="historyofprecancerouspolyps"/>
          </contains>
          <contains>
            <system value="http://cancerscreeningcds.github.io/crcsm-cds/CodeSystem/plan-definition-action-reason-code-system"/>
            <code value="averagerisk"/>
          </contains>
        </expansion>
      </ValueSet>
    </resource>
  </entry>
  <entry>
    <fullUrl value="http://cancerscreeningcds.github.io/crcsm-cds/ValueSet/recommendation-flag-codes"/>
    <resource>
      <ValueSet>
        <text>
          <status value="generated"/>
          <div xmlns="http://www.w3.org/1999/xhtml">
            <p class="res-header-id">
              <b>Generated Narrative: ValueSet </b>
            </p>
            <p style="border: black 1px dotted; background-color: #EEEEEE; padding: 8px; margin-bottom: 8px">Expansion performed internally based on 
              <a href="CodeSystem-recommendation-flag-code-system.html">codesystem Recommendation Flag Code System v0.1.0 (CodeSystem)</a>
            </p>
            <p>This value set contains 3 concepts</p>
            <table class="codes">
              <tr>
                <td style="white-space:nowrap">
                  <b>Code</b>
                </td>
                <td>
                  <b>System</b>
                </td>
                <td>
                  <b>Display (en-US)</b>
                </td>
              </tr>
              <tr>
                <td style="white-space:nowrap">
                  <a name="x-http://cancerscreeningcds.github.io/crcsm-cds/CodeSystem/recommendation-flag-code-system-overdue"> </a>  
                  <a href="CodeSystem-recommendation-flag-code-system.html#recommendation-flag-code-system-overdue">overdue</a>
                </td>
                <td>http://cancerscreeningcds.github.io/crcsm-cds/CodeSystem/recommendation-flag-code-system</td>
                <td/>
              </tr>
              <tr>
                <td style="white-space:nowrap">
                  <a name="x-http://cancerscreeningcds.github.io/crcsm-cds/CodeSystem/recommendation-flag-code-system-due"> </a>  
                  <a href="CodeSystem-recommendation-flag-code-system.html#recommendation-flag-code-system-due">due</a>
                </td>
                <td>http://cancerscreeningcds.github.io/crcsm-cds/CodeSystem/recommendation-flag-code-system</td>
                <td/>
              </tr>
              <tr>
                <td style="white-space:nowrap">
                  <a name="x-http://cancerscreeningcds.github.io/crcsm-cds/CodeSystem/recommendation-flag-code-system-not-due"> </a>  
                  <a href="CodeSystem-recommendation-flag-code-system.html#recommendation-flag-code-system-not-due">not-due</a>
                </td>
                <td>http://cancerscreeningcds.github.io/crcsm-cds/CodeSystem/recommendation-flag-code-system</td>
                <td/>
              </tr>
            </table>
          </div>
        </text>
        <url value="http://cancerscreeningcds.github.io/crcsm-cds/ValueSet/recommendation-flag-codes"/>
        <version value="0.1.0"/>
        <name value="RecommendationFlagCodes"/>
        <title value="Recommendation Flag Codes"/>
        <status value="draft"/>
        <experimental value="true"/>
        <date value="2025-02-28T21:24:30+00:00"/>
        <expansion>
          <identifier value="urn:uuid:a1aa3ae6-890f-4faa-ad40-d7ec3c69cf22"/>
          <timestamp value="2025-02-28T21:25:46+00:00"/>
          <total value="3"/>
          <offset value="0"/>
          <parameter>
            <name value="displayLanguage"/>
            <valueCode value="en-US"/>
          </parameter>
          <parameter>
            <name value="count"/>
            <valueInteger value="1000"/>
          </parameter>
          <parameter>
            <name value="offset"/>
            <valueInteger value="0"/>
          </parameter>
          <parameter>
            <name value="excludeNested"/>
            <valueBoolean value="false"/>
          </parameter>
          <parameter>
            <name value="used-codesystem"/>
            <valueUri value="http://cancerscreeningcds.github.io/crcsm-cds/CodeSystem/recommendation-flag-code-system|0.1.0"/>
          </parameter>
          <contains>
            <system value="http://cancerscreeningcds.github.io/crcsm-cds/CodeSystem/recommendation-flag-code-system"/>
            <code value="overdue"/>
          </contains>
          <contains>
            <system value="http://cancerscreeningcds.github.io/crcsm-cds/CodeSystem/recommendation-flag-code-system"/>
            <code value="due"/>
          </contains>
          <contains>
            <system value="http://cancerscreeningcds.github.io/crcsm-cds/CodeSystem/recommendation-flag-code-system"/>
            <code value="not-due"/>
          </contains>
        </expansion>
      </ValueSet>
    </resource>
  </entry>
</Bundle>