<?xml version="1.0" encoding="UTF-8"?>

<Bundle xmlns="http://hl7.org/fhir">
  <id value="FollowUp_eve-lastTestColonoscopy_no_eve-lastTestStool_yes_eve-inconclusiveStoolTest_no_eve-abnormalStoolTest_no_end-1"/>
  <type value="collection"/>
  <entry>
    <fullUrl value="http://cancerscreeningcds.github.io/crcsm-cds/CarePlan/155"/>
    <resource>
      <CarePlan>
        <id value="155"/>
        <text>
          <status value="generated"/><div xmlns="http://www.w3.org/1999/xhtml"><a name="CarePlan_155"> </a><p class="res-header-id"><b>Generated Narrative: CarePlan 155</b></p><a name="155"> </a><a name="hc155"> </a><a name="155-en-US"> </a><p><b>instantiatesCanonical</b>: <a href="PlanDefinition-flow-FollowUp.html">Follow Up</a></p><p><b>status</b>: Draft</p><p><b>intent</b>: Proposal</p><p><b>subject</b>: <a href="Bundle-eve-lastTestColonoscopy_no_eve-lastTestStool_yes_eve-inconclusiveStoolTest_no_eve-abnormalStoolTest_no_end-1.html#Patient_22552392-0bc8-4e28-abd6-5d5241f23ed2">Joanne Smith</a></p><p><b>created</b>: 2024-12-10 00:00:00+0000</p><h3>Activities</h3><table class="grid"><tr><td style="display: none">-</td><td><b>Reference</b></td></tr><tr><td style="display: none">*</td><td><a href="Bundle-FollowUp_eve-lastTestColonoscopy_no_eve-lastTestStool_yes_eve-inconclusiveStoolTest_no_eve-abnormalStoolTest_no_end-1.html#RequestGroup_156">Bundle: type = collection</a></td></tr></table></div>
        </text>
        <instantiatesCanonical value="http://cancerscreeningcds.github.io/crcsm-cds/PlanDefinition/flow-FollowUp"/>
        <status value="draft"/>
        <intent value="proposal"/>
        <subject>
          <reference value="Patient/22552392-0bc8-4e28-abd6-5d5241f23ed2"/>
          <display value="Joanne Smith"/>
        </subject>
        <created value="2024-12-10T00:00:00.0Z"/>
        <activity>
          <reference>
            <reference value="RequestGroup/156"/>
          </reference>
        </activity>
      </CarePlan>
    </resource>
  </entry>
  <entry>
    <fullUrl value="http://cancerscreeningcds.github.io/crcsm-cds/RequestGroup/156"/>
    <resource>
      <RequestGroup>
        <id value="156"/>
        <text>
          <status value="generated"/><div xmlns="http://www.w3.org/1999/xhtml"><a name="RequestGroup_156"> </a><p class="res-header-id"><b>Generated Narrative: RequestGroup 156</b></p><a name="156"> </a><a name="hc156"> </a><a name="156-en-US"> </a><p><b>instantiatesCanonical</b>: <a href="PlanDefinition-flow-FollowUp.html">Follow Up</a></p><p><b>status</b>: Draft</p><p><b>intent</b>: Proposal</p><p><b>subject</b>: <a href="Bundle-eve-lastTestColonoscopy_no_eve-lastTestStool_yes_eve-inconclusiveStoolTest_no_eve-abnormalStoolTest_no_end-1.html#Patient_22552392-0bc8-4e28-abd6-5d5241f23ed2">Joanne Smith</a></p></div>
        </text>
        <instantiatesCanonical value="http://cancerscreeningcds.github.io/crcsm-cds/PlanDefinition/flow-FollowUp"/>
        <status value="draft"/>
        <intent value="proposal"/>
        <subject>
          <reference value="Patient/22552392-0bc8-4e28-abd6-5d5241f23ed2"/>
          <display value="Joanne Smith"/>
        </subject>
      </RequestGroup>
    </resource>
  </entry>
</Bundle>