<?xml version="1.0" encoding="UTF-8"?>

<Bundle xmlns="http://hl7.org/fhir">
  <id value="eve-Age86AndOlder_no_eve-AgeOver76_yes_act-SelectivelyOfferScreening__eve-LifeExp10_yes_act-sdmcontinuelifexp__eve-riskFactors_no_act-AvgRiskEligible"/>
  <type value="collection"/>
  <entry>
    <resource>
      <Patient>
        <id value="9f068fc8-d0e1-4df2-a10d-ec6fe3431178"/>
        <text>
          <status value="generated"/><div xmlns="http://www.w3.org/1999/xhtml"><a name="Patient_9f068fc8-d0e1-4df2-a10d-ec6fe3431178"> </a><p class="res-header-id"><b>Generated Narrative: Patient 9f068fc8-d0e1-4df2-a10d-ec6fe3431178</b></p><a name="9f068fc8-d0e1-4df2-a10d-ec6fe3431178"> </a><a name="hc9f068fc8-d0e1-4df2-a10d-ec6fe3431178"> </a><a name="9f068fc8-d0e1-4df2-a10d-ec6fe3431178-en-US"> </a><p style="border: 1px #661aff solid; background-color: #e6e6ff; padding: 10px;">Joanne Smith  Female, DoB: 1944-01-01</p><hr/></div>
        </text>
        <name>
          <family value="Smith"/>
          <given value="Joanne"/>
        </name>
        <gender value="female"/>
        <birthDate value="1944-01-01"/>
      </Patient>
    </resource>
  </entry>
  <entry>
    <resource>
      <Observation>
        <id value="9d5df0e0-bd06-4f76-9a1c-d05181e50618"/>
        <text>
          <status value="generated"/><div xmlns="http://www.w3.org/1999/xhtml"><a name="Observation_9d5df0e0-bd06-4f76-9a1c-d05181e50618"> </a><p class="res-header-id"><b>Generated Narrative: Observation 9d5df0e0-bd06-4f76-9a1c-d05181e50618</b></p><a name="9d5df0e0-bd06-4f76-9a1c-d05181e50618"> </a><a name="hc9d5df0e0-bd06-4f76-9a1c-d05181e50618"> </a><a name="9d5df0e0-bd06-4f76-9a1c-d05181e50618-en-US"> </a><p><b>status</b>: Final</p><p><b>code</b>: <span title="Codes:{http://cancerscreeningcds.github.io/crcsm-cds/CodeSystem/screening-observation-code-system lifeexp}">Reduced life expectancy indicator</span></p><p><b>subject</b>: <a href="Bundle-eve-Age86AndOlder_no_eve-AgeOver76_yes_act-SelectivelyOfferScreening__eve-LifeExp10_yes_act-sdmcontinuelifexp__eve-riskFactors_no_act-AvgRiskEligible.html#Patient_9f068fc8-d0e1-4df2-a10d-ec6fe3431178">Bundle: type = collection</a></p><p><b>effective</b>: 2024-12-10 00:00:00+0000</p><p><b>value</b>: true</p></div>
        </text>
        <status value="final"/>
        <code>
          <coding>
            <system value="http://cancerscreeningcds.github.io/crcsm-cds/CodeSystem/screening-observation-code-system"/>
            <code value="lifeexp"/>
            <display value="Reduced life expectancy indicator"/>
          </coding>
        </code>
        <subject>
          <reference value="Patient/9f068fc8-d0e1-4df2-a10d-ec6fe3431178"/>
        </subject>
        <effectiveDateTime value="2024-12-10T00:00:00.0Z"/>
        <valueBoolean value="true"/>
      </Observation>
    </resource>
  </entry>
</Bundle>