<?xml version="1.0" encoding="UTF-8"?>

<Bundle xmlns="http://hl7.org/fhir">
  <id value="PollyStuart"/>
  <type value="collection"/>
  <entry>
    <resource>
      <Patient>
        <id value="PollyStuart"/>
        <text>
          <status value="generated"/><div xmlns="http://www.w3.org/1999/xhtml"><a name="Patient_PollyStuart"> </a><p class="res-header-id"><b>Generated Narrative: Patient PollyStuart</b></p><a name="PollyStuart"> </a><a name="hcPollyStuart"> </a><a name="PollyStuart-en-US"> </a><p style="border: 1px #661aff solid; background-color: #e6e6ff; padding: 10px;">Polly Stuart  Female, DoB: 1978-10-10 ( Medical Record Number: 123-345-567)</p><hr/><table class="grid"><tr><td style="background-color: #f3f5da" title="Concepts classifying the person into a named category of humans sharing common history, traits, geographical origin or nationality.  The ethnicity codes used to represent these concepts are based upon the [CDC ethnicity and Ethnicity Code Set Version 1.0](http://www.cdc.gov/phin/resources/vocabulary/index.html) which includes over 900 concepts for representing race and ethnicity of which 43 reference ethnicity.  The ethnicity concepts are grouped by and pre-mapped to the 2 OMB ethnicity categories: - Hispanic or Latino - Not Hispanic or Latino.">US Core Ethnicity Extension:</td><td colspan="3"><ul><li>text: Not Hispanic or Latino</li></ul></td></tr><tr><td style="background-color: #f3f5da" title="Concepts classifying the person into a named category of humans sharing common history, traits, geographical origin or nationality.  The race codes used to represent these concepts are based upon the [CDC Race and Ethnicity Code Set Version 1.0](http://www.cdc.gov/phin/resources/vocabulary/index.html) which includes over 900 concepts for representing race and ethnicity of which 921 reference race.  The race concepts are grouped by and pre-mapped to the 5 OMB race categories:

 - American Indian or Alaska Native
 - Asian
 - Black or African American
 - Native Hawaiian or Other Pacific Islander
 - White.">US Core Race Extension:</td><td colspan="3"><ul><li>text: Black or African American</li></ul></td></tr></table></div>
        </text>
        <extension url="http://hl7.org/fhir/us/core/StructureDefinition/us-core-race">
          <extension url="text">
            <valueString value="Black or African American"/>
          </extension>
        </extension>
        <extension url="http://hl7.org/fhir/us/core/StructureDefinition/us-core-ethnicity">
          <extension url="text">
            <valueString value="Not Hispanic or Latino"/>
          </extension>
        </extension>
        <identifier>
          <type>
            <coding>
              <code value="MR"/>
              <display value="Medical Record Number"/>
            </coding>
          </type>
          <value value="123-345-567"/>
        </identifier>
        <name>
          <family value="Stuart"/>
          <given value="Polly"/>
        </name>
        <gender value="female"/>
        <birthDate value="1978-10-10"/>
      </Patient>
    </resource>
  </entry>
  <entry>
    <resource>
      <DiagnosticReport>
        <id value="colonoscopy-report-polyp"/>
        <text>
          <status value="generated"/><div xmlns="http://www.w3.org/1999/xhtml"><a name="DiagnosticReport_colonoscopy-report-polyp"> </a><p class="res-header-id"><b>Generated Narrative: DiagnosticReport colonoscopy-report-polyp</b></p><a name="colonoscopy-report-polyp"> </a><a name="hccolonoscopy-report-polyp"> </a><a name="colonoscopy-report-polyp-en-US"> </a><h2><span title="Codes:{http://loinc.org 18746-8}">Colonoscopy study</span> </h2><table class="grid"><tr><td>Subject</td><td>Not done yet</td></tr><tr><td>When For</td><td>2024-02-18 00:00:00+0000</td></tr></table><p><b>Report Details</b></p><p><b>Coded Conclusions:</b></p><ul><li><span title="Codes:{http://snomed.info/sct 428054006}">Adenomatous polyp of colon (disorder)</span></li></ul></div>
        </text>
        <status value="final"/>
        <code>
          <coding>
            <system value="http://loinc.org"/>
            <code value="18746-8"/>
            <display value="Colonoscopy study"/>
          </coding>
        </code>
        <subject>
          <reference value="Patient/PollyStuart"/>
        </subject>
        <effectiveDateTime value="2024-02-18T00:00:00.000Z"/>
        <conclusionCode>
          <coding>
            <system value="http://snomed.info/sct"/>
            <code value="428054006"/>
            <display value="Adenomatous polyp of colon (disorder)"/>
          </coding>
        </conclusionCode>
      </DiagnosticReport>
    </resource>
  </entry>
  <entry>
    <resource>
      <DiagnosticReport>
        <id value="fit-report-pos"/>
        <text>
          <status value="generated"/><div xmlns="http://www.w3.org/1999/xhtml"><a name="DiagnosticReport_fit-report-pos"> </a><p class="res-header-id"><b>Generated Narrative: DiagnosticReport fit-report-pos</b></p><a name="fit-report-pos"> </a><a name="hcfit-report-pos"> </a><a name="fit-report-pos-en-US"> </a><h2><span title="Codes:{http://loinc.org 29771-3}">Hemoglobin.gastrointestinal.lower [Presence] in Stool by Immunoassay</span> </h2><table class="grid"><tr><td>Subject</td><td>Not done yet</td></tr><tr><td>When For</td><td>2023-12-04 00:00:00+0000</td></tr></table><p><b>Report Details</b></p><p><b>Coded Conclusions:</b></p><ul><li><span title="Codes:{http://snomed.info/sct 10828004}">Positive (qualifier value)</span></li></ul></div>
        </text>
        <status value="final"/>
        <code>
          <coding>
            <system value="http://loinc.org"/>
            <code value="29771-3"/>
            <display value="Hemoglobin.gastrointestinal.lower [Presence] in Stool by Immunoassay"/>
          </coding>
        </code>
        <subject>
          <reference value="Patient/PollyStuart"/>
        </subject>
        <effectiveDateTime value="2023-12-04T00:00:00.000Z"/>
        <conclusionCode>
          <coding>
            <system value="http://snomed.info/sct"/>
            <code value="10828004"/>
            <display value="Positive (qualifier value)"/>
          </coding>
        </conclusionCode>
      </DiagnosticReport>
    </resource>
  </entry>
</Bundle>