<?xml version="1.0" encoding="UTF-8"?>

<Bundle xmlns="http://hl7.org/fhir">
  <id value="eve-HereditarySyndrome_no_eve-IBD_no_eve-HxCRC_yes_act-HxCRC"/>
  <type value="collection"/>
  <entry>
    <resource>
      <Patient>
        <id value="b0a3822c-9469-45fd-98c1-650e57ffc62c"/>
        <text>
          <status value="generated"/><div xmlns="http://www.w3.org/1999/xhtml"><a name="Patient_b0a3822c-9469-45fd-98c1-650e57ffc62c"> </a><p class="res-header-id"><b>Generated Narrative: Patient b0a3822c-9469-45fd-98c1-650e57ffc62c</b></p><a name="b0a3822c-9469-45fd-98c1-650e57ffc62c"> </a><a name="hcb0a3822c-9469-45fd-98c1-650e57ffc62c"> </a><a name="b0a3822c-9469-45fd-98c1-650e57ffc62c-en-US"> </a><p style="border: 1px #661aff solid; background-color: #e6e6ff; padding: 10px;">Joanne Smith  Other, DoB: 1971-01-01</p><hr/><table class="grid"><tr><td style="background-color: #f3f5da" title="A code classifying the person's sex assigned at birth  as specified by the [Office of the National Coordinator for Health IT (ONC)](https://www.healthit.gov/newsroom/about-onc). This extension aligns with the C-CDA Birth Sex Observation (LOINC 76689-9)."><a href="http://hl7.org/fhir/us/core/STU3.1/StructureDefinition-us-core-birthsex.html">US Core Birth Sex Extension</a></td><td colspan="3">F</td></tr></table></div>
        </text>
        <extension url="http://hl7.org/fhir/us/core/StructureDefinition/us-core-birthsex">
          <valueCode value="F"/>
        </extension>
        <name>
          <family value="Smith"/>
          <given value="Joanne"/>
        </name>
        <gender value="other"/>
        <birthDate value="1971-01-01"/>
      </Patient>
    </resource>
  </entry>
  <entry>
    <resource>
      <Condition>
        <id value="colorectal-cancer-inactive"/>
        <text>
          <status value="generated"/><div xmlns="http://www.w3.org/1999/xhtml"><a name="Condition_colorectal-cancer-inactive"> </a><p class="res-header-id"><b>Generated Narrative: Condition colorectal-cancer-inactive</b></p><a name="colorectal-cancer-inactive"> </a><a name="hccolorectal-cancer-inactive"> </a><a name="colorectal-cancer-inactive-en-US"> </a><p><b>clinicalStatus</b>: <span title="Codes:{http://terminology.hl7.org/CodeSystem/condition-clinical inactive}">Inactive</span></p><p><b>verificationStatus</b>: <span title="Codes:{http://terminology.hl7.org/CodeSystem/condition-ver-status confirmed}">Confirmed</span></p><p><b>category</b>: <span title="Codes:{http://terminology.hl7.org/CodeSystem/condition-category problem-list-item}">Problem List Item</span></p><p><b>code</b>: <span title="Codes:{http://snomed.info/sct 363406005}">Malignant neoplasm of colon (disorder)</span></p><p><b>subject</b>: <a href="Bundle-eve-HereditarySyndrome_no_eve-IBD_no_eve-HxCRC_yes_act-HxCRC.html#Patient_b0a3822c-9469-45fd-98c1-650e57ffc62c">Bundle: type = collection</a></p><p><b>onset</b>: 2024-10-01</p></div>
        </text>
        <clinicalStatus>
          <coding>
            <system value="http://terminology.hl7.org/CodeSystem/condition-clinical"/>
            <code value="inactive"/>
            <display value="Inactive"/>
          </coding>
        </clinicalStatus>
        <verificationStatus>
          <coding>
            <system value="http://terminology.hl7.org/CodeSystem/condition-ver-status"/>
            <code value="confirmed"/>
            <display value="Confirmed"/>
          </coding>
        </verificationStatus>
        <category>
          <coding>
            <system value="http://terminology.hl7.org/CodeSystem/condition-category"/>
            <code value="problem-list-item"/>
            <display value="Problem List Item"/>
          </coding>
        </category>
        <code>
          <coding>
            <system value="http://snomed.info/sct"/>
            <code value="363406005"/>
            <display value="Malignant neoplasm of colon (disorder)"/>
          </coding>
        </code>
        <subject>
          <reference value="Patient/b0a3822c-9469-45fd-98c1-650e57ffc62c"/>
        </subject>
        <onsetDateTime value="2024-10-01"/>
      </Condition>
    </resource>
  </entry>
</Bundle>