<?xml version="1.0" encoding="UTF-8"?>

<Bundle xmlns="http://hl7.org/fhir">
  <id value="eve-pendingsDNAFIT_act-testpending"/>
  <type value="collection"/>
  <entry>
    <resource>
      <Patient>
        <id value="56553823-1f60-499b-a373-817689aa1a71"/>
        <text>
          <status value="generated"/><div xmlns="http://www.w3.org/1999/xhtml"><a name="Patient_56553823-1f60-499b-a373-817689aa1a71"> </a><p class="res-header-id"><b>Generated Narrative: Patient 56553823-1f60-499b-a373-817689aa1a71</b></p><a name="56553823-1f60-499b-a373-817689aa1a71"> </a><a name="hc56553823-1f60-499b-a373-817689aa1a71"> </a><a name="56553823-1f60-499b-a373-817689aa1a71-en-US"> </a><p style="border: 1px #661aff solid; background-color: #e6e6ff; padding: 10px;">Joanne Smith  Other, DoB: 1971-01-01</p><hr/><table class="grid"><tr><td style="background-color: #f3f5da" title="A code classifying the person's sex assigned at birth  as specified by the [Office of the National Coordinator for Health IT (ONC)](https://www.healthit.gov/newsroom/about-onc). This extension aligns with the C-CDA Birth Sex Observation (LOINC 76689-9)."><a href="http://hl7.org/fhir/us/core/STU3.1/StructureDefinition-us-core-birthsex.html">US Core Birth Sex Extension</a></td><td colspan="3">F</td></tr></table></div>
        </text>
        <extension url="http://hl7.org/fhir/us/core/StructureDefinition/us-core-birthsex">
          <valueCode value="F"/>
        </extension>
        <name>
          <family value="Smith"/>
          <given value="Joanne"/>
        </name>
        <gender value="other"/>
        <birthDate value="1971-01-01"/>
      </Patient>
    </resource>
  </entry>
  <entry>
    <resource>
      <ServiceRequest>
        <id value="35ab6bec-c0e5-4c86-bbbe-a8e048e28bf1"/>
        <text>
          <status value="generated"/><div xmlns="http://www.w3.org/1999/xhtml"><a name="ServiceRequest_35ab6bec-c0e5-4c86-bbbe-a8e048e28bf1"> </a><p class="res-header-id"><b>Generated Narrative: ServiceRequest 35ab6bec-c0e5-4c86-bbbe-a8e048e28bf1</b></p><a name="35ab6bec-c0e5-4c86-bbbe-a8e048e28bf1"> </a><a name="hc35ab6bec-c0e5-4c86-bbbe-a8e048e28bf1"> </a><a name="35ab6bec-c0e5-4c86-bbbe-a8e048e28bf1-en-US"> </a><p><b>status</b>: Completed</p><p><b>intent</b>: Order</p><p><b>doNotPerform</b>: false</p><p><b>code</b>: <span title="Codes:{http://loinc.org 77353-1}">Noninvasive colorectal cancer DNA and occult blood screening [Interpretation] in Stool Narrative</span></p></div>
        </text>
        <status value="completed"/>
        <intent value="order"/>
        <doNotPerform value="false"/>
        <code>
          <coding>
            <system value="http://loinc.org"/>
            <code value="77353-1"/>
            <display value="Noninvasive colorectal cancer DNA and occult blood screening [Interpretation] in Stool Narrative"/>
          </coding>
        </code>
      </ServiceRequest>
    </resource>
  </entry>
</Bundle>