<?xml version="1.0" encoding="UTF-8"?>

<Bundle xmlns="http://hl7.org/fhir">
  <id value="inc-AgeAtLeast18_error"/>
  <type value="collection"/>
  <entry>
    <resource>
      <Patient>
        <id value="4097d9cd-89f8-4f52-a1d3-21b719458c20"/>
        <text>
          <status value="generated"/><div xmlns="http://www.w3.org/1999/xhtml"><a name="Patient_4097d9cd-89f8-4f52-a1d3-21b719458c20"> </a><p class="res-header-id"><b>Generated Narrative: Patient 4097d9cd-89f8-4f52-a1d3-21b719458c20</b></p><a name="4097d9cd-89f8-4f52-a1d3-21b719458c20"> </a><a name="hc4097d9cd-89f8-4f52-a1d3-21b719458c20"> </a><a name="4097d9cd-89f8-4f52-a1d3-21b719458c20-en-US"> </a><p style="border: 1px #661aff solid; background-color: #e6e6ff; padding: 10px;">Joanne Smith  Female, DoB Unknown</p><hr/></div>
        </text>
        <name>
          <family value="Smith"/>
          <given value="Joanne"/>
        </name>
        <gender value="female"/>
      </Patient>
    </resource>
  </entry>
</Bundle>