<?xml version="1.0" encoding="UTF-8"?>

<Bundle xmlns="http://hl7.org/fhir">
  <id value="FannyFamiglietti"/>
  <type value="collection"/>
  <entry>
    <resource>
      <Patient>
        <id value="FannyFamiglietti"/>
        <text>
          <status value="generated"/><div xmlns="http://www.w3.org/1999/xhtml"><a name="Patient_FannyFamiglietti"> </a><p class="res-header-id"><b>Generated Narrative: Patient FannyFamiglietti</b></p><a name="FannyFamiglietti"> </a><a name="hcFannyFamiglietti"> </a><a name="FannyFamiglietti-en-US"> </a><p style="border: 1px #661aff solid; background-color: #e6e6ff; padding: 10px;">Fanny Famiglietti  Female, DoB: 1976-02-19 ( Medical Record Number: 323-579-009)</p><hr/><table class="grid"><tr><td style="background-color: #f3f5da" title="Concepts classifying the person into a named category of humans sharing common history, traits, geographical origin or nationality.  The ethnicity codes used to represent these concepts are based upon the [CDC ethnicity and Ethnicity Code Set Version 1.0](http://www.cdc.gov/phin/resources/vocabulary/index.html) which includes over 900 concepts for representing race and ethnicity of which 43 reference ethnicity.  The ethnicity concepts are grouped by and pre-mapped to the 2 OMB ethnicity categories: - Hispanic or Latino - Not Hispanic or Latino.">US Core Ethnicity Extension:</td><td colspan="3"><ul><li>text: Not Hispanic or Latino</li></ul></td></tr><tr><td style="background-color: #f3f5da" title="Concepts classifying the person into a named category of humans sharing common history, traits, geographical origin or nationality.  The race codes used to represent these concepts are based upon the [CDC Race and Ethnicity Code Set Version 1.0](http://www.cdc.gov/phin/resources/vocabulary/index.html) which includes over 900 concepts for representing race and ethnicity of which 921 reference race.  The race concepts are grouped by and pre-mapped to the 5 OMB race categories:

 - American Indian or Alaska Native
 - Asian
 - Black or African American
 - Native Hawaiian or Other Pacific Islander
 - White.">US Core Race Extension:</td><td colspan="3"><ul><li>text: Black or African American</li></ul></td></tr></table></div>
        </text>
        <extension url="http://hl7.org/fhir/us/core/StructureDefinition/us-core-race">
          <extension url="text">
            <valueString value="Black or African American"/>
          </extension>
        </extension>
        <extension url="http://hl7.org/fhir/us/core/StructureDefinition/us-core-ethnicity">
          <extension url="text">
            <valueString value="Not Hispanic or Latino"/>
          </extension>
        </extension>
        <identifier>
          <type>
            <coding>
              <code value="MR"/>
              <display value="Medical Record Number"/>
            </coding>
          </type>
          <value value="323-579-009"/>
        </identifier>
        <name>
          <family value="Famiglietti"/>
          <given value="Fanny"/>
        </name>
        <gender value="female"/>
        <birthDate value="1976-02-19"/>
      </Patient>
    </resource>
  </entry>
  <entry>
    <resource>
      <FamilyMemberHistory>
        <id value="9ce06aa8-619b-4c00-b776-fcf4d7fd8055"/>
        <text>
          <status value="generated"/><div xmlns="http://www.w3.org/1999/xhtml"><a name="FamilyMemberHistory_9ce06aa8-619b-4c00-b776-fcf4d7fd8055"> </a><p class="res-header-id"><b>Generated Narrative: FamilyMemberHistory 9ce06aa8-619b-4c00-b776-fcf4d7fd8055</b></p><a name="9ce06aa8-619b-4c00-b776-fcf4d7fd8055"> </a><a name="hc9ce06aa8-619b-4c00-b776-fcf4d7fd8055"> </a><a name="9ce06aa8-619b-4c00-b776-fcf4d7fd8055-en-US"> </a><p><b>status</b>: Completed</p><p><b>patient</b>: <a href="Bundle-FannyFamiglietti.html#Patient_FannyFamiglietti">Bundle: type = collection</a></p><p><b>name</b>: Unknown</p><p><b>relationship</b>: <span title="Codes:{http://terminology.hl7.org/CodeSystem/v3-RoleCode MTH}">Mother</span></p><h3>Conditions</h3><table class="grid"><tr><td style="display: none">-</td><td><b>Code</b></td></tr><tr><td style="display: none">*</td><td><span title="Codes:{http://snomed.info/sct 363406005}">Malignant neoplasm of colon (disorder)</span></td></tr></table></div>
        </text>
        <status value="completed"/>
        <patient>
          <reference value="Patient/FannyFamiglietti"/>
        </patient>
        <name value="Unknown"/>
        <relationship>
          <coding>
            <system value="http://terminology.hl7.org/CodeSystem/v3-RoleCode"/>
            <code value="MTH"/>
            <display value="Mother"/>
          </coding>
        </relationship>
        <condition>
          <code>
            <coding>
              <system value="http://snomed.info/sct"/>
              <code value="363406005"/>
              <display value="Malignant neoplasm of colon (disorder)"/>
            </coding>
          </code>
        </condition>
      </FamilyMemberHistory>
    </resource>
  </entry>
</Bundle>