<?xml version="1.0" encoding="UTF-8"?>

<Bundle xmlns="http://hl7.org/fhir">
  <id value="FollowUp_eve-lastTestColonoscopy_no_eve-lastTestStool_no_eve-lastTestFlexSig_no_eve-lastTestCTC_no_end-1"/>
  <type value="collection"/>
  <entry>
    <fullUrl value="http://cancerscreeningcds.github.io/crcsm-cds/CarePlan/140"/>
    <resource>
      <CarePlan>
        <id value="140"/>
        <text>
          <status value="generated"/><div xmlns="http://www.w3.org/1999/xhtml"><a name="CarePlan_140"> </a><p class="res-header-id"><b>Generated Narrative: CarePlan 140</b></p><a name="140"> </a><a name="hc140"> </a><a name="140-en-US"> </a><p><b>instantiatesCanonical</b>: <a href="PlanDefinition-flow-FollowUp.html">Follow Up</a></p><p><b>status</b>: Draft</p><p><b>intent</b>: Proposal</p><p><b>subject</b>: <a href="Bundle-eve-lastTestColonoscopy_no_eve-lastTestStool_no_eve-lastTestFlexSig_no_eve-lastTestCTC_no_end-1.html#Patient_148661a5-9059-4dd4-b136-8f9bfa7205f9">Joanne Smith</a></p><p><b>created</b>: 2024-12-10 00:00:00+0000</p><h3>Activities</h3><table class="grid"><tr><td style="display: none">-</td><td><b>Reference</b></td></tr><tr><td style="display: none">*</td><td><a href="Bundle-DecisionToScreen_StellaParker.html#RequestGroup_141">Bundle: type = collection</a></td></tr></table></div>
        </text>
        <instantiatesCanonical value="http://cancerscreeningcds.github.io/crcsm-cds/PlanDefinition/flow-FollowUp"/>
        <status value="draft"/>
        <intent value="proposal"/>
        <subject>
          <reference value="Patient/148661a5-9059-4dd4-b136-8f9bfa7205f9"/>
          <display value="Joanne Smith"/>
        </subject>
        <created value="2024-12-10T00:00:00.0Z"/>
        <activity>
          <reference>
            <reference value="RequestGroup/141"/>
          </reference>
        </activity>
      </CarePlan>
    </resource>
  </entry>
  <entry>
    <fullUrl value="http://cancerscreeningcds.github.io/crcsm-cds/RequestGroup/141"/>
    <resource>
      <RequestGroup>
        <id value="141"/>
        <text>
          <status value="generated"/><div xmlns="http://www.w3.org/1999/xhtml"><a name="RequestGroup_141"> </a><p class="res-header-id"><b>Generated Narrative: RequestGroup 141</b></p><a name="141"> </a><a name="hc141"> </a><a name="141-en-US"> </a><p><b>instantiatesCanonical</b>: <a href="PlanDefinition-flow-FollowUp.html">Follow Up</a></p><p><b>status</b>: Draft</p><p><b>intent</b>: Proposal</p><p><b>subject</b>: <a href="Bundle-eve-lastTestColonoscopy_no_eve-lastTestStool_no_eve-lastTestFlexSig_no_eve-lastTestCTC_no_end-1.html#Patient_148661a5-9059-4dd4-b136-8f9bfa7205f9">Joanne Smith</a></p></div>
        </text>
        <instantiatesCanonical value="http://cancerscreeningcds.github.io/crcsm-cds/PlanDefinition/flow-FollowUp"/>
        <status value="draft"/>
        <intent value="proposal"/>
        <subject>
          <reference value="Patient/148661a5-9059-4dd4-b136-8f9bfa7205f9"/>
          <display value="Joanne Smith"/>
        </subject>
      </RequestGroup>
    </resource>
  </entry>
</Bundle>