<?xml version="1.0" encoding="UTF-8"?>

<Bundle xmlns="http://hl7.org/fhir">
  <id value="eve-pendingCTC_act-testpending"/>
  <type value="collection"/>
  <entry>
    <resource>
      <Patient>
        <id value="dd8daeb0-a7e4-4eba-b344-1f6b3ee566d1"/>
        <text>
          <status value="generated"/><div xmlns="http://www.w3.org/1999/xhtml"><a name="Patient_dd8daeb0-a7e4-4eba-b344-1f6b3ee566d1"> </a><p class="res-header-id"><b>Generated Narrative: Patient dd8daeb0-a7e4-4eba-b344-1f6b3ee566d1</b></p><a name="dd8daeb0-a7e4-4eba-b344-1f6b3ee566d1"> </a><a name="hcdd8daeb0-a7e4-4eba-b344-1f6b3ee566d1"> </a><a name="dd8daeb0-a7e4-4eba-b344-1f6b3ee566d1-en-US"> </a><p style="border: 1px #661aff solid; background-color: #e6e6ff; padding: 10px;">Joanne Smith  Other, DoB: 1971-01-01</p><hr/><table class="grid"><tr><td style="background-color: #f3f5da" title="A code classifying the person's sex assigned at birth  as specified by the [Office of the National Coordinator for Health IT (ONC)](https://www.healthit.gov/newsroom/about-onc). This extension aligns with the C-CDA Birth Sex Observation (LOINC 76689-9)."><a href="http://hl7.org/fhir/us/core/STU3.1/StructureDefinition-us-core-birthsex.html">US Core Birth Sex Extension</a></td><td colspan="3">F</td></tr></table></div>
        </text>
        <extension url="http://hl7.org/fhir/us/core/StructureDefinition/us-core-birthsex">
          <valueCode value="F"/>
        </extension>
        <name>
          <family value="Smith"/>
          <given value="Joanne"/>
        </name>
        <gender value="other"/>
        <birthDate value="1971-01-01"/>
      </Patient>
    </resource>
  </entry>
  <entry>
    <resource>
      <ServiceRequest>
        <id value="217c5059-db08-4a11-8064-35e7d681d9c4"/>
        <text>
          <status value="generated"/><div xmlns="http://www.w3.org/1999/xhtml"><a name="ServiceRequest_217c5059-db08-4a11-8064-35e7d681d9c4"> </a><p class="res-header-id"><b>Generated Narrative: ServiceRequest 217c5059-db08-4a11-8064-35e7d681d9c4</b></p><a name="217c5059-db08-4a11-8064-35e7d681d9c4"> </a><a name="hc217c5059-db08-4a11-8064-35e7d681d9c4"> </a><a name="217c5059-db08-4a11-8064-35e7d681d9c4-en-US"> </a><p><b>status</b>: Active</p><p><b>intent</b>: Order</p><p><b>doNotPerform</b>: false</p><p><b>code</b>: <span title="Codes:{http://loinc.org 60515-4}">CT Colon and Rectum W air contrast PR</span></p></div>
        </text>
        <status value="active"/>
        <intent value="order"/>
        <doNotPerform value="false"/>
        <code>
          <coding>
            <system value="http://loinc.org"/>
            <code value="60515-4"/>
            <display value="CT Colon and Rectum W air contrast PR"/>
          </coding>
        </code>
      </ServiceRequest>
    </resource>
  </entry>
</Bundle>