<?xml version="1.0" encoding="UTF-8"?>

<Bundle xmlns="http://hl7.org/fhir">
  <id value="OllieOncken"/>
  <type value="collection"/>
  <entry>
    <resource>
      <Patient>
        <id value="OllieOncken"/>
        <text>
          <status value="generated"/><div xmlns="http://www.w3.org/1999/xhtml"><a name="Patient_OllieOncken"> </a><p class="res-header-id"><b>Generated Narrative: Patient OllieOncken</b></p><a name="OllieOncken"> </a><a name="hcOllieOncken"> </a><a name="OllieOncken-en-US"> </a><p style="border: 1px #661aff solid; background-color: #e6e6ff; padding: 10px;">Ollie Oncken  Male, DoB: 1978-06-19 ( Medical Record Number: 294-129-859)</p><hr/><table class="grid"><tr><td style="background-color: #f3f5da" title="Concepts classifying the person into a named category of humans sharing common history, traits, geographical origin or nationality.  The ethnicity codes used to represent these concepts are based upon the [CDC ethnicity and Ethnicity Code Set Version 1.0](http://www.cdc.gov/phin/resources/vocabulary/index.html) which includes over 900 concepts for representing race and ethnicity of which 43 reference ethnicity.  The ethnicity concepts are grouped by and pre-mapped to the 2 OMB ethnicity categories: - Hispanic or Latino - Not Hispanic or Latino.">US Core Ethnicity Extension:</td><td colspan="3"><ul><li>text: Not Hispanic or Latino</li></ul></td></tr><tr><td style="background-color: #f3f5da" title="Concepts classifying the person into a named category of humans sharing common history, traits, geographical origin or nationality.  The race codes used to represent these concepts are based upon the [CDC Race and Ethnicity Code Set Version 1.0](http://www.cdc.gov/phin/resources/vocabulary/index.html) which includes over 900 concepts for representing race and ethnicity of which 921 reference race.  The race concepts are grouped by and pre-mapped to the 5 OMB race categories:

 - American Indian or Alaska Native
 - Asian
 - Black or African American
 - Native Hawaiian or Other Pacific Islander
 - White.">US Core Race Extension:</td><td colspan="3"><ul><li>text: White</li></ul></td></tr></table></div>
        </text>
        <extension url="http://hl7.org/fhir/us/core/StructureDefinition/us-core-race">
          <extension url="text">
            <valueString value="White"/>
          </extension>
        </extension>
        <extension url="http://hl7.org/fhir/us/core/StructureDefinition/us-core-ethnicity">
          <extension url="text">
            <valueString value="Not Hispanic or Latino"/>
          </extension>
        </extension>
        <identifier>
          <type>
            <coding>
              <code value="MR"/>
              <display value="Medical Record Number"/>
            </coding>
          </type>
          <value value="294-129-859"/>
        </identifier>
        <name>
          <family value="Oncken"/>
          <given value="Ollie"/>
        </name>
        <gender value="male"/>
        <birthDate value="1978-06-19"/>
      </Patient>
    </resource>
  </entry>
  <entry>
    <resource>
      <DiagnosticReport>
        <id value="fit-report-neg-1"/>
        <text>
          <status value="generated"/><div xmlns="http://www.w3.org/1999/xhtml"><a name="DiagnosticReport_fit-report-neg-1"> </a><p class="res-header-id"><b>Generated Narrative: DiagnosticReport fit-report-neg-1</b></p><a name="fit-report-neg-1"> </a><a name="hcfit-report-neg-1"> </a><a name="fit-report-neg-1-en-US"> </a><h2><span title="Codes:{http://loinc.org 29771-3}">Hemoglobin.gastrointestinal.lower [Presence] in Stool by Immunoassay</span> </h2><table class="grid"><tr><td>Subject</td><td>Not done yet</td></tr><tr><td>When For</td><td>2023-09-20 00:00:00+0000</td></tr></table><p><b>Report Details</b></p><p><b>Coded Conclusions:</b></p><ul><li><span title="Codes:{http://snomed.info/sct 260385009}">Negative (qualifier value)</span></li></ul></div>
        </text>
        <status value="final"/>
        <code>
          <coding>
            <system value="http://loinc.org"/>
            <code value="29771-3"/>
            <display value="Hemoglobin.gastrointestinal.lower [Presence] in Stool by Immunoassay"/>
          </coding>
        </code>
        <subject>
          <reference value="Patient/OllieOncken"/>
        </subject>
        <effectiveDateTime value="2023-09-20T00:00:00.000Z"/>
        <conclusionCode>
          <coding>
            <system value="http://snomed.info/sct"/>
            <code value="260385009"/>
            <display value="Negative (qualifier value)"/>
          </coding>
        </conclusionCode>
      </DiagnosticReport>
    </resource>
  </entry>
  <entry>
    <resource>
      <DiagnosticReport>
        <id value="sdnafit-report-pos-1"/>
        <text>
          <status value="generated"/><div xmlns="http://www.w3.org/1999/xhtml"><a name="DiagnosticReport_sdnafit-report-pos-1"> </a><p class="res-header-id"><b>Generated Narrative: DiagnosticReport sdnafit-report-pos-1</b></p><a name="sdnafit-report-pos-1"> </a><a name="hcsdnafit-report-pos-1"> </a><a name="sdnafit-report-pos-1-en-US"> </a><h2><span title="Codes:{http://loinc.org 77353-1}">Noninvasive colorectal cancer DNA and occult blood screening [Interpretation] in Stool Narrative</span> </h2><table class="grid"><tr><td>Subject</td><td>Not done yet</td></tr><tr><td>When For</td><td>2024-11-15 00:00:00+0000</td></tr></table><p><b>Report Details</b></p><p><b>Coded Conclusions:</b></p><ul><li><span title="Codes:{http://snomed.info/sct 10828004}">Positive (qualifier value)</span></li></ul></div>
        </text>
        <status value="final"/>
        <code>
          <coding>
            <system value="http://loinc.org"/>
            <code value="77353-1"/>
            <display value="Noninvasive colorectal cancer DNA and occult blood screening [Interpretation] in Stool Narrative"/>
          </coding>
        </code>
        <subject>
          <reference value="Patient/OllieOncken"/>
        </subject>
        <effectiveDateTime value="2024-11-15T00:00:00.000Z"/>
        <conclusionCode>
          <coding>
            <system value="http://snomed.info/sct"/>
            <code value="10828004"/>
            <display value="Positive (qualifier value)"/>
          </coding>
        </conclusionCode>
      </DiagnosticReport>
    </resource>
  </entry>
  <entry>
    <resource>
      <DiagnosticReport>
        <id value="colonoscopy-report-malignant"/>
        <text>
          <status value="generated"/><div xmlns="http://www.w3.org/1999/xhtml"><a name="DiagnosticReport_colonoscopy-report-malignant"> </a><p class="res-header-id"><b>Generated Narrative: DiagnosticReport colonoscopy-report-malignant</b></p><a name="colonoscopy-report-malignant"> </a><a name="hccolonoscopy-report-malignant"> </a><a name="colonoscopy-report-malignant-en-US"> </a><h2><span title="Codes:{http://loinc.org 18746-8}">Colonoscopy study</span> </h2><table class="grid"><tr><td>Subject</td><td>Not done yet</td></tr><tr><td>When For</td><td>2024-12-02</td></tr></table><p><b>Report Details</b></p><p><b>Coded Conclusions:</b></p><ul><li><span title="Codes:{http://snomed.info/sct 1259398000}">Primary carcinoma of cecum (disorder)</span></li></ul></div>
        </text>
        <status value="final"/>
        <code>
          <coding>
            <system value="http://loinc.org"/>
            <code value="18746-8"/>
            <display value="Colonoscopy study"/>
          </coding>
        </code>
        <subject>
          <reference value="Patient/OllieOncken"/>
        </subject>
        <effectiveDateTime value="2024-12-02"/>
        <conclusionCode>
          <coding>
            <system value="http://snomed.info/sct"/>
            <code value="1259398000"/>
            <display value="Primary carcinoma of cecum (disorder)"/>
          </coding>
        </conclusionCode>
      </DiagnosticReport>
    </resource>
  </entry>
</Bundle>