<?xml version="1.0" encoding="UTF-8"?>

<Bundle xmlns="http://hl7.org/fhir">
  <id value="IsScreeningEligible_false_Symptomatic"/>
  <type value="collection"/>
  <entry>
    <resource>
      <Patient>
        <id value="0c3722bf-fca7-4c87-b841-aa26c1d655e7"/>
        <text>
          <status value="generated"/><div xmlns="http://www.w3.org/1999/xhtml"><a name="Patient_0c3722bf-fca7-4c87-b841-aa26c1d655e7"> </a><p class="res-header-id"><b>Generated Narrative: Patient 0c3722bf-fca7-4c87-b841-aa26c1d655e7</b></p><a name="0c3722bf-fca7-4c87-b841-aa26c1d655e7"> </a><a name="hc0c3722bf-fca7-4c87-b841-aa26c1d655e7"> </a><a name="0c3722bf-fca7-4c87-b841-aa26c1d655e7-en-US"> </a><p style="border: 1px #661aff solid; background-color: #e6e6ff; padding: 10px;">Joanne Smith  Other, DoB: 1971-01-01</p><hr/><table class="grid"><tr><td style="background-color: #f3f5da" title="A code classifying the person's sex assigned at birth  as specified by the [Office of the National Coordinator for Health IT (ONC)](https://www.healthit.gov/newsroom/about-onc). This extension aligns with the C-CDA Birth Sex Observation (LOINC 76689-9)."><a href="http://hl7.org/fhir/us/core/STU3.1/StructureDefinition-us-core-birthsex.html">US Core Birth Sex Extension</a></td><td colspan="3">F</td></tr></table></div>
        </text>
        <extension url="http://hl7.org/fhir/us/core/StructureDefinition/us-core-birthsex">
          <valueCode value="F"/>
        </extension>
        <name>
          <family value="Smith"/>
          <given value="Joanne"/>
        </name>
        <gender value="other"/>
        <birthDate value="1971-01-01"/>
      </Patient>
    </resource>
  </entry>
  <entry>
    <resource>
      <Observation>
        <id value="a0b2fafa-f6c5-4ba9-862d-1be122222f73"/>
        <text>
          <status value="generated"/><div xmlns="http://www.w3.org/1999/xhtml"><a name="Observation_a0b2fafa-f6c5-4ba9-862d-1be122222f73"> </a><p class="res-header-id"><b>Generated Narrative: Observation a0b2fafa-f6c5-4ba9-862d-1be122222f73</b></p><a name="a0b2fafa-f6c5-4ba9-862d-1be122222f73"> </a><a name="hca0b2fafa-f6c5-4ba9-862d-1be122222f73"> </a><a name="a0b2fafa-f6c5-4ba9-862d-1be122222f73-en-US"> </a><p><b>status</b>: Final</p><p><b>code</b>: <span title="Codes:{http://cancerscreeningcds.github.io/crcsm-cds/CodeSystem/screening-observation-code-system ColorectalSymptoms}">New or worsening colorectal symptoms</span></p><p><b>subject</b>: <a href="Bundle-IsScreeningEligible_false_Symptomatic.html#Patient_0c3722bf-fca7-4c87-b841-aa26c1d655e7">Bundle: type = collection</a></p><p><b>effective</b>: 2024-12-10 00:00:00+0000</p><p><b>value</b>: true</p></div>
        </text>
        <status value="final"/>
        <code>
          <coding>
            <system value="http://cancerscreeningcds.github.io/crcsm-cds/CodeSystem/screening-observation-code-system"/>
            <code value="ColorectalSymptoms"/>
            <display value="New or worsening colorectal symptoms"/>
          </coding>
        </code>
        <subject>
          <reference value="Patient/0c3722bf-fca7-4c87-b841-aa26c1d655e7"/>
        </subject>
        <effectiveDateTime value="2024-12-10T00:00:00.0Z"/>
        <valueBoolean value="true"/>
      </Observation>
    </resource>
  </entry>
</Bundle>