<?xml version="1.0" encoding="UTF-8"?>

<Bundle xmlns="http://hl7.org/fhir">
  <id value="eve-lastTestColonoscopy_no_eve-lastTestStool_no_eve-lastTestFlexSig_no_eve-lastTestCTC_yes_eve-inconclusiveCTColonography_no_eve-abnormalCTColonography_yes_act-FollowUpColonoscopy"/>
  <type value="collection"/>
  <entry>
    <resource>
      <Patient>
        <id value="815436b1-c975-4eb7-86d6-256a8141068d"/>
        <text>
          <status value="generated"/><div xmlns="http://www.w3.org/1999/xhtml"><a name="Patient_815436b1-c975-4eb7-86d6-256a8141068d"> </a><p class="res-header-id"><b>Generated Narrative: Patient 815436b1-c975-4eb7-86d6-256a8141068d</b></p><a name="815436b1-c975-4eb7-86d6-256a8141068d"> </a><a name="hc815436b1-c975-4eb7-86d6-256a8141068d"> </a><a name="815436b1-c975-4eb7-86d6-256a8141068d-en-US"> </a><p style="border: 1px #661aff solid; background-color: #e6e6ff; padding: 10px;">Joanne Smith  Other, DoB: 1971-01-01</p><hr/><table class="grid"><tr><td style="background-color: #f3f5da" title="A code classifying the person's sex assigned at birth  as specified by the [Office of the National Coordinator for Health IT (ONC)](https://www.healthit.gov/newsroom/about-onc). This extension aligns with the C-CDA Birth Sex Observation (LOINC 76689-9)."><a href="http://hl7.org/fhir/us/core/STU3.1/StructureDefinition-us-core-birthsex.html">US Core Birth Sex Extension</a></td><td colspan="3">F</td></tr></table></div>
        </text>
        <extension url="http://hl7.org/fhir/us/core/StructureDefinition/us-core-birthsex">
          <valueCode value="F"/>
        </extension>
        <name>
          <family value="Smith"/>
          <given value="Joanne"/>
        </name>
        <gender value="other"/>
        <birthDate value="1971-01-01"/>
      </Patient>
    </resource>
  </entry>
  <entry>
    <resource>
      <DiagnosticReport>
        <id value="colonography-report-c2a"/>
        <text>
          <status value="generated"/><div xmlns="http://www.w3.org/1999/xhtml"><a name="DiagnosticReport_colonography-report-c2a"> </a><p class="res-header-id"><b>Generated Narrative: DiagnosticReport colonography-report-c2a</b></p><a name="colonography-report-c2a"> </a><a name="hccolonography-report-c2a"> </a><a name="colonography-report-c2a-en-US"> </a><h2><span title="Codes:{http://loinc.org 60515-4}">CT Colon and Rectum W air contrast PR</span> </h2><table class="grid"><tr><td>Subject</td><td>Not done yet</td></tr><tr><td>When For</td><td>2024-10-01 14:30:00+0000</td></tr></table><p><b>Report Details</b></p><p><b>Coded Conclusions:</b></p><ul><li><span title="Codes:{http://cancerscreeningcds.github.io/crcsm-cds/CodeSystem/c-rads-2023-code-system C2a}">C-RADS Category 2a - Intermediate polyp or indeterminate finding</span></li></ul></div>
        </text>
        <status value="final"/>
        <code>
          <coding>
            <system value="http://loinc.org"/>
            <code value="60515-4"/>
            <display value="CT Colon and Rectum W air contrast PR"/>
          </coding>
        </code>
        <subject>
          <reference value="Patient/815436b1-c975-4eb7-86d6-256a8141068d"/>
        </subject>
        <effectiveDateTime value="2024-10-01T14:30:00.000Z"/>
        <conclusionCode>
          <coding>
            <system value="http://cancerscreeningcds.github.io/crcsm-cds/CodeSystem/c-rads-2023-code-system"/>
            <code value="C2a"/>
            <display value="C-RADS Category 2a - Intermediate polyp or indeterminate finding"/>
          </coding>
        </conclusionCode>
      </DiagnosticReport>
    </resource>
  </entry>
</Bundle>