<?xml version="1.0" encoding="UTF-8"?>

<Bundle xmlns="http://hl7.org/fhir">
  <id value="eve-pendingColonoscopy_act-testpending"/>
  <type value="collection"/>
  <entry>
    <resource>
      <Patient>
        <id value="e1bd2e8c-c3c4-4b09-b265-2e6847a6cb54"/>
        <text>
          <status value="generated"/><div xmlns="http://www.w3.org/1999/xhtml"><a name="Patient_e1bd2e8c-c3c4-4b09-b265-2e6847a6cb54"> </a><p class="res-header-id"><b>Generated Narrative: Patient e1bd2e8c-c3c4-4b09-b265-2e6847a6cb54</b></p><a name="e1bd2e8c-c3c4-4b09-b265-2e6847a6cb54"> </a><a name="hce1bd2e8c-c3c4-4b09-b265-2e6847a6cb54"> </a><a name="e1bd2e8c-c3c4-4b09-b265-2e6847a6cb54-en-US"> </a><p style="border: 1px #661aff solid; background-color: #e6e6ff; padding: 10px;">Joanne Smith  Other, DoB: 1971-01-01</p><hr/><table class="grid"><tr><td style="background-color: #f3f5da" title="A code classifying the person's sex assigned at birth  as specified by the [Office of the National Coordinator for Health IT (ONC)](https://www.healthit.gov/newsroom/about-onc). This extension aligns with the C-CDA Birth Sex Observation (LOINC 76689-9)."><a href="http://hl7.org/fhir/us/core/STU3.1/StructureDefinition-us-core-birthsex.html">US Core Birth Sex Extension</a></td><td colspan="3">F</td></tr></table></div>
        </text>
        <extension url="http://hl7.org/fhir/us/core/StructureDefinition/us-core-birthsex">
          <valueCode value="F"/>
        </extension>
        <name>
          <family value="Smith"/>
          <given value="Joanne"/>
        </name>
        <gender value="other"/>
        <birthDate value="1971-01-01"/>
      </Patient>
    </resource>
  </entry>
  <entry>
    <resource>
      <ServiceRequest>
        <id value="7ad2c8de-4b6d-4892-9b77-71dca76ca1e3"/>
        <text>
          <status value="generated"/><div xmlns="http://www.w3.org/1999/xhtml"><a name="ServiceRequest_7ad2c8de-4b6d-4892-9b77-71dca76ca1e3"> </a><p class="res-header-id"><b>Generated Narrative: ServiceRequest 7ad2c8de-4b6d-4892-9b77-71dca76ca1e3</b></p><a name="7ad2c8de-4b6d-4892-9b77-71dca76ca1e3"> </a><a name="hc7ad2c8de-4b6d-4892-9b77-71dca76ca1e3"> </a><a name="7ad2c8de-4b6d-4892-9b77-71dca76ca1e3-en-US"> </a><p><b>status</b>: Completed</p><p><b>intent</b>: Order</p><p><b>doNotPerform</b>: false</p><p><b>code</b>: <span title="Codes:{http://loinc.org 18746-8}">Colonoscopy study</span></p></div>
        </text>
        <status value="completed"/>
        <intent value="order"/>
        <doNotPerform value="false"/>
        <code>
          <coding>
            <system value="http://loinc.org"/>
            <code value="18746-8"/>
            <display value="Colonoscopy study"/>
          </coding>
        </code>
      </ServiceRequest>
    </resource>
  </entry>
</Bundle>