<?xml version="1.0" encoding="UTF-8"?>

<Bundle xmlns="http://hl7.org/fhir">
  <id value="FollowUp_eve-lastTestColonoscopy_no_eve-lastTestStool_no_eve-lastTestFlexSig_yes_eve-abnormalFlexSig_no_end-1"/>
  <type value="collection"/>
  <entry>
    <fullUrl value="http://cancerscreeningcds.github.io/crcsm-cds/CarePlan/150"/>
    <resource>
      <CarePlan>
        <id value="150"/>
        <text>
          <status value="generated"/><div xmlns="http://www.w3.org/1999/xhtml"><a name="CarePlan_150"> </a><p class="res-header-id"><b>Generated Narrative: CarePlan 150</b></p><a name="150"> </a><a name="hc150"> </a><a name="150-en-US"> </a><p><b>instantiatesCanonical</b>: <a href="PlanDefinition-flow-FollowUp.html">Follow Up</a></p><p><b>status</b>: Draft</p><p><b>intent</b>: Proposal</p><p><b>subject</b>: <a href="Bundle-eve-lastTestColonoscopy_no_eve-lastTestStool_no_eve-lastTestFlexSig_yes_eve-abnormalFlexSig_no_end-1.html#Patient_ddbce39c-90f3-4e82-8a04-80bb7528781c">Joanne Smith</a></p><p><b>created</b>: 2024-12-10 00:00:00+0000</p><h3>Activities</h3><table class="grid"><tr><td style="display: none">-</td><td><b>Reference</b></td></tr><tr><td style="display: none">*</td><td><a href="Bundle-DecisionToScreen_eve-Age86AndOlder_no_eve-AgeOver76_no_eve-LifeExp10_yes_act-sdmcontinuelifexp__eve-riskFactors_yes_act-incRiskEligible.html#RequestGroup_151">Bundle: type = collection</a></td></tr></table></div>
        </text>
        <instantiatesCanonical value="http://cancerscreeningcds.github.io/crcsm-cds/PlanDefinition/flow-FollowUp"/>
        <status value="draft"/>
        <intent value="proposal"/>
        <subject>
          <reference value="Patient/ddbce39c-90f3-4e82-8a04-80bb7528781c"/>
          <display value="Joanne Smith"/>
        </subject>
        <created value="2024-12-10T00:00:00.0Z"/>
        <activity>
          <reference>
            <reference value="RequestGroup/151"/>
          </reference>
        </activity>
      </CarePlan>
    </resource>
  </entry>
  <entry>
    <fullUrl value="http://cancerscreeningcds.github.io/crcsm-cds/RequestGroup/151"/>
    <resource>
      <RequestGroup>
        <id value="151"/>
        <text>
          <status value="generated"/><div xmlns="http://www.w3.org/1999/xhtml"><a name="RequestGroup_151"> </a><p class="res-header-id"><b>Generated Narrative: RequestGroup 151</b></p><a name="151"> </a><a name="hc151"> </a><a name="151-en-US"> </a><p><b>instantiatesCanonical</b>: <a href="PlanDefinition-flow-FollowUp.html">Follow Up</a></p><p><b>status</b>: Draft</p><p><b>intent</b>: Proposal</p><p><b>subject</b>: <a href="Bundle-eve-lastTestColonoscopy_no_eve-lastTestStool_no_eve-lastTestFlexSig_yes_eve-abnormalFlexSig_no_end-1.html#Patient_ddbce39c-90f3-4e82-8a04-80bb7528781c">Joanne Smith</a></p></div>
        </text>
        <instantiatesCanonical value="http://cancerscreeningcds.github.io/crcsm-cds/PlanDefinition/flow-FollowUp"/>
        <status value="draft"/>
        <intent value="proposal"/>
        <subject>
          <reference value="Patient/ddbce39c-90f3-4e82-8a04-80bb7528781c"/>
          <display value="Joanne Smith"/>
        </subject>
      </RequestGroup>
    </resource>
  </entry>
</Bundle>