<?xml version="1.0" encoding="UTF-8"?>

<Bundle xmlns="http://hl7.org/fhir">
  <id value="FollowUp_eve-lastTestColonoscopy_yes_end-1"/>
  <type value="collection"/>
  <entry>
    <fullUrl value="http://cancerscreeningcds.github.io/crcsm-cds/CarePlan/163"/>
    <resource>
      <CarePlan>
        <id value="163"/>
        <text>
          <status value="generated"/><div xmlns="http://www.w3.org/1999/xhtml"><a name="CarePlan_163"> </a><p class="res-header-id"><b>Generated Narrative: CarePlan 163</b></p><a name="163"> </a><a name="hc163"> </a><a name="163-en-US"> </a><p><b>instantiatesCanonical</b>: <a href="PlanDefinition-flow-FollowUp.html">Follow Up</a></p><p><b>status</b>: Draft</p><p><b>intent</b>: Proposal</p><p><b>subject</b>: <a href="Bundle-eve-lastTestColonoscopy_yes_end-1.html#Patient_506cc1d4-8e65-443b-a912-520ee0e2c593">Joanne Smith</a></p><p><b>created</b>: 2024-12-10 00:00:00+0000</p><h3>Activities</h3><table class="grid"><tr><td style="display: none">-</td><td><b>Reference</b></td></tr><tr><td style="display: none">*</td><td><a href="Bundle-FollowUp_eve-lastTestColonoscopy_yes_end-1.html#RequestGroup_164">Bundle: type = collection</a></td></tr></table></div>
        </text>
        <instantiatesCanonical value="http://cancerscreeningcds.github.io/crcsm-cds/PlanDefinition/flow-FollowUp"/>
        <status value="draft"/>
        <intent value="proposal"/>
        <subject>
          <reference value="Patient/506cc1d4-8e65-443b-a912-520ee0e2c593"/>
          <display value="Joanne Smith"/>
        </subject>
        <created value="2024-12-10T00:00:00.0Z"/>
        <activity>
          <reference>
            <reference value="RequestGroup/164"/>
          </reference>
        </activity>
      </CarePlan>
    </resource>
  </entry>
  <entry>
    <fullUrl value="http://cancerscreeningcds.github.io/crcsm-cds/RequestGroup/164"/>
    <resource>
      <RequestGroup>
        <id value="164"/>
        <text>
          <status value="generated"/><div xmlns="http://www.w3.org/1999/xhtml"><a name="RequestGroup_164"> </a><p class="res-header-id"><b>Generated Narrative: RequestGroup 164</b></p><a name="164"> </a><a name="hc164"> </a><a name="164-en-US"> </a><p><b>instantiatesCanonical</b>: <a href="PlanDefinition-flow-FollowUp.html">Follow Up</a></p><p><b>status</b>: Draft</p><p><b>intent</b>: Proposal</p><p><b>subject</b>: <a href="Bundle-eve-lastTestColonoscopy_yes_end-1.html#Patient_506cc1d4-8e65-443b-a912-520ee0e2c593">Joanne Smith</a></p></div>
        </text>
        <instantiatesCanonical value="http://cancerscreeningcds.github.io/crcsm-cds/PlanDefinition/flow-FollowUp"/>
        <status value="draft"/>
        <intent value="proposal"/>
        <subject>
          <reference value="Patient/506cc1d4-8e65-443b-a912-520ee0e2c593"/>
          <display value="Joanne Smith"/>
        </subject>
      </RequestGroup>
    </resource>
  </entry>
</Bundle>