<?xml version="1.0" encoding="UTF-8"?>

<Bundle xmlns="http://hl7.org/fhir">
  <id value="PrimaryScreeningDecision_IsScreeningEligible_false_ActiveCRC"/>
  <type value="collection"/>
  <entry>
    <fullUrl value="http://cancerscreeningcds.github.io/crcsm-cds/CarePlan/104"/>
    <resource>
      <CarePlan>
        <id value="104"/>
        <text>
          <status value="generated"/><div xmlns="http://www.w3.org/1999/xhtml"><a name="CarePlan_104"> </a><p class="res-header-id"><b>Generated Narrative: CarePlan 104</b></p><a name="104"> </a><a name="hc104"> </a><a name="104-en-US"> </a><p><b>instantiatesCanonical</b>: <a href="PlanDefinition-PrimaryScreeningDecision.html">Primary Screening Decision</a></p><p><b>status</b>: Draft</p><p><b>intent</b>: Proposal</p><p><b>subject</b>: <a href="Bundle-IsScreeningEligible_false_ActiveCRC.html#Patient_997011e8-198a-4301-821f-51c45d69a546">Joanne Smith</a></p><p><b>created</b>: 2024-12-10 00:00:00+0000</p><h3>Activities</h3><table class="grid"><tr><td style="display: none">-</td><td><b>Reference</b></td></tr><tr><td style="display: none">*</td><td><a href="Bundle-PrimaryScreeningDecision_IsScreeningEligible_false_ActiveCRC.html#RequestGroup_105">Bundle: type = collection</a></td></tr></table></div>
        </text>
        <instantiatesCanonical value="http://cancerscreeningcds.github.io/crcsm-cds/PlanDefinition/PrimaryScreeningDecision"/>
        <status value="draft"/>
        <intent value="proposal"/>
        <subject>
          <reference value="Patient/997011e8-198a-4301-821f-51c45d69a546"/>
          <display value="Joanne Smith"/>
        </subject>
        <created value="2024-12-10T00:00:00.0Z"/>
        <activity>
          <reference>
            <reference value="RequestGroup/105"/>
          </reference>
        </activity>
      </CarePlan>
    </resource>
  </entry>
  <entry>
    <fullUrl value="http://cancerscreeningcds.github.io/crcsm-cds/RequestGroup/105"/>
    <resource>
      <RequestGroup>
        <id value="105"/>
        <text>
          <status value="generated"/><div xmlns="http://www.w3.org/1999/xhtml"><a name="RequestGroup_105"> </a><p class="res-header-id"><b>Generated Narrative: RequestGroup 105</b></p><a name="105"> </a><a name="hc105"> </a><a name="105-en-US"> </a><p><b>instantiatesCanonical</b>: <a href="PlanDefinition-PrimaryScreeningDecision.html">Primary Screening Decision</a></p><p><b>status</b>: Draft</p><p><b>intent</b>: Proposal</p><p><b>subject</b>: <a href="Bundle-IsScreeningEligible_false_ActiveCRC.html#Patient_997011e8-198a-4301-821f-51c45d69a546">Joanne Smith</a></p><blockquote><p><b>action</b></p><blockquote><p><b>id</b></p>Not Screening Eligible</blockquote><p><b>title</b>: Not Screening Eligible</p><p><b>description</b>: Patient is not eligible for screening</p><p><b>code</b>: <span title="Codes:{http://cancerscreeningcds.github.io/crcsm-cds/CodeSystem/plan-definition-action-code-system noteligible}">Not eligible for screening</span></p><p><b>resource</b>: <a href="Bundle-PrimaryScreeningDecision_IsScreeningEligible_false_ActiveCRC.html#CommunicationRequest_106">Bundle: type = collection</a></p></blockquote></div>
        </text>
        <instantiatesCanonical value="http://cancerscreeningcds.github.io/crcsm-cds/PlanDefinition/PrimaryScreeningDecision"/>
        <status value="draft"/>
        <intent value="proposal"/>
        <subject>
          <reference value="Patient/997011e8-198a-4301-821f-51c45d69a546"/>
          <display value="Joanne Smith"/>
        </subject>
        <action id="Not Screening Eligible">
          <title value="Not Screening Eligible"/>
          <description value="Patient is not eligible for screening"/>
          <code>
            <coding>
              <system value="http://cancerscreeningcds.github.io/crcsm-cds/CodeSystem/plan-definition-action-code-system"/>
              <code value="noteligible"/>
              <display value="Not eligible for screening"/>
            </coding>
          </code>
          <resource>
            <reference value="CommunicationRequest/106"/>
          </resource>
        </action>
      </RequestGroup>
    </resource>
  </entry>
  <entry>
    <fullUrl value="http://cancerscreeningcds.github.io/crcsm-cds/CommunicationRequest/106"/>
    <resource>
      <CommunicationRequest>
        <id value="106"/>
        <text>
          <status value="generated"/><div xmlns="http://www.w3.org/1999/xhtml"><a name="CommunicationRequest_106"> </a><p class="res-header-id"><b>Generated Narrative: CommunicationRequest 106</b></p><a name="106"> </a><a name="hc106"> </a><a name="106-en-US"> </a><p><b>basedOn</b>: <a href="ActivityDefinition-CommunicateNotEligible.html">Communicate Not Eligible</a></p><p><b>status</b>: option</p><p><b>subject</b>: <a href="Bundle-IsScreeningEligible_false_ActiveCRC.html#Patient_997011e8-198a-4301-821f-51c45d69a546">Joanne Smith</a></p><h3>Payloads</h3><table class="grid"><tr><td style="display: none">-</td><td><b>Content[x]</b></td></tr><tr><td style="display: none">*</td><td>Not eligible for screening</td></tr></table><p><b>reasonCode</b>: <span title="Codes:{http://cancerscreeningcds.github.io/crcsm-cds/CodeSystem/plan-definition-action-reason-code-system currentcolorectalcancer}">Current colorectal cancer</span></p></div>
        </text>
        <basedOn>
          <reference value="http://cancerscreeningcds.github.io/crcsm-cds/ActivityDefinition/CommunicateNotEligible"/>
        </basedOn>
        <status value="option"/>
        <subject>
          <reference value="Patient/997011e8-198a-4301-821f-51c45d69a546"/>
          <display value="Joanne Smith"/>
        </subject>
        <payload>
          <contentString value="Not eligible for screening"/>
        </payload>
        <reasonCode>
          <coding>
            <system value="http://cancerscreeningcds.github.io/crcsm-cds/CodeSystem/plan-definition-action-reason-code-system"/>
            <code value="currentcolorectalcancer"/>
            <display value="Current colorectal cancer"/>
          </coding>
        </reasonCode>
      </CommunicationRequest>
    </resource>
  </entry>
</Bundle>