<?xml version="1.0" encoding="UTF-8"?>

<Bundle xmlns="http://hl7.org/fhir">
  <id value="inc-AgeAtLeast18_yes"/>
  <type value="collection"/>
  <entry>
    <resource>
      <Patient>
        <id value="8f6663b4-4fc2-4d0f-b390-4b2497d4e8b3"/>
        <text>
          <status value="generated"/><div xmlns="http://www.w3.org/1999/xhtml"><a name="Patient_8f6663b4-4fc2-4d0f-b390-4b2497d4e8b3"> </a><p class="res-header-id"><b>Generated Narrative: Patient 8f6663b4-4fc2-4d0f-b390-4b2497d4e8b3</b></p><a name="8f6663b4-4fc2-4d0f-b390-4b2497d4e8b3"> </a><a name="hc8f6663b4-4fc2-4d0f-b390-4b2497d4e8b3"> </a><a name="8f6663b4-4fc2-4d0f-b390-4b2497d4e8b3-en-US"> </a><p style="border: 1px #661aff solid; background-color: #e6e6ff; padding: 10px;">Joanne Smith  Female, DoB: 1980-01-01</p><hr/></div>
        </text>
        <name>
          <family value="Smith"/>
          <given value="Joanne"/>
        </name>
        <gender value="female"/>
        <birthDate value="1980-01-01"/>
      </Patient>
    </resource>
  </entry>
</Bundle>