<?xml version="1.0" encoding="UTF-8"?>

<Bundle xmlns="http://hl7.org/fhir">
  <id value="DecisionToScreen_eve-Age86AndOlder_no_eve-AgeOver76_no_eve-LifeExp10_no_eve-riskFactors_no_act-AvgRiskEligible"/>
  <type value="collection"/>
  <entry>
    <fullUrl value="http://cancerscreeningcds.github.io/crcsm-cds/CarePlan/142"/>
    <resource>
      <CarePlan>
        <id value="142"/>
        <text>
          <status value="generated"/><div xmlns="http://www.w3.org/1999/xhtml"><a name="CarePlan_142"> </a><p class="res-header-id"><b>Generated Narrative: CarePlan 142</b></p><a name="142"> </a><a name="hc142"> </a><a name="142-en-US"> </a><p><b>instantiatesCanonical</b>: <a href="PlanDefinition-flow-DecisionToScreen.html">Decision to Screen</a></p><p><b>status</b>: Draft</p><p><b>intent</b>: Proposal</p><p><b>subject</b>: <a href="Patient/ab305bc8-3604-46da-8da3-5cc18b8d7735">Joanne Smith</a></p><p><b>created</b>: 2024-12-10 00:00:00+0000</p><h3>Activities</h3><table class="grid"><tr><td style="display: none">-</td><td><b>Reference</b></td></tr><tr><td style="display: none">*</td><td><a href="Bundle-DecisionToScreen_eve-Age86AndOlder_no_eve-AgeOver76_no_eve-LifeExp10_no_eve-riskFactors_no_act-AvgRiskEligible.html#RequestGroup_143">Bundle: type = collection</a></td></tr></table></div>
        </text>
        <instantiatesCanonical value="http://cancerscreeningcds.github.io/crcsm-cds/PlanDefinition/flow-DecisionToScreen"/>
        <status value="draft"/>
        <intent value="proposal"/>
        <subject>
          <reference value="Patient/ab305bc8-3604-46da-8da3-5cc18b8d7735"/>
          <display value="Joanne Smith"/>
        </subject>
        <created value="2024-12-10T00:00:00.0Z"/>
        <activity>
          <reference>
            <reference value="RequestGroup/143"/>
          </reference>
        </activity>
      </CarePlan>
    </resource>
  </entry>
  <entry>
    <fullUrl value="http://cancerscreeningcds.github.io/crcsm-cds/RequestGroup/143"/>
    <resource>
      <RequestGroup>
        <id value="143"/>
        <text>
          <status value="generated"/><div xmlns="http://www.w3.org/1999/xhtml"><a name="RequestGroup_143"> </a><p class="res-header-id"><b>Generated Narrative: RequestGroup 143</b></p><a name="143"> </a><a name="hc143"> </a><a name="143-en-US"> </a><p><b>instantiatesCanonical</b>: <a href="PlanDefinition-flow-DecisionToScreen.html">Decision to Screen</a></p><p><b>status</b>: Draft</p><p><b>intent</b>: Proposal</p><p><b>subject</b>: <a href="Patient/ab305bc8-3604-46da-8da3-5cc18b8d7735">Joanne Smith</a></p></div>
        </text>
        <instantiatesCanonical value="http://cancerscreeningcds.github.io/crcsm-cds/PlanDefinition/flow-DecisionToScreen"/>
        <status value="draft"/>
        <intent value="proposal"/>
        <subject>
          <reference value="Patient/ab305bc8-3604-46da-8da3-5cc18b8d7735"/>
          <display value="Joanne Smith"/>
        </subject>
      </RequestGroup>
    </resource>
  </entry>
</Bundle>