<?xml version="1.0" encoding="UTF-8"?>

<Bundle xmlns="http://hl7.org/fhir">
  <id value="FollowUp_FranColette"/>
  <type value="collection"/>
  <entry>
    <fullUrl value="http://cancerscreeningcds.github.io/crcsm-cds/CarePlan/131"/>
    <resource>
      <CarePlan>
        <id value="131"/>
        <text>
          <status value="generated"/><div xmlns="http://www.w3.org/1999/xhtml"><a name="CarePlan_131"> </a><p class="res-header-id"><b>Generated Narrative: CarePlan 131</b></p><a name="131"> </a><a name="hc131"> </a><a name="131-en-US"> </a><p><b>instantiatesCanonical</b>: <a href="PlanDefinition-flow-FollowUp.html">Follow Up</a></p><p><b>status</b>: Draft</p><p><b>intent</b>: Proposal</p><p><b>subject</b>: <a href="Bundle-FranColette.html#Patient_FranColette">Fran Collete</a></p><p><b>created</b>: 2024-12-10 00:00:00+0000</p><h3>Activities</h3><table class="grid"><tr><td style="display: none">-</td><td><b>Reference</b></td></tr><tr><td style="display: none">*</td><td><a href="Bundle-DecisionToScreen_EduardElder.html#RequestGroup_132">Bundle: type = collection</a></td></tr></table></div>
        </text>
        <instantiatesCanonical value="http://cancerscreeningcds.github.io/crcsm-cds/PlanDefinition/flow-FollowUp"/>
        <status value="draft"/>
        <intent value="proposal"/>
        <subject>
          <reference value="Patient/FranColette"/>
          <display value="Fran Collete"/>
        </subject>
        <created value="2024-12-10T00:00:00.0Z"/>
        <activity>
          <reference>
            <reference value="RequestGroup/132"/>
          </reference>
        </activity>
      </CarePlan>
    </resource>
  </entry>
  <entry>
    <fullUrl value="http://cancerscreeningcds.github.io/crcsm-cds/RequestGroup/132"/>
    <resource>
      <RequestGroup>
        <id value="132"/>
        <text>
          <status value="extensions"/><div xmlns="http://www.w3.org/1999/xhtml"><a name="RequestGroup_132"> </a><p class="res-header-id"><b>Generated Narrative: RequestGroup 132</b></p><a name="132"> </a><a name="hc132"> </a><a name="132-en-US"> </a><p><b>instantiatesCanonical</b>: <a href="PlanDefinition-flow-FollowUp.html">Follow Up</a></p><p><b>status</b>: Draft</p><p><b>intent</b>: Proposal</p><p><b>subject</b>: <a href="Bundle-FranColette.html#Patient_FranColette">Fran Collete</a></p><blockquote><p><b>action</b></p><blockquote><p><b>id</b></p>FollowupStoolAbnormalResult</blockquote><p><b>io/crcsm-cds/StructureDefinition/csm-recommendation-flag</b>: <span title="Codes:{http://cancerscreeningcds.github.io/crcsm-cds/CodeSystem/recommendation-flag-code-system due}">Due</span></p><p><b>title</b>: Order follow-up colonoscopy due to abnormal stool result</p><p><b>description</b>: Order follow-up colonoscopy.

Positive stool-based tests or abnormal findings require follow-up with colonoscopy for the screening benefits to be achieved.</p><p><b>code</b>: <span title="Codes:{http://loinc.org 18746-8}">Colonoscopy study</span></p><h3>Documentations</h3><table class="grid"><tr><td style="display: none">-</td><td><b>Type</b></td><td><b>Label</b></td><td><b>Display</b></td><td><b>Citation</b></td><td><b>Url</b></td></tr><tr><td style="display: none">*</td><td>Citation</td><td>USPSTF (2021)</td><td>Screening for Colorectal Cancer: US Preventive Services Task Force Recommendation Statement</td><td><div><p>US Preventive Services Task Force. Screening for Colorectal Cancer: US Preventive Services Task Force Recommendation Statement. JAMA. Published online May 18, 2021.</p>
</div></td><td><a href="https://www.uspreventiveservicestaskforce.org/uspstf/recommendation/colorectal-cancer-screening">https://www.uspreventiveservicestaskforce.org/uspstf/recommendation/colorectal-cancer-screening</a></td></tr></table><p><b>timing</b>: Events: 2024-11-15 00:00:00+0000 </p><p><b>resource</b>: <a href="Bundle-FollowUp_FranColette.html#ServiceRequest_133">Bundle: type = collection</a></p></blockquote></div>
        </text>
        <instantiatesCanonical value="http://cancerscreeningcds.github.io/crcsm-cds/PlanDefinition/flow-FollowUp"/>
        <status value="draft"/>
        <intent value="proposal"/>
        <subject>
          <reference value="Patient/FranColette"/>
          <display value="Fran Collete"/>
        </subject>
        <action id="FollowupStoolAbnormalResult">
          <extension url="http://cancerscreeningcds.github.io/crcsm-cds/StructureDefinition/csm-recommendation-flag">
            <valueCodeableConcept>
              <coding>
                <system value="http://cancerscreeningcds.github.io/crcsm-cds/CodeSystem/recommendation-flag-code-system"/>
                <code value="due"/>
                <display value="Due"/>
              </coding>
            </valueCodeableConcept>
          </extension>
          <title value="Order follow-up colonoscopy due to abnormal stool result"/>
          <description value="Order follow-up colonoscopy.&#xA;&#xA;Positive stool-based tests or abnormal findings require follow-up with colonoscopy for the screening benefits to be achieved."/>
          <code>
            <coding>
              <system value="http://loinc.org"/>
              <code value="18746-8"/>
              <display value="Colonoscopy study"/>
            </coding>
          </code>
          <documentation>
            <type value="citation"/>
            <label value="USPSTF (2021)"/>
            <display value="Screening for Colorectal Cancer: US Preventive Services Task Force Recommendation Statement"/>
            <citation value="US Preventive Services Task Force. Screening for Colorectal Cancer: US Preventive Services Task Force Recommendation Statement. JAMA. Published online May 18, 2021."/>
            <url value="https://www.uspreventiveservicestaskforce.org/uspstf/recommendation/colorectal-cancer-screening"/>
          </documentation>
          <timingTiming>
            <event value="2024-11-15T00:00:00.000+00:00"/>
          </timingTiming>
          <resource>
            <reference value="ServiceRequest/133"/>
          </resource>
        </action>
      </RequestGroup>
    </resource>
  </entry>
  <entry>
    <fullUrl value="http://cancerscreeningcds.github.io/crcsm-cds/ServiceRequest/133"/>
    <resource>
      <ServiceRequest>
        <id value="133"/>
        <text>
          <status value="generated"/><div xmlns="http://www.w3.org/1999/xhtml"><a name="ServiceRequest_133"> </a><p class="res-header-id"><b>Generated Narrative: ServiceRequest 133</b></p><a name="133"> </a><a name="hc133"> </a><a name="133-en-US"> </a><p><b>basedOn</b>: <a href="ActivityDefinition-ColorectalCancerScreeningServiceRequest.html">Colorectal Cancer Screening Service Request</a></p><p><b>status</b>: option</p><p><b>intent</b>: Proposal</p><p><b>code</b>: <span title="Codes:{http://loinc.org 18746-8}">Colonoscopy study</span></p><p><b>subject</b>: <a href="Bundle-FranColette.html#Patient_FranColette">Fran Collete</a></p><p><b>occurrence</b>: 2024-11-15 00:00:00+0000</p><p><b>reasonCode</b>: <span title="Codes:{http://cancerscreeningcds.github.io/crcsm-cds/CodeSystem/plan-definition-action-reason-code-system positiveabnormalscreening}">Positive or abnormal non-colonoscopy screening</span></p></div>
        </text>
        <basedOn>
          <reference value="http://cancerscreeningcds.github.io/crcsm-cds/ActivityDefinition/ColorectalCancerScreeningServiceRequest"/>
        </basedOn>
        <status value="option"/>
        <intent value="proposal"/>
        <code>
          <coding>
            <system value="http://loinc.org"/>
            <code value="18746-8"/>
            <display value="Colonoscopy study"/>
          </coding>
        </code>
        <subject>
          <reference value="Patient/FranColette"/>
          <display value="Fran Collete"/>
        </subject>
        <occurrenceDateTime value="2024-11-15T00:00:00.000+00:00"/>
        <reasonCode>
          <coding>
            <system value="http://cancerscreeningcds.github.io/crcsm-cds/CodeSystem/plan-definition-action-reason-code-system"/>
            <code value="positiveabnormalscreening"/>
            <display value="Positive or abnormal non-colonoscopy screening"/>
          </coding>
        </reasonCode>
      </ServiceRequest>
    </resource>
  </entry>
</Bundle>