<?xml version="1.0" encoding="UTF-8"?>

<Bundle xmlns="http://hl7.org/fhir">
  <id value="FollowUp_eve-lastTestColonoscopy_yes_eve-colonoscopyFindingCRC_no_eve-recommendedInterval_no_eve-colonoscopyFindingPolyps_yes_act-followUpColonoscopist"/>
  <type value="collection"/>
  <entry>
    <fullUrl value="http://cancerscreeningcds.github.io/crcsm-cds/CarePlan/167"/>
    <resource>
      <CarePlan>
        <id value="167"/>
        <text>
          <status value="generated"/><div xmlns="http://www.w3.org/1999/xhtml"><a name="CarePlan_167"> </a><p class="res-header-id"><b>Generated Narrative: CarePlan 167</b></p><a name="167"> </a><a name="hc167"> </a><a name="167-en-US"> </a><p><b>instantiatesCanonical</b>: <a href="PlanDefinition-flow-FollowUp.html">Follow Up</a></p><p><b>status</b>: Draft</p><p><b>intent</b>: Proposal</p><p><b>subject</b>: <a href="Bundle-eve-lastTestColonoscopy_yes_eve-colonoscopyFindingCRC_no_eve-recommendedInterval_no_eve-colonoscopyFindingPolyps_yes_act-followUpColonoscopist.html#Patient_ef8b331f-6837-4ad0-9f3e-939f5dba22e9">Joanne Smith</a></p><p><b>created</b>: 2024-12-10 00:00:00+0000</p><h3>Activities</h3><table class="grid"><tr><td style="display: none">-</td><td><b>Reference</b></td></tr><tr><td style="display: none">*</td><td><a href="Bundle-FollowUp_eve-lastTestColonoscopy_yes_eve-colonoscopyFindingCRC_no_eve-recommendedInterval_no_eve-colonoscopyFindingPolyps_yes_act-followUpColonoscopist.html#RequestGroup_168">Bundle: type = collection</a></td></tr></table></div>
        </text>
        <instantiatesCanonical value="http://cancerscreeningcds.github.io/crcsm-cds/PlanDefinition/flow-FollowUp"/>
        <status value="draft"/>
        <intent value="proposal"/>
        <subject>
          <reference value="Patient/ef8b331f-6837-4ad0-9f3e-939f5dba22e9"/>
          <display value="Joanne Smith"/>
        </subject>
        <created value="2024-12-10T00:00:00.0Z"/>
        <activity>
          <reference>
            <reference value="RequestGroup/168"/>
          </reference>
        </activity>
      </CarePlan>
    </resource>
  </entry>
  <entry>
    <fullUrl value="http://cancerscreeningcds.github.io/crcsm-cds/RequestGroup/168"/>
    <resource>
      <RequestGroup>
        <id value="168"/>
        <text>
          <status value="extensions"/><div xmlns="http://www.w3.org/1999/xhtml"><a name="RequestGroup_168"> </a><p class="res-header-id"><b>Generated Narrative: RequestGroup 168</b></p><a name="168"> </a><a name="hc168"> </a><a name="168-en-US"> </a><p><b>instantiatesCanonical</b>: <a href="PlanDefinition-flow-FollowUp.html">Follow Up</a></p><p><b>status</b>: Draft</p><p><b>intent</b>: Proposal</p><p><b>subject</b>: <a href="Bundle-eve-lastTestColonoscopy_yes_eve-colonoscopyFindingCRC_no_eve-recommendedInterval_no_eve-colonoscopyFindingPolyps_yes_act-followUpColonoscopist.html#Patient_ef8b331f-6837-4ad0-9f3e-939f5dba22e9">Joanne Smith</a></p><blockquote><p><b>action</b></p><blockquote><p><b>id</b></p>FollowupColonoscopyPolypResult</blockquote><p><b>io/crcsm-cds/StructureDefinition/csm-recommendation-flag</b>: <span title="Codes:{http://cancerscreeningcds.github.io/crcsm-cds/CodeSystem/recommendation-flag-code-system due}">Due</span></p><p><b>title</b>: Follow-up with endoscopist for recommendation</p><p><b>description</b>: Follow-up with endoscopist to determine appropriate interval for next screening/surveillance colonoscopy.</p><p><b>code</b>: <span title="Codes:{http://cancerscreeningcds.github.io/crcsm-cds/CodeSystem/plan-definition-action-code-system endoscopistrecs}">Follow-up with endoscopist for recommendations</span></p><p><b>timing</b>: Events: 2024-10-01 00:00:00+0000 </p><p><b>resource</b>: <a href="Bundle-DecisionToScreen_eve-Age86AndOlder_no_eve-AgeOver76_yes_act-SelectivelyOfferScreening__eve-LifeExp10_yes_act-sdmcontinuelifexp__eve-riskFactors_yes_act-incRiskEligible.html#ServiceRequest_169">Bundle: type = collection</a></p></blockquote></div>
        </text>
        <instantiatesCanonical value="http://cancerscreeningcds.github.io/crcsm-cds/PlanDefinition/flow-FollowUp"/>
        <status value="draft"/>
        <intent value="proposal"/>
        <subject>
          <reference value="Patient/ef8b331f-6837-4ad0-9f3e-939f5dba22e9"/>
          <display value="Joanne Smith"/>
        </subject>
        <action id="FollowupColonoscopyPolypResult">
          <extension url="http://cancerscreeningcds.github.io/crcsm-cds/StructureDefinition/csm-recommendation-flag">
            <valueCodeableConcept>
              <coding>
                <system value="http://cancerscreeningcds.github.io/crcsm-cds/CodeSystem/recommendation-flag-code-system"/>
                <code value="due"/>
                <display value="Due"/>
              </coding>
            </valueCodeableConcept>
          </extension>
          <title value="Follow-up with endoscopist for recommendation"/>
          <description value="Follow-up with endoscopist to determine appropriate interval for next screening/surveillance colonoscopy."/>
          <code>
            <coding>
              <system value="http://cancerscreeningcds.github.io/crcsm-cds/CodeSystem/plan-definition-action-code-system"/>
              <code value="endoscopistrecs"/>
              <display value="Follow-up with endoscopist for recommendations"/>
            </coding>
          </code>
          <timingTiming>
            <event value="2024-10-01T00:00:00.000+00:00"/>
          </timingTiming>
          <resource>
            <reference value="ServiceRequest/169"/>
          </resource>
        </action>
      </RequestGroup>
    </resource>
  </entry>
  <entry>
    <fullUrl value="http://cancerscreeningcds.github.io/crcsm-cds/ServiceRequest/169"/>
    <resource>
      <ServiceRequest>
        <id value="169"/>
        <text>
          <status value="generated"/><div xmlns="http://www.w3.org/1999/xhtml"><a name="ServiceRequest_169"> </a><p class="res-header-id"><b>Generated Narrative: ServiceRequest 169</b></p><a name="169"> </a><a name="hc169"> </a><a name="169-en-US"> </a><p><b>basedOn</b>: <a href="ActivityDefinition-ColorectalCancerScreeningServiceRequest.html">Colorectal Cancer Screening Service Request</a></p><p><b>status</b>: option</p><p><b>intent</b>: Proposal</p><p><b>code</b>: <span title="Codes:{http://cancerscreeningcds.github.io/crcsm-cds/CodeSystem/plan-definition-action-code-system endoscopistrecs}">Follow-up with endoscopist for recommendations</span></p><p><b>subject</b>: <a href="Bundle-eve-lastTestColonoscopy_yes_eve-colonoscopyFindingCRC_no_eve-recommendedInterval_no_eve-colonoscopyFindingPolyps_yes_act-followUpColonoscopist.html#Patient_ef8b331f-6837-4ad0-9f3e-939f5dba22e9">Joanne Smith</a></p><p><b>occurrence</b>: 2024-10-01 00:00:00+0000</p><p><b>reasonCode</b>: <span title="Codes:{http://cancerscreeningcds.github.io/crcsm-cds/CodeSystem/colonoscopy-result-observation-code-system missingrec}">Missing endoscopist recommendation for potentially precancerous polyp finding</span></p></div>
        </text>
        <basedOn>
          <reference value="http://cancerscreeningcds.github.io/crcsm-cds/ActivityDefinition/ColorectalCancerScreeningServiceRequest"/>
        </basedOn>
        <status value="option"/>
        <intent value="proposal"/>
        <code>
          <coding>
            <system value="http://cancerscreeningcds.github.io/crcsm-cds/CodeSystem/plan-definition-action-code-system"/>
            <code value="endoscopistrecs"/>
            <display value="Follow-up with endoscopist for recommendations"/>
          </coding>
        </code>
        <subject>
          <reference value="Patient/ef8b331f-6837-4ad0-9f3e-939f5dba22e9"/>
          <display value="Joanne Smith"/>
        </subject>
        <occurrenceDateTime value="2024-10-01T00:00:00.000+00:00"/>
        <reasonCode>
          <coding>
            <system value="http://cancerscreeningcds.github.io/crcsm-cds/CodeSystem/colonoscopy-result-observation-code-system"/>
            <code value="missingrec"/>
            <display value="Missing endoscopist recommendation for potentially precancerous polyp finding"/>
          </coding>
        </reasonCode>
      </ServiceRequest>
    </resource>
  </entry>
</Bundle>