<?xml version="1.0" encoding="UTF-8"?>

<Bundle xmlns="http://hl7.org/fhir">
  <id value="inc-AgeAtLeast18_MostRecentAgeValue_yes"/>
  <type value="collection"/>
  <entry>
    <resource>
      <Patient>
        <id value="c2b1ee13-869f-484a-9d07-d58ee17e6e07"/>
        <text>
          <status value="generated"/><div xmlns="http://www.w3.org/1999/xhtml"><a name="Patient_c2b1ee13-869f-484a-9d07-d58ee17e6e07"> </a><p class="res-header-id"><b>Generated Narrative: Patient c2b1ee13-869f-484a-9d07-d58ee17e6e07</b></p><a name="c2b1ee13-869f-484a-9d07-d58ee17e6e07"> </a><a name="hcc2b1ee13-869f-484a-9d07-d58ee17e6e07"> </a><a name="c2b1ee13-869f-484a-9d07-d58ee17e6e07-en-US"> </a><p style="border: 1px #661aff solid; background-color: #e6e6ff; padding: 10px;">Joanne Smith  Female, DoB Unknown</p><hr/></div>
        </text>
        <name>
          <family value="Smith"/>
          <given value="Joanne"/>
        </name>
        <gender value="female"/>
      </Patient>
    </resource>
  </entry>
  <entry>
    <resource>
      <Observation>
        <id value="b7ed09da-0b70-4451-a622-ebe4714f8669"/>
        <text>
          <status value="generated"/><div xmlns="http://www.w3.org/1999/xhtml"><a name="Observation_b7ed09da-0b70-4451-a622-ebe4714f8669"> </a><p class="res-header-id"><b>Generated Narrative: Observation b7ed09da-0b70-4451-a622-ebe4714f8669</b></p><a name="b7ed09da-0b70-4451-a622-ebe4714f8669"> </a><a name="hcb7ed09da-0b70-4451-a622-ebe4714f8669"> </a><a name="b7ed09da-0b70-4451-a622-ebe4714f8669-en-US"> </a><p><b>status</b>: Final</p><p><b>code</b>: <span title="Codes:{http://loinc.org 30525-0}">Age</span></p><p><b>subject</b>: <a href="Bundle-inc-AgeAtLeast18_MostRecentAgeValue_yes.html#Patient_c2b1ee13-869f-484a-9d07-d58ee17e6e07">Bundle: type = collection</a></p><p><b>effective</b>: 2024-12-10 00:00:00+0000</p><p><b>value</b>: 18 years</p></div>
        </text>
        <status value="final"/>
        <code>
          <coding>
            <system value="http://loinc.org"/>
            <code value="30525-0"/>
            <display value="Age"/>
          </coding>
        </code>
        <subject>
          <reference value="Patient/c2b1ee13-869f-484a-9d07-d58ee17e6e07"/>
        </subject>
        <effectiveDateTime value="2024-12-10T00:00:00.0Z"/>
        <valueQuantity>
          <value value="18"/>
          <unit value="years"/>
        </valueQuantity>
      </Observation>
    </resource>
  </entry>
  <entry>
    <resource>
      <Observation>
        <id value="4ab9922a-0eeb-4d98-992f-f2ef643eedce"/>
        <text>
          <status value="generated"/><div xmlns="http://www.w3.org/1999/xhtml"><a name="Observation_4ab9922a-0eeb-4d98-992f-f2ef643eedce"> </a><p class="res-header-id"><b>Generated Narrative: Observation 4ab9922a-0eeb-4d98-992f-f2ef643eedce</b></p><a name="4ab9922a-0eeb-4d98-992f-f2ef643eedce"> </a><a name="hc4ab9922a-0eeb-4d98-992f-f2ef643eedce"> </a><a name="4ab9922a-0eeb-4d98-992f-f2ef643eedce-en-US"> </a><p><b>status</b>: Final</p><p><b>code</b>: <span title="Codes:{http://loinc.org 30525-0}">Age</span></p><p><b>subject</b>: <a href="Bundle-inc-AgeAtLeast18_MostRecentAgeValue_yes.html#Patient_c2b1ee13-869f-484a-9d07-d58ee17e6e07">Bundle: type = collection</a></p><p><b>effective</b>: 2023-12-10 00:00:00+0000</p><p><b>value</b>: 17 years</p></div>
        </text>
        <status value="final"/>
        <code>
          <coding>
            <system value="http://loinc.org"/>
            <code value="30525-0"/>
            <display value="Age"/>
          </coding>
        </code>
        <subject>
          <reference value="Patient/c2b1ee13-869f-484a-9d07-d58ee17e6e07"/>
        </subject>
        <effectiveDateTime value="2023-12-10T00:00:00.0Z"/>
        <valueQuantity>
          <value value="17"/>
          <unit value="years"/>
        </valueQuantity>
      </Observation>
    </resource>
  </entry>
</Bundle>