<?xml version="1.0" encoding="UTF-8"?>

<Bundle xmlns="http://hl7.org/fhir">
  <id value="eve-pendingFlexSig_act-testpending"/>
  <type value="collection"/>
  <entry>
    <resource>
      <Patient>
        <id value="a391bd43-2ad6-4575-8eb9-dfe442db810e"/>
        <text>
          <status value="generated"/><div xmlns="http://www.w3.org/1999/xhtml"><a name="Patient_a391bd43-2ad6-4575-8eb9-dfe442db810e"> </a><p class="res-header-id"><b>Generated Narrative: Patient a391bd43-2ad6-4575-8eb9-dfe442db810e</b></p><a name="a391bd43-2ad6-4575-8eb9-dfe442db810e"> </a><a name="hca391bd43-2ad6-4575-8eb9-dfe442db810e"> </a><a name="a391bd43-2ad6-4575-8eb9-dfe442db810e-en-US"> </a><p style="border: 1px #661aff solid; background-color: #e6e6ff; padding: 10px;">Joanne Smith  Other, DoB: 1971-01-01</p><hr/><table class="grid"><tr><td style="background-color: #f3f5da" title="A code classifying the person's sex assigned at birth  as specified by the [Office of the National Coordinator for Health IT (ONC)](https://www.healthit.gov/newsroom/about-onc). This extension aligns with the C-CDA Birth Sex Observation (LOINC 76689-9)."><a href="http://hl7.org/fhir/us/core/STU3.1/StructureDefinition-us-core-birthsex.html">US Core Birth Sex Extension</a></td><td colspan="3">F</td></tr></table></div>
        </text>
        <extension url="http://hl7.org/fhir/us/core/StructureDefinition/us-core-birthsex">
          <valueCode value="F"/>
        </extension>
        <name>
          <family value="Smith"/>
          <given value="Joanne"/>
        </name>
        <gender value="other"/>
        <birthDate value="1971-01-01"/>
      </Patient>
    </resource>
  </entry>
  <entry>
    <resource>
      <ServiceRequest>
        <id value="6594b1c2-1b2c-45bd-a6a9-b8b8fc39cdeb"/>
        <text>
          <status value="generated"/><div xmlns="http://www.w3.org/1999/xhtml"><a name="ServiceRequest_6594b1c2-1b2c-45bd-a6a9-b8b8fc39cdeb"> </a><p class="res-header-id"><b>Generated Narrative: ServiceRequest 6594b1c2-1b2c-45bd-a6a9-b8b8fc39cdeb</b></p><a name="6594b1c2-1b2c-45bd-a6a9-b8b8fc39cdeb"> </a><a name="hc6594b1c2-1b2c-45bd-a6a9-b8b8fc39cdeb"> </a><a name="6594b1c2-1b2c-45bd-a6a9-b8b8fc39cdeb-en-US"> </a><p><b>status</b>: Completed</p><p><b>intent</b>: Order</p><p><b>doNotPerform</b>: false</p><p><b>code</b>: <span title="Codes:{http://loinc.org 18753-4}">Flexible sigmoidoscopy study</span></p><p><b>occurrence</b>: 2024-10-02 00:00:00+0000</p></div>
        </text>
        <status value="completed"/>
        <intent value="order"/>
        <doNotPerform value="false"/>
        <code>
          <coding>
            <system value="http://loinc.org"/>
            <code value="18753-4"/>
            <display value="Flexible sigmoidoscopy study"/>
          </coding>
        </code>
        <occurrenceDateTime value="2024-10-02T00:00:00.000Z"/>
      </ServiceRequest>
    </resource>
  </entry>
  <entry>
    <resource>
      <DiagnosticReport>
        <id value="f4d65259-b878-41be-8abd-1d005ae53bef"/>
        <text>
          <status value="generated"/><div xmlns="http://www.w3.org/1999/xhtml"><a name="DiagnosticReport_f4d65259-b878-41be-8abd-1d005ae53bef"> </a><p class="res-header-id"><b>Generated Narrative: DiagnosticReport f4d65259-b878-41be-8abd-1d005ae53bef</b></p><a name="f4d65259-b878-41be-8abd-1d005ae53bef"> </a><a name="hcf4d65259-b878-41be-8abd-1d005ae53bef"> </a><a name="f4d65259-b878-41be-8abd-1d005ae53bef-en-US"> </a><h2><span title="Codes:{http://loinc.org 18753-4}">Flexible sigmoidoscopy study</span> </h2><table class="grid"><tr><td>Subject</td><td>Not done yet</td></tr><tr><td>When For</td><td>2024-10-01 10:00:00+0000</td></tr></table><p><b>Report Details</b></p></div>
        </text>
        <status value="final"/>
        <code>
          <coding>
            <system value="http://loinc.org"/>
            <code value="18753-4"/>
            <display value="Flexible sigmoidoscopy study"/>
          </coding>
        </code>
        <subject>
          <reference value="Patient/a391bd43-2ad6-4575-8eb9-dfe442db810e"/>
        </subject>
        <effectiveDateTime value="2024-10-01T10:00:00.000Z"/>
      </DiagnosticReport>
    </resource>
  </entry>
</Bundle>