<?xml version="1.0" encoding="UTF-8"?>

<Bundle xmlns="http://hl7.org/fhir">
  <id value="FollowUp_eve-lastTestColonoscopy_no_eve-lastTestStool_no_eve-lastTestFlexSig_no_eve-lastTestCTC_yes_eve-inconclusiveCTColonography_yes_act-repeatScreening"/>
  <type value="collection"/>
  <entry>
    <fullUrl value="http://cancerscreeningcds.github.io/crcsm-cds/CarePlan/147"/>
    <resource>
      <CarePlan>
        <id value="147"/>
        <text>
          <status value="generated"/><div xmlns="http://www.w3.org/1999/xhtml"><a name="CarePlan_147"> </a><p class="res-header-id"><b>Generated Narrative: CarePlan 147</b></p><a name="147"> </a><a name="hc147"> </a><a name="147-en-US"> </a><p><b>instantiatesCanonical</b>: <a href="PlanDefinition-flow-FollowUp.html">Follow Up</a></p><p><b>status</b>: Draft</p><p><b>intent</b>: Proposal</p><p><b>subject</b>: <a href="Bundle-eve-lastTestColonoscopy_no_eve-lastTestStool_no_eve-lastTestFlexSig_no_eve-lastTestCTC_yes_eve-inconclusiveCTColonography_yes_act-repeatScreening.html#Patient_a08d5d1a-dd9e-464c-bd28-46a974d9fd6f">Joanne Smith</a></p><p><b>created</b>: 2024-12-10 00:00:00+0000</p><h3>Activities</h3><table class="grid"><tr><td style="display: none">-</td><td><b>Reference</b></td></tr><tr><td style="display: none">*</td><td><a href="Bundle-DecisionToScreen_eve-Age86AndOlder_no_eve-AgeOver76_no_eve-LifeExp10_yes_act-sdmcontinuelifexp__eve-riskFactors_no_act-AvgRiskEligible.html#RequestGroup_148">Bundle: type = collection</a></td></tr></table></div>
        </text>
        <instantiatesCanonical value="http://cancerscreeningcds.github.io/crcsm-cds/PlanDefinition/flow-FollowUp"/>
        <status value="draft"/>
        <intent value="proposal"/>
        <subject>
          <reference value="Patient/a08d5d1a-dd9e-464c-bd28-46a974d9fd6f"/>
          <display value="Joanne Smith"/>
        </subject>
        <created value="2024-12-10T00:00:00.0Z"/>
        <activity>
          <reference>
            <reference value="RequestGroup/148"/>
          </reference>
        </activity>
      </CarePlan>
    </resource>
  </entry>
  <entry>
    <fullUrl value="http://cancerscreeningcds.github.io/crcsm-cds/RequestGroup/148"/>
    <resource>
      <RequestGroup>
        <id value="148"/>
        <text>
          <status value="extensions"/><div xmlns="http://www.w3.org/1999/xhtml"><a name="RequestGroup_148"> </a><p class="res-header-id"><b>Generated Narrative: RequestGroup 148</b></p><a name="148"> </a><a name="hc148"> </a><a name="148-en-US"> </a><p><b>instantiatesCanonical</b>: <a href="PlanDefinition-flow-FollowUp.html">Follow Up</a></p><p><b>status</b>: Draft</p><p><b>intent</b>: Proposal</p><p><b>subject</b>: <a href="Bundle-eve-lastTestColonoscopy_no_eve-lastTestStool_no_eve-lastTestFlexSig_no_eve-lastTestCTC_yes_eve-inconclusiveCTColonography_yes_act-repeatScreening.html#Patient_a08d5d1a-dd9e-464c-bd28-46a974d9fd6f">Joanne Smith</a></p><blockquote><p><b>action</b></p><blockquote><p><b>id</b></p>FollowupCTCInconclusiveResult</blockquote><p><b>io/crcsm-cds/StructureDefinition/csm-recommendation-flag</b>: <span title="Codes:{http://cancerscreeningcds.github.io/crcsm-cds/CodeSystem/recommendation-flag-code-system due}">Due</span></p><p><b>title</b>: Repeat screening due to inconclusive CTC result</p><p><b>description</b>: Repeat screening due to inconclusive CT colonography test results.</p><p><b>code</b>: <span title="Codes:{http://snomed.info/sct 268548003}">Screening for malignant neoplasm of large intestine (procedure)</span></p><p><b>timing</b>: Events: 2024-10-01 14:30:00+0000 </p><p><b>resource</b>: <a href="Bundle-FollowUp_eve-lastTestColonoscopy_no_eve-lastTestStool_no_eve-lastTestFlexSig_no_eve-lastTestCTC_yes_eve-inconclusiveCTColonography_yes_act-repeatScreening.html#ServiceRequest_149">Bundle: type = collection</a></p></blockquote></div>
        </text>
        <instantiatesCanonical value="http://cancerscreeningcds.github.io/crcsm-cds/PlanDefinition/flow-FollowUp"/>
        <status value="draft"/>
        <intent value="proposal"/>
        <subject>
          <reference value="Patient/a08d5d1a-dd9e-464c-bd28-46a974d9fd6f"/>
          <display value="Joanne Smith"/>
        </subject>
        <action id="FollowupCTCInconclusiveResult">
          <extension url="http://cancerscreeningcds.github.io/crcsm-cds/StructureDefinition/csm-recommendation-flag">
            <valueCodeableConcept>
              <coding>
                <system value="http://cancerscreeningcds.github.io/crcsm-cds/CodeSystem/recommendation-flag-code-system"/>
                <code value="due"/>
                <display value="Due"/>
              </coding>
            </valueCodeableConcept>
          </extension>
          <title value="Repeat screening due to inconclusive CTC result"/>
          <description value="Repeat screening due to inconclusive CT colonography test results."/>
          <code>
            <coding>
              <system value="http://snomed.info/sct"/>
              <code value="268548003"/>
              <display value="Screening for malignant neoplasm of large intestine (procedure)"/>
            </coding>
          </code>
          <timingTiming>
            <event value="2024-10-01T14:30:00.000+00:00"/>
          </timingTiming>
          <resource>
            <reference value="ServiceRequest/149"/>
          </resource>
        </action>
      </RequestGroup>
    </resource>
  </entry>
  <entry>
    <fullUrl value="http://cancerscreeningcds.github.io/crcsm-cds/ServiceRequest/149"/>
    <resource>
      <ServiceRequest>
        <id value="149"/>
        <text>
          <status value="generated"/><div xmlns="http://www.w3.org/1999/xhtml"><a name="ServiceRequest_149"> </a><p class="res-header-id"><b>Generated Narrative: ServiceRequest 149</b></p><a name="149"> </a><a name="hc149"> </a><a name="149-en-US"> </a><p><b>basedOn</b>: <a href="ActivityDefinition-ColorectalCancerScreeningServiceRequest.html">Colorectal Cancer Screening Service Request</a></p><p><b>status</b>: option</p><p><b>intent</b>: Proposal</p><p><b>code</b>: <span title="Codes:{http://snomed.info/sct 268548003}">Screening for malignant neoplasm of large intestine (procedure)</span></p><p><b>subject</b>: <a href="Bundle-eve-lastTestColonoscopy_no_eve-lastTestStool_no_eve-lastTestFlexSig_no_eve-lastTestCTC_yes_eve-inconclusiveCTColonography_yes_act-repeatScreening.html#Patient_a08d5d1a-dd9e-464c-bd28-46a974d9fd6f">Joanne Smith</a></p><p><b>occurrence</b>: 2024-10-01 14:30:00+0000</p><p><b>reasonCode</b>: <span title="Codes:{http://cancerscreeningcds.github.io/crcsm-cds/CodeSystem/plan-definition-action-reason-code-system inconclusivescreening}">Inconclusive non-colonoscopy screening</span></p></div>
        </text>
        <basedOn>
          <reference value="http://cancerscreeningcds.github.io/crcsm-cds/ActivityDefinition/ColorectalCancerScreeningServiceRequest"/>
        </basedOn>
        <status value="option"/>
        <intent value="proposal"/>
        <code>
          <coding>
            <system value="http://snomed.info/sct"/>
            <code value="268548003"/>
            <display value="Screening for malignant neoplasm of large intestine (procedure)"/>
          </coding>
        </code>
        <subject>
          <reference value="Patient/a08d5d1a-dd9e-464c-bd28-46a974d9fd6f"/>
          <display value="Joanne Smith"/>
        </subject>
        <occurrenceDateTime value="2024-10-01T14:30:00.000+00:00"/>
        <reasonCode>
          <coding>
            <system value="http://cancerscreeningcds.github.io/crcsm-cds/CodeSystem/plan-definition-action-reason-code-system"/>
            <code value="inconclusivescreening"/>
            <display value="Inconclusive non-colonoscopy screening"/>
          </coding>
        </reasonCode>
      </ServiceRequest>
    </resource>
  </entry>
</Bundle>