<?xml version="1.0" encoding="UTF-8"?>

<Bundle xmlns="http://hl7.org/fhir">
  <id value="eve-Age86AndOlder_no_eve-AgeOver76_no_eve-LifeExp10_yes_act-sdmcontinuelifexp__eve-riskFactors_yes_act-incRiskEligible"/>
  <type value="collection"/>
  <entry>
    <resource>
      <Patient>
        <id value="14c04472-9105-4483-b366-13a6a58a539f"/>
        <text>
          <status value="generated"/><div xmlns="http://www.w3.org/1999/xhtml"><a name="Patient_14c04472-9105-4483-b366-13a6a58a539f"> </a><p class="res-header-id"><b>Generated Narrative: Patient 14c04472-9105-4483-b366-13a6a58a539f</b></p><a name="14c04472-9105-4483-b366-13a6a58a539f"> </a><a name="hc14c04472-9105-4483-b366-13a6a58a539f"> </a><a name="14c04472-9105-4483-b366-13a6a58a539f-en-US"> </a><p style="border: 1px #661aff solid; background-color: #e6e6ff; padding: 10px;">Joanne Smith  Other, DoB: 1971-01-01</p><hr/><table class="grid"><tr><td style="background-color: #f3f5da" title="A code classifying the person's sex assigned at birth  as specified by the [Office of the National Coordinator for Health IT (ONC)](https://www.healthit.gov/newsroom/about-onc). This extension aligns with the C-CDA Birth Sex Observation (LOINC 76689-9)."><a href="http://hl7.org/fhir/us/core/STU3.1/StructureDefinition-us-core-birthsex.html">US Core Birth Sex Extension</a></td><td colspan="3">F</td></tr></table></div>
        </text>
        <extension url="http://hl7.org/fhir/us/core/StructureDefinition/us-core-birthsex">
          <valueCode value="F"/>
        </extension>
        <name>
          <family value="Smith"/>
          <given value="Joanne"/>
        </name>
        <gender value="other"/>
        <birthDate value="1971-01-01"/>
      </Patient>
    </resource>
  </entry>
  <entry>
    <resource>
      <Observation>
        <id value="744c6d16-39c8-4a65-a24f-c9ed3d7840ff"/>
        <text>
          <status value="generated"/><div xmlns="http://www.w3.org/1999/xhtml"><a name="Observation_744c6d16-39c8-4a65-a24f-c9ed3d7840ff"> </a><p class="res-header-id"><b>Generated Narrative: Observation 744c6d16-39c8-4a65-a24f-c9ed3d7840ff</b></p><a name="744c6d16-39c8-4a65-a24f-c9ed3d7840ff"> </a><a name="hc744c6d16-39c8-4a65-a24f-c9ed3d7840ff"> </a><a name="744c6d16-39c8-4a65-a24f-c9ed3d7840ff-en-US"> </a><p><b>status</b>: Final</p><p><b>code</b>: <span title="Codes:{http://cancerscreeningcds.github.io/crcsm-cds/CodeSystem/screening-observation-code-system lifeexp}">Reduced life expectancy indicator</span></p><p><b>subject</b>: <a href="Bundle-eve-Age86AndOlder_no_eve-AgeOver76_no_eve-LifeExp10_yes_act-sdmcontinuelifexp__eve-riskFactors_yes_act-incRiskEligible.html#Patient_14c04472-9105-4483-b366-13a6a58a539f">Bundle: type = collection</a></p><p><b>effective</b>: 2024-12-10 00:00:00+0000</p><p><b>value</b>: true</p></div>
        </text>
        <status value="final"/>
        <code>
          <coding>
            <system value="http://cancerscreeningcds.github.io/crcsm-cds/CodeSystem/screening-observation-code-system"/>
            <code value="lifeexp"/>
            <display value="Reduced life expectancy indicator"/>
          </coding>
        </code>
        <subject>
          <reference value="Patient/14c04472-9105-4483-b366-13a6a58a539f"/>
        </subject>
        <effectiveDateTime value="2024-12-10T00:00:00.0Z"/>
        <valueBoolean value="true"/>
      </Observation>
    </resource>
  </entry>
  <entry>
    <resource>
      <Condition>
        <id value="lynch-syndrome-active"/>
        <text>
          <status value="generated"/><div xmlns="http://www.w3.org/1999/xhtml"><a name="Condition_lynch-syndrome-active"> </a><p class="res-header-id"><b>Generated Narrative: Condition lynch-syndrome-active</b></p><a name="lynch-syndrome-active"> </a><a name="hclynch-syndrome-active"> </a><a name="lynch-syndrome-active-en-US"> </a><p><b>clinicalStatus</b>: <span title="Codes:{http://terminology.hl7.org/CodeSystem/condition-clinical active}">Active</span></p><p><b>verificationStatus</b>: <span title="Codes:{http://terminology.hl7.org/CodeSystem/condition-ver-status confirmed}">Confirmed</span></p><p><b>category</b>: <span title="Codes:{http://terminology.hl7.org/CodeSystem/condition-category problem-list-item}">Problem List Item</span></p><p><b>code</b>: <span title="Codes:{http://snomed.info/sct 716318002}">Lynch syndrome (disorder)</span></p><p><b>subject</b>: <a href="Bundle-eve-Age86AndOlder_no_eve-AgeOver76_no_eve-LifeExp10_yes_act-sdmcontinuelifexp__eve-riskFactors_yes_act-incRiskEligible.html#Patient_14c04472-9105-4483-b366-13a6a58a539f">Bundle: type = collection</a></p><p><b>onset</b>: 2024-10-01</p></div>
        </text>
        <clinicalStatus>
          <coding>
            <system value="http://terminology.hl7.org/CodeSystem/condition-clinical"/>
            <code value="active"/>
            <display value="Active"/>
          </coding>
        </clinicalStatus>
        <verificationStatus>
          <coding>
            <system value="http://terminology.hl7.org/CodeSystem/condition-ver-status"/>
            <code value="confirmed"/>
            <display value="Confirmed"/>
          </coding>
        </verificationStatus>
        <category>
          <coding>
            <system value="http://terminology.hl7.org/CodeSystem/condition-category"/>
            <code value="problem-list-item"/>
            <display value="Problem List Item"/>
          </coding>
        </category>
        <code>
          <coding>
            <system value="http://snomed.info/sct"/>
            <code value="716318002"/>
            <display value="Lynch syndrome (disorder)"/>
          </coding>
          <text value="Lynch syndrome (disorder)"/>
        </code>
        <subject>
          <reference value="Patient/14c04472-9105-4483-b366-13a6a58a539f"/>
        </subject>
        <onsetDateTime value="2024-10-01"/>
      </Condition>
    </resource>
  </entry>
</Bundle>