<?xml version="1.0" encoding="UTF-8"?>

<Bundle xmlns="http://hl7.org/fhir">
  <id value="SallySimpson"/>
  <type value="collection"/>
  <entry>
    <resource>
      <Patient>
        <id value="SallySimpson"/>
        <text>
          <status value="generated"/><div xmlns="http://www.w3.org/1999/xhtml"><a name="Patient_SallySimpson"> </a><p class="res-header-id"><b>Generated Narrative: Patient SallySimpson</b></p><a name="SallySimpson"> </a><a name="hcSallySimpson"> </a><a name="SallySimpson-en-US"> </a><p style="border: 1px #661aff solid; background-color: #e6e6ff; padding: 10px;">Sally Simpson  Female, DoB: 1970-03-19 ( Medical Record Number: 631-344-898)</p><hr/><table class="grid"><tr><td style="background-color: #f3f5da" title="Concepts classifying the person into a named category of humans sharing common history, traits, geographical origin or nationality.  The ethnicity codes used to represent these concepts are based upon the [CDC ethnicity and Ethnicity Code Set Version 1.0](http://www.cdc.gov/phin/resources/vocabulary/index.html) which includes over 900 concepts for representing race and ethnicity of which 43 reference ethnicity.  The ethnicity concepts are grouped by and pre-mapped to the 2 OMB ethnicity categories: - Hispanic or Latino - Not Hispanic or Latino.">US Core Ethnicity Extension:</td><td colspan="3"><ul><li>text: Not Hispanic or Latino</li></ul></td></tr><tr><td style="background-color: #f3f5da" title="Concepts classifying the person into a named category of humans sharing common history, traits, geographical origin or nationality.  The race codes used to represent these concepts are based upon the [CDC Race and Ethnicity Code Set Version 1.0](http://www.cdc.gov/phin/resources/vocabulary/index.html) which includes over 900 concepts for representing race and ethnicity of which 921 reference race.  The race concepts are grouped by and pre-mapped to the 5 OMB race categories:

 - American Indian or Alaska Native
 - Asian
 - Black or African American
 - Native Hawaiian or Other Pacific Islander
 - White.">US Core Race Extension:</td><td colspan="3"><ul><li>text: White</li></ul></td></tr></table></div>
        </text>
        <extension url="http://hl7.org/fhir/us/core/StructureDefinition/us-core-race">
          <extension url="text">
            <valueString value="White"/>
          </extension>
        </extension>
        <extension url="http://hl7.org/fhir/us/core/StructureDefinition/us-core-ethnicity">
          <extension url="text">
            <valueString value="Not Hispanic or Latino"/>
          </extension>
        </extension>
        <identifier>
          <type>
            <coding>
              <code value="MR"/>
              <display value="Medical Record Number"/>
            </coding>
          </type>
          <value value="631-344-898"/>
        </identifier>
        <name>
          <family value="Simpson"/>
          <given value="Sally"/>
        </name>
        <gender value="female"/>
        <birthDate value="1970-03-19"/>
      </Patient>
    </resource>
  </entry>
  <entry>
    <resource>
      <DiagnosticReport>
        <id value="fit-report-neg-1"/>
        <text>
          <status value="generated"/><div xmlns="http://www.w3.org/1999/xhtml"><a name="DiagnosticReport_fit-report-neg-1"> </a><p class="res-header-id"><b>Generated Narrative: DiagnosticReport fit-report-neg-1</b></p><a name="fit-report-neg-1"> </a><a name="hcfit-report-neg-1"> </a><a name="fit-report-neg-1-en-US"> </a><h2><span title="Codes:{http://loinc.org 29771-3}">Hemoglobin.gastrointestinal.lower [Presence] in Stool by Immunoassay</span> </h2><table class="grid"><tr><td>Subject</td><td>Not done yet</td></tr><tr><td>When For</td><td>2020-01-15 00:00:00+0000</td></tr></table><p><b>Report Details</b></p><p><b>Coded Conclusions:</b></p><ul><li><span title="Codes:{http://snomed.info/sct 260385009}">Negative (qualifier value)</span></li></ul></div>
        </text>
        <status value="final"/>
        <code>
          <coding>
            <system value="http://loinc.org"/>
            <code value="29771-3"/>
            <display value="Hemoglobin.gastrointestinal.lower [Presence] in Stool by Immunoassay"/>
          </coding>
        </code>
        <subject>
          <reference value="Patient/SallySimpson"/>
        </subject>
        <effectiveDateTime value="2020-01-15T00:00:00.000Z"/>
        <conclusionCode>
          <coding>
            <system value="http://snomed.info/sct"/>
            <code value="260385009"/>
            <display value="Negative (qualifier value)"/>
          </coding>
        </conclusionCode>
      </DiagnosticReport>
    </resource>
  </entry>
  <entry>
    <resource>
      <DiagnosticReport>
        <id value="fit-report-neg-2"/>
        <text>
          <status value="generated"/><div xmlns="http://www.w3.org/1999/xhtml"><a name="DiagnosticReport_fit-report-neg-2"> </a><p class="res-header-id"><b>Generated Narrative: DiagnosticReport fit-report-neg-2</b></p><a name="fit-report-neg-2"> </a><a name="hcfit-report-neg-2"> </a><a name="fit-report-neg-2-en-US"> </a><h2><span title="Codes:{http://loinc.org 29771-3}">Hemoglobin.gastrointestinal.lower [Presence] in Stool by Immunoassay</span> </h2><table class="grid"><tr><td>Subject</td><td>Not done yet</td></tr><tr><td>When For</td><td>2021-01-30 00:00:00+0000</td></tr></table><p><b>Report Details</b></p><p><b>Coded Conclusions:</b></p><ul><li><span title="Codes:{http://snomed.info/sct 260385009}">Negative (qualifier value)</span></li></ul></div>
        </text>
        <status value="final"/>
        <code>
          <coding>
            <system value="http://loinc.org"/>
            <code value="29771-3"/>
            <display value="Hemoglobin.gastrointestinal.lower [Presence] in Stool by Immunoassay"/>
          </coding>
        </code>
        <subject>
          <reference value="Patient/SallySimpson"/>
        </subject>
        <effectiveDateTime value="2021-01-30T00:00:00.000Z"/>
        <conclusionCode>
          <coding>
            <system value="http://snomed.info/sct"/>
            <code value="260385009"/>
            <display value="Negative (qualifier value)"/>
          </coding>
        </conclusionCode>
      </DiagnosticReport>
    </resource>
  </entry>
  <entry>
    <resource>
      <DiagnosticReport>
        <id value="fit-report-neg-3"/>
        <text>
          <status value="generated"/><div xmlns="http://www.w3.org/1999/xhtml"><a name="DiagnosticReport_fit-report-neg-3"> </a><p class="res-header-id"><b>Generated Narrative: DiagnosticReport fit-report-neg-3</b></p><a name="fit-report-neg-3"> </a><a name="hcfit-report-neg-3"> </a><a name="fit-report-neg-3-en-US"> </a><h2><span title="Codes:{http://loinc.org 29771-3}">Hemoglobin.gastrointestinal.lower [Presence] in Stool by Immunoassay</span> </h2><table class="grid"><tr><td>Subject</td><td>Not done yet</td></tr><tr><td>When For</td><td>2022-03-02 00:00:00+0000</td></tr></table><p><b>Report Details</b></p><p><b>Coded Conclusions:</b></p><ul><li><span title="Codes:{http://snomed.info/sct 260385009}">Negative (qualifier value)</span></li></ul></div>
        </text>
        <status value="final"/>
        <code>
          <coding>
            <system value="http://loinc.org"/>
            <code value="29771-3"/>
            <display value="Hemoglobin.gastrointestinal.lower [Presence] in Stool by Immunoassay"/>
          </coding>
        </code>
        <subject>
          <reference value="Patient/SallySimpson"/>
        </subject>
        <effectiveDateTime value="2022-03-02T00:00:00.000Z"/>
        <conclusionCode>
          <coding>
            <system value="http://snomed.info/sct"/>
            <code value="260385009"/>
            <display value="Negative (qualifier value)"/>
          </coding>
        </conclusionCode>
      </DiagnosticReport>
    </resource>
  </entry>
  <entry>
    <resource>
      <DiagnosticReport>
        <id value="fit-report-neg-4"/>
        <text>
          <status value="generated"/><div xmlns="http://www.w3.org/1999/xhtml"><a name="DiagnosticReport_fit-report-neg-4"> </a><p class="res-header-id"><b>Generated Narrative: DiagnosticReport fit-report-neg-4</b></p><a name="fit-report-neg-4"> </a><a name="hcfit-report-neg-4"> </a><a name="fit-report-neg-4-en-US"> </a><h2><span title="Codes:{http://loinc.org 29771-3}">Hemoglobin.gastrointestinal.lower [Presence] in Stool by Immunoassay</span> </h2><table class="grid"><tr><td>Subject</td><td>Not done yet</td></tr><tr><td>When For</td><td>2023-02-27 00:00:00+0000</td></tr></table><p><b>Report Details</b></p><p><b>Coded Conclusions:</b></p><ul><li><span title="Codes:{http://snomed.info/sct 260385009}">Negative (qualifier value)</span></li></ul></div>
        </text>
        <status value="final"/>
        <code>
          <coding>
            <system value="http://loinc.org"/>
            <code value="29771-3"/>
            <display value="Hemoglobin.gastrointestinal.lower [Presence] in Stool by Immunoassay"/>
          </coding>
        </code>
        <subject>
          <reference value="Patient/SallySimpson"/>
        </subject>
        <effectiveDateTime value="2023-02-27T00:00:00.000Z"/>
        <conclusionCode>
          <coding>
            <system value="http://snomed.info/sct"/>
            <code value="260385009"/>
            <display value="Negative (qualifier value)"/>
          </coding>
        </conclusionCode>
      </DiagnosticReport>
    </resource>
  </entry>
  <entry>
    <resource>
      <Observation>
        <id value="d63b330b-d91c-48ec-b17b-9b679bd02a55"/>
        <text>
          <status value="generated"/><div xmlns="http://www.w3.org/1999/xhtml"><a name="Observation_d63b330b-d91c-48ec-b17b-9b679bd02a55"> </a><p class="res-header-id"><b>Generated Narrative: Observation d63b330b-d91c-48ec-b17b-9b679bd02a55</b></p><a name="d63b330b-d91c-48ec-b17b-9b679bd02a55"> </a><a name="hcd63b330b-d91c-48ec-b17b-9b679bd02a55"> </a><a name="d63b330b-d91c-48ec-b17b-9b679bd02a55-en-US"> </a><p><b>status</b>: Final</p><p><b>code</b>: <span title="Codes:{http://cancerscreeningcds.github.io/crcsm-cds/CodeSystem/screening-observation-code-system ColorectalSymptoms}">New or worsening colorectal symptoms</span></p><p><b>subject</b>: <a href="Bundle-SallySimpson.html#Patient_SallySimpson">Bundle: type = collection</a></p><p><b>effective</b>: 2024-12-10 00:00:00+0000</p><p><b>value</b>: true</p></div>
        </text>
        <status value="final"/>
        <code>
          <coding>
            <system value="http://cancerscreeningcds.github.io/crcsm-cds/CodeSystem/screening-observation-code-system"/>
            <code value="ColorectalSymptoms"/>
            <display value="New or worsening colorectal symptoms"/>
          </coding>
        </code>
        <subject>
          <reference value="Patient/SallySimpson"/>
        </subject>
        <effectiveDateTime value="2024-12-10T00:00:00.000Z"/>
        <valueBoolean value="true"/>
      </Observation>
    </resource>
  </entry>
</Bundle>