<?xml version="1.0" encoding="UTF-8"?>

<CodeSystem xmlns="http://hl7.org/fhir">
  <id value="plan-definition-action-reason-code-system"/>
  <text>
    <status value="generated"/><div xmlns="http://www.w3.org/1999/xhtml"><p class="res-header-id"><b>Generated Narrative: CodeSystem plan-definition-action-reason-code-system</b></p><a name="plan-definition-action-reason-code-system"> </a><a name="hcplan-definition-action-reason-code-system"> </a><a name="plan-definition-action-reason-code-system-en-US"> </a><p>This  code system <code>http://cancerscreeningcds.github.io/crcsm-cds/CodeSystem/plan-definition-action-reason-code-system</code> defines the following codes:</p><table class="codes"><tr><td style="white-space:nowrap"><b>Code</b></td><td><b>Display</b></td></tr><tr><td style="white-space:nowrap">eligibleforscreening<a name="plan-definition-action-reason-code-system-eligibleforscreening"> </a></td><td>Eligible for screening</td></tr><tr><td style="white-space:nowrap">missingageorbirthdate<a name="plan-definition-action-reason-code-system-missingageorbirthdate"> </a></td><td>Missing patient age in years or birth date</td></tr><tr><td style="white-space:nowrap">currentcolorectalcancer<a name="plan-definition-action-reason-code-system-currentcolorectalcancer"> </a></td><td>Current colorectal cancer</td></tr><tr><td style="white-space:nowrap">totalcolectomy<a name="plan-definition-action-reason-code-system-totalcolectomy"> </a></td><td>Total colectomy</td></tr><tr><td style="white-space:nowrap">diagtesting<a name="plan-definition-action-reason-code-system-diagtesting"> </a></td><td>Diagnostic testing</td></tr><tr><td style="white-space:nowrap">ageover86<a name="plan-definition-action-reason-code-system-ageover86"> </a></td><td>Age over 86 years</td></tr><tr><td style="white-space:nowrap">lifeexp<a name="plan-definition-action-reason-code-system-lifeexp"> </a></td><td>Reduced life expectancy indicator</td></tr><tr><td style="white-space:nowrap">age76to86<a name="plan-definition-action-reason-code-system-age76to86"> </a></td><td>Age 76 to 86 years</td></tr><tr><td style="white-space:nowrap">USPSTFaveragerisk<a name="plan-definition-action-reason-code-system-USPSTFaveragerisk"> </a></td><td>USPSTF average risk</td></tr><tr><td style="white-space:nowrap">negativescreening<a name="plan-definition-action-reason-code-system-negativescreening"> </a></td><td>Non-colonoscopy colorectal cancer screening negative</td></tr><tr><td style="white-space:nowrap">negativehighqualityscreening<a name="plan-definition-action-reason-code-system-negativehighqualityscreening"> </a></td><td>Negative or normal non-colonoscopy test with high-quality exam</td></tr><tr><td style="white-space:nowrap">inconclusivescreening<a name="plan-definition-action-reason-code-system-inconclusivescreening"> </a></td><td>Inconclusive non-colonoscopy screening</td></tr><tr><td style="white-space:nowrap">positiveabnormalscreening<a name="plan-definition-action-reason-code-system-positiveabnormalscreening"> </a></td><td>Positive or abnormal non-colonoscopy screening</td></tr><tr><td style="white-space:nowrap">historyofprecancerouspolyps<a name="plan-definition-action-reason-code-system-historyofprecancerouspolyps"> </a></td><td>History of potentially precancerous polyps</td></tr><tr><td style="white-space:nowrap">averagerisk<a name="plan-definition-action-reason-code-system-averagerisk"> </a></td><td>At average risk for colorectal cancer</td></tr></table></div>
  </text>
  <url value="http://cancerscreeningcds.github.io/crcsm-cds/CodeSystem/plan-definition-action-reason-code-system"/>
  <version value="0.1.0"/>
  <name value="PlanDefinitionActionReasonCodeSystem"/>
  <title value="Plan Definition Action Reason Code System"/>
  <status value="draft"/>
  <experimental value="true"/>
  <date value="2025-02-28T21:24:30+00:00"/>
  <publisher value="MITRE"/>
  <contact>
    <name value="MITRE"/>
    <telecom>
      <system value="url"/>
      <value value="https://www.mitre.org/"/>
    </telecom>
  </contact>
  <description value="Code representing plan definition action reason codes"/>
  <content value="complete"/>
  <count value="15"/>
  <concept>
    <code value="eligibleforscreening"/>
    <display value="Eligible for screening"/>
  </concept>
  <concept>
    <code value="missingageorbirthdate"/>
    <display value="Missing patient age in years or birth date"/>
  </concept>
  <concept>
    <code value="currentcolorectalcancer"/>
    <display value="Current colorectal cancer"/>
  </concept>
  <concept>
    <code value="totalcolectomy"/>
    <display value="Total colectomy"/>
  </concept>
  <concept>
    <code value="diagtesting"/>
    <display value="Diagnostic testing"/>
  </concept>
  <concept>
    <code value="ageover86"/>
    <display value="Age over 86 years"/>
  </concept>
  <concept>
    <code value="lifeexp"/>
    <display value="Reduced life expectancy indicator"/>
  </concept>
  <concept>
    <code value="age76to86"/>
    <display value="Age 76 to 86 years"/>
  </concept>
  <concept>
    <code value="USPSTFaveragerisk"/>
    <display value="USPSTF average risk"/>
  </concept>
  <concept>
    <code value="negativescreening"/>
    <display value="Non-colonoscopy colorectal cancer screening negative"/>
  </concept>
  <concept>
    <code value="negativehighqualityscreening"/>
    <display value="Negative or normal non-colonoscopy test with high-quality exam"/>
  </concept>
  <concept>
    <code value="inconclusivescreening"/>
    <display value="Inconclusive non-colonoscopy screening"/>
  </concept>
  <concept>
    <code value="positiveabnormalscreening"/>
    <display value="Positive or abnormal non-colonoscopy screening"/>
  </concept>
  <concept>
    <code value="historyofprecancerouspolyps"/>
    <display value="History of potentially precancerous polyps"/>
  </concept>
  <concept>
    <code value="averagerisk"/>
    <display value="At average risk for colorectal cancer"/>
  </concept>
</CodeSystem>