<?xml version="1.0" encoding="UTF-8"?>

<Measure xmlns="http://hl7.org/fhir">
  <id value="ScreeningDueMeasure"/>
  <text>
    <status value="extensions"/><div xmlns="http://www.w3.org/1999/xhtml">
  <table class="narrative-table">
    <tbody>
<tr>

<th colspan="2" scope="row" class="row-header">Knowledge Artifact Metadata</th>

</tr>

<tr>

<th scope="row" class="row-header">Name (machine-readable)</th>

<td class="content-container">ScreeningDueMeasure</td>
</tr>


<tr>

<th scope="row" class="row-header">Title (human-readable)</th>

<td class="content-container">Screening Due Measure</td>
</tr>



<tr>

<th scope="row" class="row-header">Status</th>

<td class="content-container">Active</td>
</tr>


<tr>

<th scope="row" class="row-header">Experimental</th>

<td class="content-container">true</td>
</tr>


<tr>

<th scope="row" class="row-header">Description</th>

<td class="content-container"><div><p>Identifies patients who may be due for screening based on prior assessment and documentation of next due date and flags patient who may be overdue for potential enhanced outreach efforts.</p>
<p>Intended for use with either individual patient alerts, within the context of a clinical encounter or outside an encounter, or for generating asynchronous reports on a cohort/panel of patients in order to target outreach or escalation.</p>
</div></td>
</tr>




<tr>

<th scope="row" class="row-header">Approval Date</th>

<td class="content-container">2025-02-28</td>
</tr>





<tr>

<th scope="row" class="row-header">Measure Developer</th>

<td class="content-container">The Health FFRDC, operated by The MITRE Corporation, in support of the Division of Cancer Prevention and Control, Centers for Disease Control and Prevention.: </td>
</tr>


<tr>

<th scope="row" class="row-header">Measure Editor</th>

<td class="content-container">Division of Cancer Prevention and Control, Centers for Disease Control and Prevention: </td>
</tr>


<tr>

<th scope="row" class="row-header">Measure Reviewer</th>

<td class="content-container">Division of Cancer Prevention and Control, Centers for Disease Control and Prevention: </td>
</tr>


<tr>

<th scope="row" class="row-header">Measure Endorser</th>

<td class="content-container">Division of Cancer Prevention and Control, Centers for Disease Control and Prevention: </td>
</tr>


<tr>

<th scope="row" class="row-header">Measure Steward</th>

<td class="content-container">MITRE</td>
</tr>


<tr>

<th scope="row" class="row-header">Steward Contact Details</th>

<td class="content-container">MITRE: <a href="https://www.mitre.org/">https://www.mitre.org/</a></td>
</tr>


<tr>

<th scope="row" class="row-header">Copyright</th>

<td class="content-container"><div><p>(C) 2025 The MITRE Corporation. All Rights Reserved. Approved for Public Release: 24-2711. Distribution Unlimited. Unless otherwise noted, this work is available under an Apache 2.0 license. It was produced by the MITRE Corporation for the Division of Cancer Prevention and Control, Centers for Disease Control and Prevention in accordance with the Statement of Work, contract number 75FCMC18D0047, task order number 75D30123F17931.</p>
</div></td>
</tr>










<tr>

<th colspan="2" scope="row" class="row-header">Measure Metadata</th>

</tr>






<tr>

<th scope="row" class="row-header">Version Number</th>

<td class="content-container">0.1.0</td>
</tr>
















  
    <tr>

<th colspan="2" scope="row" class="row-header">Measure Population Criteria</th>

</tr>
  
  
  
  
    <tr>
      
        
<th scope="row" class="row-header">Initial Population</th>

      
      <td class="content-container">
        
        
          <em>Description</em>: No description provided
        
        
          
            
            <em>Logic Definition</em>: <a href="#screeningdue-initial-population">Initial Population</a> 
          
        
      </td>
    </tr>
  

  
    <tr>
      
        
<th scope="row" class="row-header">Numerator</th>

      
      <td class="content-container">
        
        
          <em>Description</em>: No description provided
        
        
          
            
            <em>Logic Definition</em>: <a href="#screeningdue-numerator">Numerator</a> 
          
        
      </td>
    </tr>
  

  
    <tr>
      
        
<th scope="row" class="row-header">Denominator</th>

      
      <td class="content-container">
        
        
          <em>Description</em>: No description provided
        
        
          
            
            <em>Logic Definition</em>: <a href="#screeningdue-denominator">Denominator</a> 
          
        
      </td>
    </tr>
  

  
    <tr>
      
        
<th scope="row" class="row-header">Denominator Exclusion</th>

      
      <td class="content-container">
        
        
          <em>Description</em>: No description provided
        
        
          
            
            <em>Logic Definition</em>: <a href="#screeningdue-denominator-exclusion">Denominator Exclusion</a> 
          
        
      </td>
    </tr>
  

  
  













<tr>

<th colspan="2" scope="row" class="row-header">Measure Logic</th>

</tr>

<tr>

<th scope="row" class="row-header">Primary Library</th>

<td class="content-container"><a href="Library-ScreeningDue.html">ScreeningDue</a></td>
</tr>




<tr>
  <th colspan="2" scope="row" class="row-header">Generated using version 0.4.6 of the sample-content-ig Liquid templates</th>
</tr>
    </tbody>
  </table>
</div>
  </text>
  <url value="http://cancerscreeningcds.github.io/crcsm-cds/Measure/ScreeningDueMeasure"/>
  <version value="0.1.0"/>
  <name value="ScreeningDueMeasure"/>
  <title value="Screening Due Measure"/>
  <status value="active"/>
  <experimental value="true"/>
  <date value="2025-02-28"/>
  <publisher value="MITRE"/>
  <contact>
    <name value="MITRE"/>
    <telecom>
      <system value="url"/>
      <value value="https://www.mitre.org/"/>
    </telecom>
  </contact>
  <description value="Identifies patients who may be due for screening based on prior assessment and documentation of next due date and flags patient who may be overdue for potential enhanced outreach efforts.&#xA;&#xA;Intended for use with either individual patient alerts, within the context of a clinical encounter or outside an encounter, or for generating asynchronous reports on a cohort/panel of patients in order to target outreach or escalation."/>
  <copyright value="(C) 2025 The MITRE Corporation. All Rights Reserved. Approved for Public Release: 24-2711. Distribution Unlimited. Unless otherwise noted, this work is available under an Apache 2.0 license. It was produced by the MITRE Corporation for the Division of Cancer Prevention and Control, Centers for Disease Control and Prevention in accordance with the Statement of Work, contract number 75FCMC18D0047, task order number 75D30123F17931."/>
  <approvalDate value="2025-02-28"/>
  <lastReviewDate value="2025-02-28"/>
  <author>
    <name value="The Health FFRDC, operated by The MITRE Corporation, in support of the Division of Cancer Prevention and Control, Centers for Disease Control and Prevention."/>
  </author>
  <editor>
    <name value="Division of Cancer Prevention and Control, Centers for Disease Control and Prevention"/>
  </editor>
  <reviewer>
    <name value="Division of Cancer Prevention and Control, Centers for Disease Control and Prevention"/>
  </reviewer>
  <endorser>
    <name value="Division of Cancer Prevention and Control, Centers for Disease Control and Prevention"/>
  </endorser>
  <library value="http://cancerscreeningcds.github.io/crcsm-cds/Library/ScreeningDue"/>
  <group>
    <population>
      <code>
        <coding>
          <system value="http://terminology.hl7.org/CodeSystem/measure-population"/>
          <code value="initial-population"/>
          <display value="Initial Population"/>
        </coding>
      </code>
      <criteria>
        <language value="text/cql-identifier"/>
        <expression value="Initial Population"/>
      </criteria>
    </population>
    <population>
      <code>
        <coding>
          <system value="http://terminology.hl7.org/CodeSystem/measure-population"/>
          <code value="numerator"/>
          <display value="Numerator"/>
        </coding>
      </code>
      <criteria>
        <language value="text/cql-identifier"/>
        <expression value="Numerator"/>
      </criteria>
    </population>
    <population>
      <code>
        <coding>
          <system value="http://terminology.hl7.org/CodeSystem/measure-population"/>
          <code value="denominator"/>
          <display value="Denominator"/>
        </coding>
      </code>
      <criteria>
        <language value="text/cql-identifier"/>
        <expression value="Denominator"/>
      </criteria>
    </population>
    <population>
      <code>
        <coding>
          <system value="http://terminology.hl7.org/CodeSystem/measure-population"/>
          <code value="denominator-exclusion"/>
          <display value="Denominator Exclusion"/>
        </coding>
      </code>
      <criteria>
        <language value="text/cql-identifier"/>
        <expression value="Denominator Exclusion"/>
      </criteria>
    </population>
  </group>
</Measure>