<?xml version="1.0" encoding="UTF-8"?>

<ValueSet xmlns="http://hl7.org/fhir">
  <id value="recommendation-flag-codes"/>
  <text>
    <status value="generated"/><div xmlns="http://www.w3.org/1999/xhtml"><p class="res-header-id"><b>Generated Narrative: ValueSet recommendation-flag-codes</b></p><a name="recommendation-flag-codes"> </a><a name="hcrecommendation-flag-codes"> </a><a name="recommendation-flag-codes-en-US"> </a><ul><li>Include all codes defined in <a href="CodeSystem-recommendation-flag-code-system.html"><code>http://cancerscreeningcds.github.io/crcsm-cds/CodeSystem/recommendation-flag-code-system</code></a></li></ul></div>
  </text>
  <url value="http://cancerscreeningcds.github.io/crcsm-cds/ValueSet/recommendation-flag-codes"/>
  <version value="0.1.0"/>
  <name value="RecommendationFlagCodes"/>
  <title value="Recommendation Flag Codes"/>
  <status value="draft"/>
  <experimental value="true"/>
  <date value="2025-02-28T21:24:30+00:00"/>
  <publisher value="MITRE"/>
  <contact>
    <name value="MITRE"/>
    <telecom>
      <system value="url"/>
      <value value="https://www.mitre.org/"/>
    </telecom>
  </contact>
  <description value="This value set includes flag codes for recommendation actions within this implementation guide."/>
  <compose>
    <include>
      <system value="http://cancerscreeningcds.github.io/crcsm-cds/CodeSystem/recommendation-flag-code-system"/>
    </include>
  </compose>
</ValueSet>