<?xml version="1.0" encoding="UTF-8"?><CodeSystem xmlns="http://hl7.org/fhir"><id value="screening-observation-code-system"/><text><status value="generated"/><div xmlns="http://www.w3.org/1999/xhtml"><p class="res-header-id"><b>Generated Narrative: CodeSystem screening-observation-code-system</b></p><a name="screening-observation-code-system"> </a><a name="hcscreening-observation-code-system"> </a><a name="screening-observation-code-system-en-US"> </a><p>This  code system <code>http://cancerscreeningcds.github.io/crcsm-cds/CodeSystem/screening-observation-code-system</code> defines the following codes:</p><table class="codes"><tr><td style="white-space:nowrap"><b>Code</b></td><td><b>Display</b></td></tr><tr><td style="white-space:nowrap">ColorectalSymptoms<a name="screening-observation-code-system-ColorectalSymptoms"> </a></td><td>New or worsening colorectal symptoms</td></tr><tr><td style="white-space:nowrap">ReducedLifeExpectancyIndicator<a name="screening-observation-code-system-ReducedLifeExpectancyIndicator"> </a></td><td>Reduced life expectancy indicator</td></tr></table></div></text><url value="http://cancerscreeningcds.github.io/crcsm-cds/CodeSystem/screening-observation-code-system"/><version value="0.1.0"/><name value="ScreeningObservationCodeSystem"/><title value="Screening Observation Code System"/><status value="draft"/><experimental value="true"/><date value="2025-02-28T21:24:30+00:00"/><publisher value="MITRE"/><contact><name value="MITRE"/><telecom><system value="url"/><value value="https://www.mitre.org/"/></telecom></contact><description value="Code representing cancer screening related observations"/><content value="complete"/><count value="2"/><concept><code value="ColorectalSymptoms"/><display value="New or worsening colorectal symptoms"/></concept><concept><code value="ReducedLifeExpectancyIndicator"/><display value="Reduced life expectancy indicator"/></concept></CodeSystem>