<?xml version="1.0" encoding="UTF-8"?><CodeSystem xmlns="http://hl7.org/fhir"><id value="plan-definition-action-code-system"/><text><status value="generated"/><div xmlns="http://www.w3.org/1999/xhtml"><p class="res-header-id"><b>Generated Narrative: CodeSystem plan-definition-action-code-system</b></p><a name="plan-definition-action-code-system"> </a><a name="hcplan-definition-action-code-system"> </a><a name="plan-definition-action-code-system-en-US"> </a><p>This  code system <code>http://cancerscreeningcds.github.io/crcsm-cds/CodeSystem/plan-definition-action-code-system</code> defines the following codes:</p><table class="codes"><tr><td style="white-space:nowrap"><b>Code</b></td><td><b>Display</b></td></tr><tr><td style="white-space:nowrap">eligible<a name="plan-definition-action-code-system-eligible"> </a></td><td>Eligible for screening</td></tr><tr><td style="white-space:nowrap">noteligible<a name="plan-definition-action-code-system-noteligible"> </a></td><td>Not eligible for screening</td></tr><tr><td style="white-space:nowrap">error<a name="plan-definition-action-code-system-error"> </a></td><td>An error occurred</td></tr><tr><td style="white-space:nowrap">sdmcontinue<a name="plan-definition-action-code-system-sdmcontinue"> </a></td><td>Shared decision making to continue screening</td></tr><tr><td style="white-space:nowrap">stopscreen<a name="plan-definition-action-code-system-stopscreen"> </a></td><td>Recommendation to stop screening</td></tr><tr><td style="white-space:nowrap">startscreeningat45yearsold<a name="plan-definition-action-code-system-startscreeningat45yearsold"> </a></td><td>Start screening at 45 years old</td></tr><tr><td style="white-space:nowrap">startscreening<a name="plan-definition-action-code-system-startscreening"> </a></td><td>Start screening</td></tr><tr><td style="white-space:nowrap">continueroutinescreening<a name="plan-definition-action-code-system-continueroutinescreening"> </a></td><td>Continue routine screening</td></tr><tr><td style="white-space:nowrap">continueroutinescreeninghighqualitytest<a name="plan-definition-action-code-system-continueroutinescreeninghighqualitytest"> </a></td><td>Continue routine screening if high-quality test</td></tr><tr><td style="white-space:nowrap">orderfollowupcolonoscopy<a name="plan-definition-action-code-system-orderfollowupcolonoscopy"> </a></td><td>Order follow-up colonoscopy</td></tr><tr><td style="white-space:nowrap">specialtyreferral<a name="plan-definition-action-code-system-specialtyreferral"> </a></td><td>Refer to specialist recommendations</td></tr><tr><td style="white-space:nowrap">increasedriskscreening<a name="plan-definition-action-code-system-increasedriskscreening"> </a></td><td>Increased risk screening for colorectal cancer</td></tr></table></div></text><url value="http://cancerscreeningcds.github.io/crcsm-cds/CodeSystem/plan-definition-action-code-system"/><version value="0.1.0"/><name value="PlanDefinitionActionCodeSystem"/><title value="Plan Definition Action Code System"/><status value="draft"/><experimental value="true"/><date value="2025-02-28T21:24:30+00:00"/><publisher value="MITRE"/><contact><name value="MITRE"/><telecom><system value="url"/><value value="https://www.mitre.org/"/></telecom></contact><description value="Code representing plan definition action codes"/><content value="complete"/><count value="12"/><concept><code value="eligible"/><display value="Eligible for screening"/><designation><use><system value="http://terminology.hl7.org/CodeSystem/designation-usage"/><code value="display"/></use><value value="Eligible for screening"/></designation></concept><concept><code value="noteligible"/><display value="Not eligible for screening"/><designation><use><system value="http://terminology.hl7.org/CodeSystem/designation-usage"/><code value="display"/></use><value value="Not eligible for screening"/></designation></concept><concept><code value="error"/><display value="An error occurred"/><designation><use><system value="http://terminology.hl7.org/CodeSystem/designation-usage"/><code value="display"/></use><value value="An error occurred"/></designation></concept><concept><code value="sdmcontinue"/><display value="Shared decision making to continue screening"/><designation><use><system value="http://terminology.hl7.org/CodeSystem/designation-usage"/><code value="display"/></use><value value="Shared decision making to continue screening"/></designation></concept><concept><code value="stopscreen"/><display value="Recommendation to stop screening"/><designation><use><system value="http://terminology.hl7.org/CodeSystem/designation-usage"/><code value="display"/></use><value value="Recommendation to stop screening"/></designation></concept><concept><code value="startscreeningat45yearsold"/><display value="Start screening at 45 years old"/><designation><use><system value="http://terminology.hl7.org/CodeSystem/designation-usage"/><code value="display"/></use><value value="Start screening at 45 years old"/></designation></concept><concept><code value="startscreening"/><display value="Start screening"/><designation><use><system value="http://terminology.hl7.org/CodeSystem/designation-usage"/><code value="display"/></use><value value="Start screening"/></designation></concept><concept><code value="continueroutinescreening"/><display value="Continue routine screening"/><designation><use><system value="http://terminology.hl7.org/CodeSystem/designation-usage"/><code value="display"/></use><value value="Continue routine screening"/></designation></concept><concept><code value="continueroutinescreeninghighqualitytest"/><display value="Continue routine screening if high-quality test"/><designation><use><system value="http://terminology.hl7.org/CodeSystem/designation-usage"/><code value="display"/></use><value value="Continue routine screening if high-quality test"/></designation></concept><concept><code value="orderfollowupcolonoscopy"/><display value="Order follow-up colonoscopy"/><designation><use><system value="http://terminology.hl7.org/CodeSystem/designation-usage"/><code value="display"/></use><value value="Order follow-up colonoscopy"/></designation></concept><concept><code value="specialtyreferral"/><display value="Refer to specialist recommendations"/><designation><use><system value="http://terminology.hl7.org/CodeSystem/designation-usage"/><code value="display"/></use><value value="Refer to specialist recommendations"/></designation></concept><concept><code value="increasedriskscreening"/><display value="Increased risk screening for colorectal cancer"/><designation><use><system value="http://terminology.hl7.org/CodeSystem/designation-usage"/><code value="display"/></use><value value="Increased risk screening for colorectal cancer"/></designation></concept></CodeSystem>