<?xml version="1.0" encoding="UTF-8"?><CodeSystem xmlns="http://hl7.org/fhir"><id value="colonoscopy-result-observation-system"/><text><status value="generated"/><div xmlns="http://www.w3.org/1999/xhtml"><p class="res-header-id"><b>Generated Narrative: CodeSystem colonoscopy-result-observation-system</b></p><a name="colonoscopy-result-observation-system"> </a><a name="hccolonoscopy-result-observation-system"> </a><a name="colonoscopy-result-observation-system-en-US"> </a><p>This  code system <code>http://cancerscreeningcds.github.io/crcsm-cds/CodeSystem/colonoscopy-result-observation-system</code> defines the following codes:</p><table class="codes"><tr><td style="white-space:nowrap"><b>Code</b></td><td><b>Display</b></td></tr><tr><td style="white-space:nowrap">crcfinding<a name="colonoscopy-result-observation-system-crcfinding"> </a></td><td>Colorectal cancer finding</td></tr><tr><td style="white-space:nowrap">missingrec<a name="colonoscopy-result-observation-system-missingrec"> </a></td><td>Missing endoscopist recommendation for potentially precancerous polyp finding</td></tr></table></div></text><url value="http://cancerscreeningcds.github.io/crcsm-cds/CodeSystem/colonoscopy-result-observation-system"/><version value="0.1.0"/><name value="ColonoscopyResultObservationCodeSystem"/><title value="Colonoscopy Result Observation Code System"/><status value="draft"/><experimental value="true"/><date value="2025-02-28T21:24:30+00:00"/><publisher value="MITRE"/><contact><name value="MITRE"/><telecom><system value="url"/><value value="https://www.mitre.org/"/></telecom></contact><description value="Code representing cancer screening related observations"/><content value="complete"/><count value="2"/><concept><code value="crcfinding"/><display value="Colorectal cancer finding"/></concept><concept><code value="missingrec"/><display value="Missing endoscopist recommendation for potentially precancerous polyp finding"/></concept></CodeSystem>