<?xml version="1.0" encoding="UTF-8"?><PlanDefinition xmlns="http://hl7.org/fhir"><id value="flow-IncreasedRiskExclusions"/><meta><profile value="http://hl7.org/fhir/uv/cpg/StructureDefinition/cpg-computableplandefinition"/></meta><extension url="http://hl7.org/fhir/uv/cpg/StructureDefinition/cpg-knowledgeCapability"><valueCode value="executable"/></extension><extension url="http://hl7.org/fhir/uv/cpg/StructureDefinition/cpg-knowledgeRepresentationLevel"><valueCode value="structured"/></extension><url value="http://cancerscreeningcds.github.io/crcsm-cds/PlanDefinition/flow-IncreasedRiskExclusions"/><version value="0.1.0"/><name value="flow-IncreasedRiskExclusions"/><title value="Increased Risk Exclusions"/><type><coding><system value="http://terminology.hl7.org/CodeSystem/plan-definition-type"/><code value="eca-rule"/></coding></type><status value="draft"/><experimental value="true"/><date value="2025-02-28"/><publisher value="MITRE"/><contact><name value="MITRE"/><telecom><system value="url"/><value value="https://www.mitre.org/"/></telecom></contact><description value="Determines whether a patient should be considered for average risk colorectal cancer screening or increased risk screening or surveillance. Patients who meet criteria for higher than average risk for colorectal cancer, as defined in the U.S. Preventative Services Task Force (USPSTF), are excluded from average risk screening recommendations.&#xA;&#xA;This path can be used to ensure that USPSTF average-risk recommendations are suppressed for patients meeting increased risk criteria. It can also be used to identify and surface risk factors for colorectal cancer, and to direct patients to appropriate screening/surveillance recommendations for increased risk populations."/><copyright value="(C) 2025 The MITRE Corporation. All Rights Reserved. Approved for Public Release: 24-2711. Distribution Unlimited. Unless otherwise noted, this work is available under an Apache 2.0 license. It was produced by the MITRE Corporation for the Division of Cancer Prevention and Control, Centers for Disease Control and Prevention in accordance with the Statement of Work, contract number 75FCMC18D0047, task order number 75D30123F17931."/><approvalDate value="2025-02-28"/><lastReviewDate value="2025-02-28"/><author><name value="The Health FFRDC, operated by The MITRE Corporation, in support of the Division of Cancer Prevention and Control, Centers for Disease Control and Prevention."/></author><editor><name value="Division of Cancer Prevention and Control, Centers for Disease Control and Prevention"/></editor><reviewer><name value="Division of Cancer Prevention and Control, Centers for Disease Control and Prevention"/></reviewer><endorser><name value="Division of Cancer Prevention and Control, Centers for Disease Control and Prevention"/></endorser><library value="Library/IncreasedRiskExclusions|1.0.0"/><action id="HereditarySyndromesSurveillance"><title value="Colorectal cancer surveillance per specialist recommendations"/><description value="Refer to GI specialist for colorectal cancer (and possibly additional cancers) surveillance recommendations.&#xA;&#xA;Patients with a hereditary cancer syndrome require specialized management and colonoscopy surveillance for colorectal cancer (as well as additional surveillance for other cancers). Recommendations on when to start surveillance and surveillance intervals vary according to the syndrome."/><documentation><type value="citation"/><label value="ACG Hereditary Syndromes (2015)"/><display value="ACG Clinical Guideline: Genetic Testing and Management of Hereditary Gastrointestinal Cancer Syndromes"/><citation value="Syngal, S., et al. (2015). ACG Clinical Guideline: Genetic Testing and Management of Hereditary Gastrointestinal Cancer Syndromes. American Journal of Gastroenterology 110(2):p 223-262. https://doi.org/10.1038/ajg.2014.435"/></documentation><condition><kind value="applicability"/><expression><language value="text/cql-identifier"/><expression value="ExistsHereditarySyndrome"/></expression></condition><definitionCanonical value="http://cancerscreeningcds.github.io/crcsm-cds/ActivityDefinition/ColorectalCancerScreeningServiceRequest|1.0.0"/><dynamicValue><path value="code.coding[0]"/><expression><language value="text/cql-identifier"/><expression value="HereditarySyndromeCode"/></expression></dynamicValue><dynamicValue><path value="reasonCode[0].coding[0]"/><expression><language value="text/cql-identifier"/><expression value="HereditarySyndromeReason"/></expression></dynamicValue></action><action id="IBDIncreasedRisk"><title value="IBD surveillance per specialist recommendations"/><description value="Start colonoscopy surveillance 8-10 years after disease onset.&#xA;&#xA;Repeat colonoscopy every 1-5 years based on GI specialist recommendations."/><documentation><type value="citation"/><label value="ACG Crohn's Disease (2018)"/><display value="ACG Clinical Guideline: Management of Crohn's Disease in Adults"/><citation value="Lichtenstein, G.R., et al. (2018). ACG Clinical Guideline: Management of Crohn's Disease in Adults. American Journal of Gastroenterology, 113(4), 481-517. https://doi.org/10.1038/ajg.2018.27"/></documentation><documentation><type value="citation"/><label value="ACG Ulcerative Colitis (2019)"/><display value="ACG Clinical Guideline: Ulcerative Colitis in Adults"/><citation value="Rubin, D. T., et al. (2019). ACG Clinical Guideline: Ulcerative Colitis in Adults. The American journal of gastroenterology, 114(3), 384-413. https://doi.org/10.14309/ajg.0000000000000152"/></documentation><documentation><type value="citation"/><label value="AGA Inflammatory Bowel Disease (2021)"/><display value="AGA Clinical Practice Update on Endoscopic Surveillance and Management of Colorectal Dysplasia in Inflammatory Bowel Diseases: Expert Review"/><citation value="Murthy, S. K., et al. (2021). AGA Clinical Practice Update on Endoscopic Surveillance and Management of Colorectal Dysplasia in Inflammatory Bowel Diseases: Expert Review. Gastroenterology, 161(3), 1043-1051.e4. https://doi.org/10.1053/j.gastro.2021.05.063"/></documentation><condition><kind value="applicability"/><expression><language value="text/cql-identifier"/><expression value="ExistsIBD"/></expression></condition><definitionCanonical value="http://cancerscreeningcds.github.io/crcsm-cds/ActivityDefinition/ColorectalCancerScreeningServiceRequest|1.0.0"/><dynamicValue><path value="code.coding[0]"/><expression><language value="text/cql-identifier"/><expression value="IBDCode"/></expression></dynamicValue><dynamicValue><path value="reasonCode[0].coding[0]"/><expression><language value="text/cql-identifier"/><expression value="IBDReason"/></expression></dynamicValue></action><action id="HistoryCRCSurveillance"><title value="Post-colorectal cancer resection surveillance"/><description value="Patients with a history of colorectal cancer should begin colonoscopy surveillance 1 year pos-resection.&#xA;&#xA;Repeat colonoscopy 3 years after 1st surveillance, and every 5 years thereafter. Post-polypectomy surveillance intervals apply if shorter.&#xA;&#xA;Refer to patient's oncologic treatment team of survivorship care plan for patient-specific guidance."/><documentation><type value="citation"/><label value="USMSTF Post Colorectal Cancer Resection (2016)"/><display value="Colonoscopy Surveillance after Colorectal Cancer Resection: Recommendations of the US Multi-Society Task Force on Colorectal Cancer"/><citation value="Kahi, C. J., et al. (2016). Colonoscopy Surveillance after Colorectal Cancer Resection: Recommendations of the US Multi-Society Task Force on Colorectal Cancer. Gastroenterology, 150(3), 758-768.e11. https://doi.org/10.1053/j.gastro.2016.01.001"/></documentation><documentation><type value="citation"/><label value="USMSTF Follow-Up After Colonoscopy and Polypectomy (2020)"/><display value="Recommendations for Follow-Up After Colonoscopy and Polypectomy: A Consensus Update by the US Multi-Society Task Force on Colorectal Cancer"/><citation value="Gupta, S., et al. (2020). Recommendations for Follow-Up After Colonoscopy and Polypectomy: A Consensus Update by the US Multi-Society Task Force on Colorectal Cancer. Gastroenterology, 158(4), 1131–1153.e5. https://doi.org/10.1053/j.gastro.2019.10.026"/></documentation><condition><kind value="applicability"/><expression><language value="text/cql-identifier"/><expression value="ExistsHxCRC"/></expression></condition><definitionCanonical value="http://cancerscreeningcds.github.io/crcsm-cds/ActivityDefinition/ColorectalCancerScreeningServiceRequest|1.0.0"/><dynamicValue><path value="code.coding[0]"/><expression><language value="text/cql-identifier"/><expression value="HxCRCCode"/></expression></dynamicValue><dynamicValue><path value="reasonCode[0].coding[0]"/><expression><language value="text/cql-identifier"/><expression value="HxCRCReason"/></expression></dynamicValue></action><action id="FamilyHistoryIncreasedRisk"><title value="Family history increased risk screening/surveillance"/><description value="For patients with a single first-degree relative (mother, father, full sibling, child) with colorectal cancer or an advanced polyp(s):&#xA;* If relative diagnosed at &gt;= 60 years:&#xA;    * Start screening at 40 years old. Tests and intervals are as per average risk screening recommendations.&#xA;* If relative diagnosed at &lt; 60 years old:&#xA;    * Start screening 10 years before relative's age at diagnosis or age 40, whichever is earlier. Repeat colonoscopy every 5 years.&#xA;    * If no significant neoplasia appears by age 60 years, can offer expanding the interval between colonoscopies.&#xA;&#xA;For patients with 2 or more first-degree relatives with colorectal cancer or an advanced polyp:&#xA;* Start screening colonoscopy 10 years before the reatives' youngest age at diagnosis or age 40, whichever is earlier. Repeat colonoscopy every 5 years.&#xA;&#xA;Patients with a history of potentially precancerous polyps should follow shortest interval between recommendations above and recommendations based on colonoscopy findings."/><documentation><type value="citation"/><label value="USMSTF (2017)"/><display value="Colorectal Cancer Screening: Recommendations for Physicians and Patients From the U.S. Multi-Society Task Force on Colorectal Cancer"/><citation value="Rex, D. K., et al. (2017). Colorectal Cancer Screening: Recommendations for Physicians and Patients From the U.S. Multi-Society Task Force on Colorectal Cancer. Gastroenterology, 153(1), 307-323. https://doi.org/10.1053/j.gastro.2017.05.013"/></documentation><documentation><type value="citation"/><label value="ACG Average Risk (2021)"/><display value="ACG Clinical Guidelines: Colorectal Cancer Screening 2021"/><citation value="Shaukat, A., et al. (2021). ACG Clinical Guidelines: Colorectal Cancer Screening 2021. American Journal of Gastroenterology, 116(3), 458-479. https://doi.org/10.14309/ajg.0000000000001122"/></documentation><documentation><type value="citation"/><label value="USMSTF Follow-Up After Colonoscopy and Polypectomy (2020)"/><display value="Recommendations for Follow-Up After Colonoscopy and Polypectomy: A Consensus Update by the US Multi-Society Task Force on Colorectal Cancer"/><citation value="Gupta, S., et al. (2020). Recommendations for Follow-Up After Colonoscopy and Polypectomy: A Consensus Update by the US Multi-Society Task Force on Colorectal Cancer. Gastroenterology, 158(4), 1131–1153.e5. https://doi.org/10.1053/j.gastro.2019.10.026"/></documentation><condition><kind value="applicability"/><expression><language value="text/cql-identifier"/><expression value="ExistsFamilyHx"/></expression></condition><definitionCanonical value="http://cancerscreeningcds.github.io/crcsm-cds/ActivityDefinition/ColorectalCancerScreeningServiceRequest|1.0.0"/><dynamicValue><path value="code.coding[0]"/><expression><language value="text/cql-identifier"/><expression value="FamilyHxCode"/></expression></dynamicValue><dynamicValue><path value="reasonCode[0].coding[0]"/><expression><language value="text/cql-identifier"/><expression value="FamilyHxReason"/></expression></dynamicValue></action><action id="HistoryPolypsIncreasedRisk"><title value="Post-polypectomy surveillance"/><description value="Follow endoscopist-recommended interval. "/><documentation><type value="citation"/><label value="USMSTF Follow-Up After Colonoscopy and Polypectomy (2020)"/><display value="Recommendations for Follow-Up After Colonoscopy and Polypectomy: A Consensus Update by the US Multi-Society Task Force on Colorectal Cancer"/><citation value="Gupta, S., et al. (2020). Recommendations for Follow-Up After Colonoscopy and Polypectomy: A Consensus Update by the US Multi-Society Task Force on Colorectal Cancer. Gastroenterology, 158(4), 1131–1153.e5. https://doi.org/10.1053/j.gastro.2019.10.026"/></documentation><condition><kind value="applicability"/><expression><language value="text/cql-identifier"/><expression value="ExistsHxPolyps"/></expression></condition><definitionCanonical value="http://cancerscreeningcds.github.io/crcsm-cds/ActivityDefinition/ColorectalCancerScreeningServiceRequest|1.0.0"/><dynamicValue><path value="code.coding[0]"/><expression><language value="text/cql-identifier"/><expression value="HxPolypsCode"/></expression></dynamicValue><dynamicValue><path value="reasonCode[0].coding[0]"/><expression><language value="text/cql-identifier"/><expression value="HxPolypsReason"/></expression></dynamicValue></action></PlanDefinition>