<?xml version="1.0" encoding="UTF-8"?><PlanDefinition xmlns="http://hl7.org/fhir"><id value="HighLevel"/><meta><profile value="http://hl7.org/fhir/uv/cpg/StructureDefinition/cpg-computableplandefinition"/></meta><extension url="http://hl7.org/fhir/uv/cpg/StructureDefinition/cpg-knowledgeCapability"><valueCode value="executable"/></extension><extension url="http://hl7.org/fhir/uv/cpg/StructureDefinition/cpg-knowledgeRepresentationLevel"><valueCode value="structured"/></extension><url value="http://cancerscreeningcds.github.io/crcsm-cds/PlanDefinition/HighLevel"/><version value="0.1.0"/><name value="HighLevel"/><title value="High Level Flow"/><type><coding><system value="http://terminology.hl7.org/CodeSystem/plan-definition-type"/><code value="eca-rule"/><display value="ECA Rule"/></coding></type><status value="draft"/><experimental value="true"/><date value="2025-02-28"/><publisher value="MITRE"/><contact><name value="MITRE"/><telecom><system value="url"/><value value="https://www.mitre.org/"/></telecom></contact><description value="Brings together recommendations from Primary Screening Decision and Follow-up Screening Result."/><copyright value="(C) 2025 The MITRE Corporation. All Rights Reserved. Approved for Public Release: 24-2711. Distribution Unlimited. Unless otherwise noted, this work is available under an Apache 2.0 license. It was produced by the MITRE Corporation for the Division of Cancer Prevention and Control, Centers for Disease Control and Prevention in accordance with the Statement of Work, contract number 75FCMC18D0047, task order number 75D30123F17931."/><approvalDate value="2025-02-28"/><lastReviewDate value="2025-02-28"/><author><name value="The Health FFRDC, operated by The MITRE Corporation, in support of the Division of Cancer Prevention and Control, Centers for Disease Control and Prevention."/></author><editor><name value="Division of Cancer Prevention and Control, Centers for Disease Control and Prevention"/></editor><reviewer><name value="Division of Cancer Prevention and Control, Centers for Disease Control and Prevention"/></reviewer><endorser><name value="Division of Cancer Prevention and Control, Centers for Disease Control and Prevention"/></endorser><library value="Library/HighLevel|1.0.0"/><action><title value="Followup Screening Result"/><condition><kind value="applicability"/><expression><language value="text/cql-identifier"/><expression value="ExistsFollowUpRecommendation"/></expression></condition><definitionCanonical value="http://cancerscreeningcds.github.io/crcsm-cds/PlanDefinition/flow-FollowUp|1.0.0"/></action><action><title value="Primary Screening Decision"/><condition><kind value="applicability"/><expression><language value="text/cql-identifier"/><expression value="ExistsPrimaryScreeningDecisionRecommendation"/></expression></condition><definitionCanonical value="http://cancerscreeningcds.github.io/crcsm-cds/PlanDefinition/PrimaryScreeningDecision|1.0.0"/></action></PlanDefinition>