<?xml version="1.0" encoding="UTF-8"?>

<Bundle xmlns="http://hl7.org/fhir">
  <id value="eve-Age86AndOlder_no_eve-AgeOver76_yes_act-SelectivelyOfferScreening__eve-LifeExp10_no_eve-riskFactors_no_act-AvgRiskEligible"/>
  <type value="collection"/>
  <entry>
    <resource>
      <Patient>
        <id value="d8b3193b-19e5-4b8d-aa6d-e66bfec076bf"/>
        <text>
          <status value="generated"/><div xmlns="http://www.w3.org/1999/xhtml"><a name="Patient_d8b3193b-19e5-4b8d-aa6d-e66bfec076bf"> </a><p class="res-header-id"><b>Generated Narrative: Patient d8b3193b-19e5-4b8d-aa6d-e66bfec076bf</b></p><a name="d8b3193b-19e5-4b8d-aa6d-e66bfec076bf"> </a><a name="hcd8b3193b-19e5-4b8d-aa6d-e66bfec076bf"> </a><a name="d8b3193b-19e5-4b8d-aa6d-e66bfec076bf-en-US"> </a><p style="border: 1px #661aff solid; background-color: #e6e6ff; padding: 10px;">Joanne Smith  Female, DoB: 1944-01-01</p><hr/></div>
        </text>
        <name>
          <family value="Smith"/>
          <given value="Joanne"/>
        </name>
        <gender value="female"/>
        <birthDate value="1944-01-01"/>
      </Patient>
    </resource>
  </entry>
</Bundle>