{
  "resourceType" : "Bundle",
  "id" : "eve-pendingColonoscopy_act-testpending",
  "type" : "collection",
  "entry" : [{
    "resource" : {
      "resourceType" : "Patient",
      "id" : "e1bd2e8c-c3c4-4b09-b265-2e6847a6cb54",
      "text" : {
        "status" : "generated",
        "div" : "<div xmlns=\"http://www.w3.org/1999/xhtml\"><a name=\"Patient_e1bd2e8c-c3c4-4b09-b265-2e6847a6cb54\"> </a><p class=\"res-header-id\"><b>Generated Narrative: Patient e1bd2e8c-c3c4-4b09-b265-2e6847a6cb54</b></p><a name=\"e1bd2e8c-c3c4-4b09-b265-2e6847a6cb54\"> </a><a name=\"hce1bd2e8c-c3c4-4b09-b265-2e6847a6cb54\"> </a><a name=\"e1bd2e8c-c3c4-4b09-b265-2e6847a6cb54-en-US\"> </a><p style=\"border: 1px #661aff solid; background-color: #e6e6ff; padding: 10px;\">Joanne Smith  Other, DoB: 1971-01-01</p><hr/><table class=\"grid\"><tr><td style=\"background-color: #f3f5da\" title=\"A code classifying the person's sex assigned at birth  as specified by the [Office of the National Coordinator for Health IT (ONC)](https://www.healthit.gov/newsroom/about-onc). This extension aligns with the C-CDA Birth Sex Observation (LOINC 76689-9).\"><a href=\"http://hl7.org/fhir/us/core/STU3.1/StructureDefinition-us-core-birthsex.html\">US Core Birth Sex Extension</a></td><td colspan=\"3\">F</td></tr></table></div>"
      },
      "extension" : [{
        "url" : "http://hl7.org/fhir/us/core/StructureDefinition/us-core-birthsex",
        "valueCode" : "F"
      }],
      "name" : [{
        "family" : "Smith",
        "given" : ["Joanne"]
      }],
      "gender" : "other",
      "birthDate" : "1971-01-01"
    }
  },
  {
    "resource" : {
      "resourceType" : "ServiceRequest",
      "id" : "7ad2c8de-4b6d-4892-9b77-71dca76ca1e3",
      "text" : {
        "status" : "generated",
        "div" : "<div xmlns=\"http://www.w3.org/1999/xhtml\"><a name=\"ServiceRequest_7ad2c8de-4b6d-4892-9b77-71dca76ca1e3\"> </a><p class=\"res-header-id\"><b>Generated Narrative: ServiceRequest 7ad2c8de-4b6d-4892-9b77-71dca76ca1e3</b></p><a name=\"7ad2c8de-4b6d-4892-9b77-71dca76ca1e3\"> </a><a name=\"hc7ad2c8de-4b6d-4892-9b77-71dca76ca1e3\"> </a><a name=\"7ad2c8de-4b6d-4892-9b77-71dca76ca1e3-en-US\"> </a><p><b>status</b>: Completed</p><p><b>intent</b>: Order</p><p><b>doNotPerform</b>: false</p><p><b>code</b>: <span title=\"Codes:{http://loinc.org 18746-8}\">Colonoscopy study</span></p></div>"
      },
      "status" : "completed",
      "intent" : "order",
      "doNotPerform" : false,
      "code" : {
        "coding" : [{
          "system" : "http://loinc.org",
          "code" : "18746-8",
          "display" : "Colonoscopy study"
        }]
      }
    }
  }]
}