{
  "resourceType" : "Bundle",
  "id" : "eve-Age86AndOlder_yes_act-HarmsLikelyOutweighBenefits",
  "type" : "collection",
  "entry" : [{
    "resource" : {
      "resourceType" : "Patient",
      "id" : "387ec8ea-453f-4f30-8a1b-ed5ddb295e4c",
      "text" : {
        "status" : "generated",
        "div" : "<div xmlns=\"http://www.w3.org/1999/xhtml\"><a name=\"Patient_387ec8ea-453f-4f30-8a1b-ed5ddb295e4c\"> </a><p class=\"res-header-id\"><b>Generated Narrative: Patient 387ec8ea-453f-4f30-8a1b-ed5ddb295e4c</b></p><a name=\"387ec8ea-453f-4f30-8a1b-ed5ddb295e4c\"> </a><a name=\"hc387ec8ea-453f-4f30-8a1b-ed5ddb295e4c\"> </a><a name=\"387ec8ea-453f-4f30-8a1b-ed5ddb295e4c-en-US\"> </a><p style=\"border: 1px #661aff solid; background-color: #e6e6ff; padding: 10px;\">Joanne Smith  Female, DoB: 1934-01-01</p><hr/></div>"
      },
      "name" : [{
        "family" : "Smith",
        "given" : ["Joanne"]
      }],
      "gender" : "female",
      "birthDate" : "1934-01-01"
    }
  }]
}