[
  {
    "id" : "ColorectalCancerScreeningServiceRequest",
    "type" : "ActivityDefinition",
    "url" : "http://cancerscreeningcds.github.io/crcsm-cds/ActivityDefinition/ColorectalCancerScreeningServiceRequest",
    "version" : "0.1.0",
    "name" : "ColorectalCancerScreeningServiceRequest"
  },
  {
    "id" : "CommunicateEligible",
    "type" : "ActivityDefinition",
    "url" : "http://cancerscreeningcds.github.io/crcsm-cds/ActivityDefinition/CommunicateEligible",
    "version" : "0.1.0",
    "name" : "CommunicateEligible"
  },
  {
    "id" : "CommunicateNotEligible",
    "type" : "ActivityDefinition",
    "url" : "http://cancerscreeningcds.github.io/crcsm-cds/ActivityDefinition/CommunicateNotEligible",
    "version" : "0.1.0",
    "name" : "CommunicateNotEligible"
  },
  {
    "id" : "CommunicateRecommendationStopScreening",
    "type" : "ActivityDefinition",
    "url" : "http://cancerscreeningcds.github.io/crcsm-cds/ActivityDefinition/CommunicateRecommendationStopScreening",
    "version" : "0.1.0",
    "name" : "CommunicateRecommendationStopScreening"
  },
  {
    "id" : "CommunicateSDMContinueScreening",
    "type" : "ActivityDefinition",
    "url" : "http://cancerscreeningcds.github.io/crcsm-cds/ActivityDefinition/CommunicateSDMContinueScreening",
    "version" : "0.1.0",
    "name" : "CommunicateSDMContinueScreening"
  },
  {
    "id" : "ScreeningEligibleQuestionnaireTask",
    "type" : "ActivityDefinition",
    "url" : "http://cancerscreeningcds.github.io/crcsm-cds/ActivityDefinition/ScreeningEligibleQuestionnaireTask",
    "version" : "0.1.0",
    "name" : "ScreeningEligibleQuestionnaireTask"
  },
  {
    "id" : "c-rads-2005-code-system",
    "type" : "CodeSystem",
    "url" : "http://cancerscreeningcds.github.io/crcsm-cds/CodeSystem/c-rads-2005-code-system",
    "version" : "0.1.0",
    "name" : "CRADS2005CodeSystem"
  },
  {
    "id" : "c-rads-2023-code-system",
    "type" : "CodeSystem",
    "url" : "http://cancerscreeningcds.github.io/crcsm-cds/CodeSystem/c-rads-2023-code-system",
    "version" : "0.1.0",
    "name" : "CRADS2023CodeSystem"
  },
  {
    "id" : "colonoscopy-result-observation-system",
    "type" : "CodeSystem",
    "url" : "http://cancerscreeningcds.github.io/crcsm-cds/CodeSystem/colonoscopy-result-observation-system",
    "version" : "0.1.0",
    "name" : "ColonoscopyResultObservationCodeSystem"
  },
  {
    "id" : "plan-definition-action-code-system",
    "type" : "CodeSystem",
    "url" : "http://cancerscreeningcds.github.io/crcsm-cds/CodeSystem/plan-definition-action-code-system",
    "version" : "0.1.0",
    "name" : "PlanDefinitionActionCodeSystem"
  },
  {
    "id" : "plan-definition-action-reason-code-system",
    "type" : "CodeSystem",
    "url" : "http://cancerscreeningcds.github.io/crcsm-cds/CodeSystem/plan-definition-action-reason-code-system",
    "version" : "0.1.0",
    "name" : "PlanDefinitionActionReasonCodeSystem"
  },
  {
    "id" : "recommendation-flag-code-system",
    "type" : "CodeSystem",
    "url" : "http://cancerscreeningcds.github.io/crcsm-cds/CodeSystem/recommendation-flag-code-system",
    "version" : "0.1.0",
    "name" : "RecommendationFlagCodeSystem"
  },
  {
    "id" : "screening-observation-code-system",
    "type" : "CodeSystem",
    "url" : "http://cancerscreeningcds.github.io/crcsm-cds/CodeSystem/screening-observation-code-system",
    "version" : "0.1.0",
    "name" : "ScreeningObservationCodeSystem"
  },
  {
    "id" : "cancerscreeningcds.fhir.us.crcsm-cds",
    "type" : "ImplementationGuide",
    "url" : "http://cancerscreeningcds.github.io/crcsm-cds/ImplementationGuide/cancerscreeningcds.fhir.us.crcsm-cds",
    "version" : "0.1.0",
    "name" : "crcsmcds"
  },
  {
    "id" : "CDSConnectCommonsforFHIRv401",
    "type" : "Library",
    "url" : "http://cancerscreeningcds.github.io/crcsm-cds/Library/CDSConnectCommonsforFHIRv401",
    "version" : "0.1.0",
    "name" : "CDSConnectCommonsforFHIRv401"
  },
  {
    "id" : "CRCSMCommonFunctions",
    "type" : "Library",
    "url" : "http://cancerscreeningcds.github.io/crcsm-cds/Library/CRCSMCommonFunctions",
    "version" : "0.1.0",
    "name" : "CRCSMCommonFunctions"
  },
  {
    "id" : "CSMCommonFunctions",
    "type" : "Library",
    "url" : "http://cancerscreeningcds.github.io/crcsm-cds/Library/CSMCommonFunctions",
    "version" : "0.1.0",
    "name" : "CSMCommonFunctions"
  },
  {
    "id" : "DataElements",
    "type" : "Library",
    "url" : "http://cancerscreeningcds.github.io/crcsm-cds/Library/DataElements",
    "version" : "0.1.0",
    "name" : "DataElements"
  },
  {
    "id" : "DecisionToScreen",
    "type" : "Library",
    "url" : "http://cancerscreeningcds.github.io/crcsm-cds/Library/DecisionToScreen",
    "version" : "0.1.0",
    "name" : "DecisionToScreen"
  },
  {
    "id" : "DecisionToScreenActions",
    "type" : "Library",
    "url" : "http://cancerscreeningcds.github.io/crcsm-cds/Library/DecisionToScreenActions",
    "version" : "0.1.0",
    "name" : "DecisionToScreenActions"
  },
  {
    "id" : "DecisionToScreenEvents",
    "type" : "Library",
    "url" : "http://cancerscreeningcds.github.io/crcsm-cds/Library/DecisionToScreenEvents",
    "version" : "0.1.0",
    "name" : "DecisionToScreenEvents"
  },
  {
    "id" : "DetermineNextDueDate",
    "type" : "Library",
    "url" : "http://cancerscreeningcds.github.io/crcsm-cds/Library/DetermineNextDueDate",
    "version" : "0.1.0",
    "name" : "DetermineNextDueDate"
  },
  {
    "id" : "DetermineNextDueDateActions",
    "type" : "Library",
    "url" : "http://cancerscreeningcds.github.io/crcsm-cds/Library/DetermineNextDueDateActions",
    "version" : "0.1.0",
    "name" : "DetermineNextDueDateActions"
  },
  {
    "id" : "DetermineNextDueDateEvents",
    "type" : "Library",
    "url" : "http://cancerscreeningcds.github.io/crcsm-cds/Library/DetermineNextDueDateEvents",
    "version" : "0.1.0",
    "name" : "DetermineNextDueDateEvents"
  },
  {
    "id" : "FollowUp",
    "type" : "Library",
    "url" : "http://cancerscreeningcds.github.io/crcsm-cds/Library/FollowUp",
    "version" : "0.1.0",
    "name" : "FollowUp"
  },
  {
    "id" : "FollowUpActions",
    "type" : "Library",
    "url" : "http://cancerscreeningcds.github.io/crcsm-cds/Library/FollowUpActions",
    "version" : "0.1.0",
    "name" : "FollowUpActions"
  },
  {
    "id" : "FollowUpEvents",
    "type" : "Library",
    "url" : "http://cancerscreeningcds.github.io/crcsm-cds/Library/FollowUpEvents",
    "version" : "0.1.0",
    "name" : "FollowUpEvents"
  },
  {
    "id" : "HighLevel",
    "type" : "Library",
    "url" : "http://cancerscreeningcds.github.io/crcsm-cds/Library/HighLevel",
    "version" : "0.1.0",
    "name" : "HighLevel"
  },
  {
    "id" : "Hospice",
    "type" : "Library",
    "url" : "http://cancerscreeningcds.github.io/crcsm-cds/Library/Hospice",
    "version" : "0.1.0",
    "name" : "Hospice"
  },
  {
    "id" : "IncreasedRiskExclusions",
    "type" : "Library",
    "url" : "http://cancerscreeningcds.github.io/crcsm-cds/Library/IncreasedRiskExclusions",
    "version" : "0.1.0",
    "name" : "IncreasedRiskExclusions"
  },
  {
    "id" : "IncreasedRiskExclusionsActions",
    "type" : "Library",
    "url" : "http://cancerscreeningcds.github.io/crcsm-cds/Library/IncreasedRiskExclusionsActions",
    "version" : "0.1.0",
    "name" : "IncreasedRiskExclusionsActions"
  },
  {
    "id" : "IncreasedRiskExclusionsEvents",
    "type" : "Library",
    "url" : "http://cancerscreeningcds.github.io/crcsm-cds/Library/IncreasedRiskExclusionsEvents",
    "version" : "0.1.0",
    "name" : "IncreasedRiskExclusionsEvents"
  },
  {
    "id" : "PertinentHistory",
    "type" : "Library",
    "url" : "http://cancerscreeningcds.github.io/crcsm-cds/Library/PertinentHistory",
    "version" : "0.1.0",
    "name" : "PertinentHistory"
  },
  {
    "id" : "PrimaryScreeningDecision",
    "type" : "Library",
    "url" : "http://cancerscreeningcds.github.io/crcsm-cds/Library/PrimaryScreeningDecision",
    "version" : "0.1.0",
    "name" : "PrimaryScreeningDecision"
  },
  {
    "id" : "ScreeningDue",
    "type" : "Library",
    "url" : "http://cancerscreeningcds.github.io/crcsm-cds/Library/ScreeningDue",
    "version" : "0.1.0",
    "name" : "ScreeningDue"
  },
  {
    "id" : "ScreeningDueActions",
    "type" : "Library",
    "url" : "http://cancerscreeningcds.github.io/crcsm-cds/Library/ScreeningDueActions",
    "version" : "0.1.0",
    "name" : "ScreeningDueActions"
  },
  {
    "id" : "ScreeningDueEvents",
    "type" : "Library",
    "url" : "http://cancerscreeningcds.github.io/crcsm-cds/Library/ScreeningDueEvents",
    "version" : "0.1.0",
    "name" : "ScreeningDueEvents"
  },
  {
    "id" : "ScreeningEligible",
    "type" : "Library",
    "url" : "http://cancerscreeningcds.github.io/crcsm-cds/Library/ScreeningEligible",
    "version" : "0.1.0",
    "name" : "ScreeningEligible"
  },
  {
    "id" : "ScreeningEligibleActions",
    "type" : "Library",
    "url" : "http://cancerscreeningcds.github.io/crcsm-cds/Library/ScreeningEligibleActions",
    "version" : "0.1.0",
    "name" : "ScreeningEligibleActions"
  },
  {
    "id" : "ScreeningEligibleEvents",
    "type" : "Library",
    "url" : "http://cancerscreeningcds.github.io/crcsm-cds/Library/ScreeningEligibleEvents",
    "version" : "0.1.0",
    "name" : "ScreeningEligibleEvents"
  },
  {
    "id" : "ScreeningIncomplete",
    "type" : "Library",
    "url" : "http://cancerscreeningcds.github.io/crcsm-cds/Library/ScreeningIncomplete",
    "version" : "0.1.0",
    "name" : "ScreeningIncomplete"
  },
  {
    "id" : "ScreeningIncompleteEvents",
    "type" : "Library",
    "url" : "http://cancerscreeningcds.github.io/crcsm-cds/Library/ScreeningIncompleteEvents",
    "version" : "0.1.0",
    "name" : "ScreeningIncompleteEvents"
  },
  {
    "id" : "Terminology",
    "type" : "Library",
    "url" : "http://cancerscreeningcds.github.io/crcsm-cds/Library/Terminology",
    "version" : "0.1.0",
    "name" : "Terminology"
  },
  {
    "id" : "USPSTFAvgRisk",
    "type" : "Library",
    "url" : "http://cancerscreeningcds.github.io/crcsm-cds/Library/USPSTFAvgRisk",
    "version" : "0.1.0",
    "name" : "USPSTFAvgRisk"
  },
  {
    "id" : "USPSTFAvgRiskActions",
    "type" : "Library",
    "url" : "http://cancerscreeningcds.github.io/crcsm-cds/Library/USPSTFAvgRiskActions",
    "version" : "0.1.0",
    "name" : "USPSTFAvgRiskActions"
  },
  {
    "id" : "USPSTFAvgRiskEvents",
    "type" : "Library",
    "url" : "http://cancerscreeningcds.github.io/crcsm-cds/Library/USPSTFAvgRiskEvents",
    "version" : "0.1.0",
    "name" : "USPSTFAvgRiskEvents"
  },
  {
    "id" : "ScreeningDueMeasure",
    "type" : "Measure",
    "url" : "http://cancerscreeningcds.github.io/crcsm-cds/Measure/ScreeningDueMeasure",
    "version" : "0.1.0",
    "name" : "ScreeningDueMeasure"
  },
  {
    "id" : "ScreeningIncompleteMeasure",
    "type" : "Measure",
    "url" : "http://cancerscreeningcds.github.io/crcsm-cds/Measure/ScreeningIncompleteMeasure",
    "version" : "0.1.0",
    "name" : "ScreeningIncompleteMeasure"
  },
  {
    "id" : "HighLevel",
    "type" : "PlanDefinition",
    "url" : "http://cancerscreeningcds.github.io/crcsm-cds/PlanDefinition/HighLevel",
    "version" : "0.1.0",
    "name" : "HighLevel"
  },
  {
    "id" : "PrimaryScreeningDecision",
    "type" : "PlanDefinition",
    "url" : "http://cancerscreeningcds.github.io/crcsm-cds/PlanDefinition/PrimaryScreeningDecision",
    "version" : "0.1.0",
    "name" : "PrimaryScreeningDecision"
  },
  {
    "id" : "flow-DecisionToScreen",
    "type" : "PlanDefinition",
    "url" : "http://cancerscreeningcds.github.io/crcsm-cds/PlanDefinition/flow-DecisionToScreen",
    "version" : "0.1.0",
    "name" : "flow-DecisionToScreen"
  },
  {
    "id" : "flow-FollowUp",
    "type" : "PlanDefinition",
    "url" : "http://cancerscreeningcds.github.io/crcsm-cds/PlanDefinition/flow-FollowUp",
    "version" : "0.1.0",
    "name" : "flow-FollowUp"
  },
  {
    "id" : "flow-IncreasedRiskExclusions",
    "type" : "PlanDefinition",
    "url" : "http://cancerscreeningcds.github.io/crcsm-cds/PlanDefinition/flow-IncreasedRiskExclusions",
    "version" : "0.1.0",
    "name" : "flow-IncreasedRiskExclusions"
  },
  {
    "id" : "flow-ScreeningEligible",
    "type" : "PlanDefinition",
    "url" : "http://cancerscreeningcds.github.io/crcsm-cds/PlanDefinition/flow-ScreeningEligible",
    "version" : "0.1.0",
    "name" : "flow-ScreeningEligible"
  },
  {
    "id" : "flow-USPSTFAvgRisk",
    "type" : "PlanDefinition",
    "url" : "http://cancerscreeningcds.github.io/crcsm-cds/PlanDefinition/flow-USPSTFAvgRisk",
    "version" : "0.1.0",
    "name" : "flow-USPSTFAvgRisk"
  },
  {
    "id" : "ScreeningEligibleQuestionnaire",
    "type" : "Questionnaire",
    "url" : "http://cancerscreeningcds.github.io/crcsm-cds/Questionnaire/ScreeningEligibleQuestionnaire",
    "version" : "0.1.0",
    "name" : "ScreeningEligible"
  },
  {
    "id" : "plan-definition-action-codes",
    "type" : "ValueSet",
    "url" : "http://cancerscreeningcds.github.io/crcsm-cds/ValueSet/plan-definition-action-codes",
    "version" : "0.1.0",
    "name" : "PlanDefinitionActionCodes"
  },
  {
    "id" : "plan-definition-action-reason-codes",
    "type" : "ValueSet",
    "url" : "http://cancerscreeningcds.github.io/crcsm-cds/ValueSet/plan-definition-action-reason-codes",
    "version" : "0.1.0",
    "name" : "PlanDefinitionActionReasonCodes"
  },
  {
    "id" : "recommendation-flag-codes",
    "type" : "ValueSet",
    "url" : "http://cancerscreeningcds.github.io/crcsm-cds/ValueSet/recommendation-flag-codes",
    "version" : "0.1.0",
    "name" : "RecommendationFlagCodes"
  },
  {
    "id" : "FHIRHelpers",
    "type" : "Library",
    "url" : "http://hl7.org/fhir/Library/FHIRHelpers",
    "version" : "0.1.0",
    "name" : "FHIRHelpers"
  }
]
