<?xml version="1.0" encoding="UTF-8"?>
<library xmlns="urn:hl7-org:elm:r1" xmlns:t="urn:hl7-org:elm-types:r1" xmlns:xsi="http://www.w3.org/2001/XMLSchema-instance" xmlns:xsd="http://www.w3.org/2001/XMLSchema" xmlns:fhir="http://hl7.org/fhir" xmlns:qdm43="urn:healthit-gov:qdm:v4_3" xmlns:qdm53="urn:healthit-gov:qdm:v5_3" xmlns:a="urn:hl7-org:cql-annotations:r1" localId="0">
   <annotation translatorVersion="3.11.0" translatorOptions="EnableAnnotations,EnableLocators,DisableListDemotion,DisableListPromotion" signatureLevel="Overloads" xsi:type="a:CqlToElmInfo"/>
   <annotation xsi:type="a:Annotation">
      <a:s r="221">
         <a:s>library ScreeningDueActions version '1.0.0'</a:s>
      </a:s>
   </annotation>
   <identifier id="ScreeningDueActions" system="http://cancerscreeningcds.github.io/crcsm-cds" version="1.0.0"/>
   <schemaIdentifier id="urn:hl7-org:elm" version="r1"/>
   <usings>
      <def localId="1" localIdentifier="System" uri="urn:hl7-org:elm-types:r1"/>
      <def localId="206" locator="3:1-3:26" localIdentifier="FHIR" uri="http://hl7.org/fhir" version="4.0.1">
         <annotation xsi:type="a:Annotation">
            <a:s r="206">
               <a:s>using </a:s>
               <a:s>
                  <a:s>FHIR</a:s>
               </a:s>
               <a:s> version '4.0.1'</a:s>
            </a:s>
         </annotation>
      </def>
   </usings>
   <includes>
      <def localId="207" locator="4:1-4:55" localIdentifier="FHIRHelpers" path="http://cancerscreeningcds.github.io/crcsm-cds/FHIRHelpers" version="4.0.1">
         <annotation xsi:type="a:Annotation">
            <a:s r="207">
               <a:s>include </a:s>
               <a:s>
                  <a:s>FHIRHelpers</a:s>
               </a:s>
               <a:s>  version '4.0.1' called FHIRHelpers</a:s>
            </a:s>
         </annotation>
      </def>
      <def localId="208" locator="5:1-5:56" localIdentifier="DataElements" path="http://cancerscreeningcds.github.io/crcsm-cds/DataElements" version="1.0.0">
         <annotation xsi:type="a:Annotation">
            <a:s r="208">
               <a:s>include </a:s>
               <a:s>
                  <a:s>DataElements</a:s>
               </a:s>
               <a:s> version '1.0.0' called DataElements</a:s>
            </a:s>
         </annotation>
      </def>
      <def localId="209" locator="6:1-6:44" localIdentifier="CRCSMCommonFunctions" path="http://cancerscreeningcds.github.io/crcsm-cds/CRCSMCommonFunctions" version="1.0.0">
         <annotation xsi:type="a:Annotation">
            <a:s r="209">
               <a:s>include </a:s>
               <a:s>
                  <a:s>CRCSMCommonFunctions</a:s>
               </a:s>
               <a:s> version '1.0.0'</a:s>
            </a:s>
         </annotation>
      </def>
   </includes>
   <codeSystems>
      <def localId="210" locator="8:1-8:115" name="ActCode" id="http://cancerscreeningcds.github.io/crcsm-cds/CodeSystem/plan-definition-action-code-system" accessLevel="Public">
         <annotation xsi:type="a:Annotation">
            <a:s r="210">
               <a:s>codesystem &quot;ActCode&quot;: 'http://cancerscreeningcds.github.io/crcsm-cds/CodeSystem/plan-definition-action-code-system'</a:s>
            </a:s>
         </annotation>
      </def>
      <def localId="211" locator="9:1-9:125" name="ReasonCode" id="http://cancerscreeningcds.github.io/crcsm-cds/CodeSystem/plan-definition-action-reason-code-system" accessLevel="Public">
         <annotation xsi:type="a:Annotation">
            <a:s r="211">
               <a:s>codesystem &quot;ReasonCode&quot;: 'http://cancerscreeningcds.github.io/crcsm-cds/CodeSystem/plan-definition-action-reason-code-system'</a:s>
            </a:s>
         </annotation>
      </def>
   </codeSystems>
   <codes>
      <def localId="212" locator="12:1-12:128" name="See 'Decision to Screen' logic path" id="seedecisiontoscreenpath" display="See Decision to Screen logic path" accessLevel="Public">
         <annotation xsi:type="a:Annotation">
            <a:s r="212">
               <a:s>// Act Codes
code &quot;See 'Decision to Screen' logic path&quot;: 'seedecisiontoscreenpath' from </a:s>
               <a:s r="213">
                  <a:s>&quot;ActCode&quot;</a:s>
               </a:s>
               <a:s> display 'See Decision to Screen logic path'</a:s>
            </a:s>
         </annotation>
         <codeSystem localId="213" locator="12:76-12:84" name="ActCode"/>
      </def>
      <def localId="214" locator="15:1-15:117" name="Next due date not available" id="nextduedatenotavailable" display="Next due date not available" accessLevel="Public">
         <annotation xsi:type="a:Annotation">
            <a:s r="214">
               <a:s>// Reason Codes
code &quot;Next due date not available&quot;: 'nextduedatenotavailable' from </a:s>
               <a:s r="215">
                  <a:s>&quot;ReasonCode&quot;</a:s>
               </a:s>
               <a:s> display 'Next due date not available'</a:s>
            </a:s>
         </annotation>
         <codeSystem localId="215" locator="15:68-15:79" name="ReasonCode"/>
      </def>
   </codes>
   <contexts>
      <def localId="219" locator="17:1-17:15" name="Patient"/>
   </contexts>
   <statements>
      <def localId="217" locator="17:1-17:15" name="Patient" context="Patient">
         <expression localId="218" xsi:type="SingletonFrom">
            <operand localId="216" locator="17:1-17:15" dataType="fhir:Patient" templateId="http://hl7.org/fhir/StructureDefinition/Patient" xsi:type="Retrieve"/>
         </expression>
      </def>
      <def localId="221" locator="19:1-24:1" name="act-determinedue" context="Patient" accessLevel="Public">
         <annotation xsi:type="a:Annotation">
            <a:s r="221">
               <a:s>define &quot;act-determinedue&quot;:
</a:s>
               <a:s r="222">
                  <a:s>{
    </a:s>
                  <a:s>
                     <a:s>code: </a:s>
                     <a:s r="223">
                        <a:s>&quot;See 'Decision to Screen' logic path&quot;</a:s>
                     </a:s>
                  </a:s>
                  <a:s>,
    </a:s>
                  <a:s>
                     <a:s>reason: </a:s>
                     <a:s r="224">
                        <a:s>&quot;Next due date not available&quot;</a:s>
                     </a:s>
                  </a:s>
                  <a:s>,
    </a:s>
                  <a:s>
                     <a:s>documentation: </a:s>
                     <a:s r="226">
                        <a:s r="225">
                           <a:s>CRCSMCommonFunctions</a:s>
                        </a:s>
                        <a:s>.</a:s>
                        <a:s r="226">
                           <a:s>SourceDocumentationOther</a:s>
                        </a:s>
                     </a:s>
                  </a:s>
                  <a:s>
}</a:s>
               </a:s>
            </a:s>
         </annotation>
         <expression localId="222" locator="20:1-24:1" xsi:type="Tuple">
            <element name="code">
               <value localId="223" locator="21:11-21:47" name="See 'Decision to Screen' logic path" xsi:type="CodeRef"/>
            </element>
            <element name="reason">
               <value localId="224" locator="22:13-22:41" name="Next due date not available" xsi:type="CodeRef"/>
            </element>
            <element name="documentation">
               <value localId="226" locator="23:20-23:64" name="SourceDocumentationOther" libraryName="CRCSMCommonFunctions" xsi:type="ExpressionRef"/>
            </element>
         </expression>
      </def>
   </statements>
</library>
