{
   "library" : {
      "localId" : "0",
      "annotation" : [ {
         "translatorVersion" : "3.11.0",
         "translatorOptions" : "EnableAnnotations,EnableLocators,DisableListDemotion,DisableListPromotion",
         "signatureLevel" : "Overloads",
         "type" : "CqlToElmInfo"
      }, {
         "type" : "Annotation",
         "s" : {
            "r" : "216",
            "s" : [ {
               "value" : [ "","library DetermineNextDueDate version '1.0.0'" ]
            } ]
         }
      } ],
      "identifier" : {
         "id" : "DetermineNextDueDate",
         "system" : "http://cancerscreeningcds.github.io/crcsm-cds",
         "version" : "1.0.0"
      },
      "schemaIdentifier" : {
         "id" : "urn:hl7-org:elm",
         "version" : "r1"
      },
      "usings" : {
         "def" : [ {
            "localId" : "1",
            "localIdentifier" : "System",
            "uri" : "urn:hl7-org:elm-types:r1"
         }, {
            "localId" : "206",
            "locator" : "3:1-3:26",
            "localIdentifier" : "FHIR",
            "uri" : "http://hl7.org/fhir",
            "version" : "4.0.1",
            "annotation" : [ {
               "type" : "Annotation",
               "s" : {
                  "r" : "206",
                  "s" : [ {
                     "value" : [ "","using " ]
                  }, {
                     "s" : [ {
                        "value" : [ "FHIR" ]
                     } ]
                  }, {
                     "value" : [ " version '4.0.1'" ]
                  } ]
               }
            } ]
         } ]
      },
      "includes" : {
         "def" : [ {
            "localId" : "207",
            "locator" : "4:1-4:55",
            "localIdentifier" : "FHIRHelpers",
            "path" : "http://cancerscreeningcds.github.io/crcsm-cds/FHIRHelpers",
            "version" : "4.0.1",
            "annotation" : [ {
               "type" : "Annotation",
               "s" : {
                  "r" : "207",
                  "s" : [ {
                     "value" : [ "","include " ]
                  }, {
                     "s" : [ {
                        "value" : [ "FHIRHelpers" ]
                     } ]
                  }, {
                     "value" : [ "  version ","'4.0.1'"," called ","FHIRHelpers" ]
                  } ]
               }
            } ]
         }, {
            "localId" : "208",
            "locator" : "6:1-6:64",
            "localIdentifier" : "Events",
            "path" : "http://cancerscreeningcds.github.io/crcsm-cds/DetermineNextDueDateEvents",
            "version" : "1.0.0",
            "annotation" : [ {
               "type" : "Annotation",
               "s" : {
                  "r" : "208",
                  "s" : [ {
                     "value" : [ "","include " ]
                  }, {
                     "s" : [ {
                        "value" : [ "DetermineNextDueDateEvents" ]
                     } ]
                  }, {
                     "value" : [ " version ","'1.0.0'"," called ","Events" ]
                  } ]
               }
            } ]
         }, {
            "localId" : "209",
            "locator" : "7:1-7:66",
            "localIdentifier" : "Actions",
            "path" : "http://cancerscreeningcds.github.io/crcsm-cds/DetermineNextDueDateActions",
            "version" : "1.0.0",
            "annotation" : [ {
               "type" : "Annotation",
               "s" : {
                  "r" : "209",
                  "s" : [ {
                     "value" : [ "","include " ]
                  }, {
                     "s" : [ {
                        "value" : [ "DetermineNextDueDateActions" ]
                     } ]
                  }, {
                     "value" : [ " version ","'1.0.0'"," called ","Actions" ]
                  } ]
               }
            } ]
         }, {
            "localId" : "210",
            "locator" : "8:1-8:56",
            "localIdentifier" : "DataElements",
            "path" : "http://cancerscreeningcds.github.io/crcsm-cds/DataElements",
            "version" : "1.0.0",
            "annotation" : [ {
               "type" : "Annotation",
               "s" : {
                  "r" : "210",
                  "s" : [ {
                     "value" : [ "","include " ]
                  }, {
                     "s" : [ {
                        "value" : [ "DataElements" ]
                     } ]
                  }, {
                     "value" : [ " version ","'1.0.0'"," called ","DataElements" ]
                  } ]
               }
            } ]
         } ]
      },
      "contexts" : {
         "def" : [ {
            "localId" : "214",
            "locator" : "10:1-10:15",
            "name" : "Patient"
         } ]
      },
      "statements" : {
         "def" : [ {
            "localId" : "212",
            "locator" : "10:1-10:15",
            "name" : "Patient",
            "context" : "Patient",
            "expression" : {
               "localId" : "213",
               "type" : "SingletonFrom",
               "signature" : [ ],
               "operand" : {
                  "localId" : "211",
                  "locator" : "10:1-10:15",
                  "dataType" : "{http://hl7.org/fhir}Patient",
                  "templateId" : "http://hl7.org/fhir/StructureDefinition/Patient",
                  "type" : "Retrieve",
                  "include" : [ ],
                  "codeFilter" : [ ],
                  "dateFilter" : [ ],
                  "otherFilter" : [ ]
               }
            }
         }, {
            "localId" : "216",
            "locator" : "18:1-26:5",
            "name" : "flow-DetermineNextDueDate",
            "context" : "Patient",
            "accessLevel" : "Public",
            "annotation" : [ {
               "type" : "Annotation",
               "s" : {
                  "r" : "216",
                  "s" : [ {
                     "value" : [ "//------------------------------------------------------------------------------\n// Determine whether each action/event exists\n//------------------------------------------------------------------------------\n\n\n//TODO: refactor DetermineNextDueDate from a path to a function and corresponding expressions directly in the USPSTFAverageRisk logic path\n","define ","\"flow-DetermineNextDueDate\"",":\n  " ]
                  }, {
                     "r" : "217",
                     "s" : [ {
                        "value" : [ "case\n    " ]
                     }, {
                        "r" : "218",
                        "s" : [ {
                           "value" : [ "when " ]
                        }, {
                           "r" : "220",
                           "s" : [ {
                              "r" : "219",
                              "s" : [ {
                                 "value" : [ "Events" ]
                              } ]
                           }, {
                              "value" : [ "." ]
                           }, {
                              "r" : "220",
                              "s" : [ {
                                 "value" : [ "\"eve-lastTestColonoscopy\"" ]
                              } ]
                           } ]
                        }, {
                           "value" : [ " then " ]
                        }, {
                           "r" : "222",
                           "s" : [ {
                              "r" : "221",
                              "s" : [ {
                                 "value" : [ "Actions" ]
                              } ]
                           }, {
                              "value" : [ "." ]
                           }, {
                              "r" : "222",
                              "s" : [ {
                                 "value" : [ "\"act-ColonoscopyEvery10\"" ]
                              } ]
                           } ]
                        } ]
                     }, {
                        "value" : [ "\n    " ]
                     }, {
                        "r" : "223",
                        "s" : [ {
                           "value" : [ "when " ]
                        }, {
                           "r" : "225",
                           "s" : [ {
                              "r" : "224",
                              "s" : [ {
                                 "value" : [ "Events" ]
                              } ]
                           }, {
                              "value" : [ "." ]
                           }, {
                              "r" : "225",
                              "s" : [ {
                                 "value" : [ "\"eve-lastTestFOBT\"" ]
                              } ]
                           } ]
                        }, {
                           "value" : [ " then " ]
                        }, {
                           "r" : "227",
                           "s" : [ {
                              "r" : "226",
                              "s" : [ {
                                 "value" : [ "Actions" ]
                              } ]
                           }, {
                              "value" : [ "." ]
                           }, {
                              "r" : "227",
                              "s" : [ {
                                 "value" : [ "\"act-FOBTEveryYear\"" ]
                              } ]
                           } ]
                        } ]
                     }, {
                        "value" : [ "\n    " ]
                     }, {
                        "r" : "228",
                        "s" : [ {
                           "value" : [ "when " ]
                        }, {
                           "r" : "230",
                           "s" : [ {
                              "r" : "229",
                              "s" : [ {
                                 "value" : [ "Events" ]
                              } ]
                           }, {
                              "value" : [ "." ]
                           }, {
                              "r" : "230",
                              "s" : [ {
                                 "value" : [ "\"eve-lastTestSDNA\"" ]
                              } ]
                           } ]
                        }, {
                           "value" : [ " then " ]
                        }, {
                           "r" : "232",
                           "s" : [ {
                              "r" : "231",
                              "s" : [ {
                                 "value" : [ "Actions" ]
                              } ]
                           }, {
                              "value" : [ "." ]
                           }, {
                              "r" : "232",
                              "s" : [ {
                                 "value" : [ "\"act-sDNAFITEvery1to3\"" ]
                              } ]
                           } ]
                        } ]
                     }, {
                        "value" : [ "\n    " ]
                     }, {
                        "r" : "233",
                        "s" : [ {
                           "value" : [ "when " ]
                        }, {
                           "r" : "235",
                           "s" : [ {
                              "r" : "234",
                              "s" : [ {
                                 "value" : [ "Events" ]
                              } ]
                           }, {
                              "value" : [ "." ]
                           }, {
                              "r" : "235",
                              "s" : [ {
                                 "value" : [ "\"eve-lastTestCTcolonography\"" ]
                              } ]
                           } ]
                        }, {
                           "value" : [ " then " ]
                        }, {
                           "r" : "237",
                           "s" : [ {
                              "r" : "236",
                              "s" : [ {
                                 "value" : [ "Actions" ]
                              } ]
                           }, {
                              "value" : [ "." ]
                           }, {
                              "r" : "237",
                              "s" : [ {
                                 "value" : [ "\"act-CTColonographyEvery5\"" ]
                              } ]
                           } ]
                        } ]
                     }, {
                        "value" : [ "\n    " ]
                     }, {
                        "r" : "238",
                        "s" : [ {
                           "value" : [ "when " ]
                        }, {
                           "r" : "240",
                           "s" : [ {
                              "r" : "239",
                              "s" : [ {
                                 "value" : [ "Events" ]
                              } ]
                           }, {
                              "value" : [ "." ]
                           }, {
                              "r" : "240",
                              "s" : [ {
                                 "value" : [ "\"eve-lastTestFlexSig\"" ]
                              } ]
                           } ]
                        }, {
                           "value" : [ " then " ]
                        }, {
                           "r" : "242",
                           "s" : [ {
                              "r" : "241",
                              "s" : [ {
                                 "value" : [ "Actions" ]
                              } ]
                           }, {
                              "value" : [ "." ]
                           }, {
                              "r" : "242",
                              "s" : [ {
                                 "value" : [ "\"act-FlexSigEvery5\"" ]
                              } ]
                           } ]
                        } ]
                     }, {
                        "r" : "243",
                        "value" : [ "\n    else ","null","\n  end" ]
                     } ]
                  } ]
               }
            } ],
            "expression" : {
               "localId" : "217",
               "locator" : "19:3-26:5",
               "type" : "Case",
               "caseItem" : [ {
                  "localId" : "218",
                  "locator" : "20:5-20:79",
                  "when" : {
                     "localId" : "220",
                     "locator" : "20:10-20:41",
                     "name" : "eve-lastTestColonoscopy",
                     "libraryName" : "Events",
                     "type" : "ExpressionRef"
                  },
                  "then" : {
                     "localId" : "222",
                     "locator" : "20:48-20:79",
                     "name" : "act-ColonoscopyEvery10",
                     "libraryName" : "Actions",
                     "type" : "ExpressionRef"
                  }
               }, {
                  "localId" : "223",
                  "locator" : "21:5-21:67",
                  "when" : {
                     "localId" : "225",
                     "locator" : "21:10-21:34",
                     "name" : "eve-lastTestFOBT",
                     "libraryName" : "Events",
                     "type" : "ExpressionRef"
                  },
                  "then" : {
                     "localId" : "227",
                     "locator" : "21:41-21:67",
                     "name" : "act-FOBTEveryYear",
                     "libraryName" : "Actions",
                     "type" : "ExpressionRef"
                  }
               }, {
                  "localId" : "228",
                  "locator" : "22:5-22:70",
                  "when" : {
                     "localId" : "230",
                     "locator" : "22:10-22:34",
                     "name" : "eve-lastTestSDNA",
                     "libraryName" : "Events",
                     "type" : "ExpressionRef"
                  },
                  "then" : {
                     "localId" : "232",
                     "locator" : "22:41-22:70",
                     "name" : "act-sDNAFITEvery1to3",
                     "libraryName" : "Actions",
                     "type" : "ExpressionRef"
                  }
               }, {
                  "localId" : "233",
                  "locator" : "23:5-23:84",
                  "when" : {
                     "localId" : "235",
                     "locator" : "23:10-23:44",
                     "name" : "eve-lastTestCTcolonography",
                     "libraryName" : "Events",
                     "type" : "ExpressionRef"
                  },
                  "then" : {
                     "localId" : "237",
                     "locator" : "23:51-23:84",
                     "name" : "act-CTColonographyEvery5",
                     "libraryName" : "Actions",
                     "type" : "ExpressionRef"
                  }
               }, {
                  "localId" : "238",
                  "locator" : "24:5-24:70",
                  "when" : {
                     "localId" : "240",
                     "locator" : "24:10-24:37",
                     "name" : "eve-lastTestFlexSig",
                     "libraryName" : "Events",
                     "type" : "ExpressionRef"
                  },
                  "then" : {
                     "localId" : "242",
                     "locator" : "24:44-24:70",
                     "name" : "act-FlexSigEvery5",
                     "libraryName" : "Actions",
                     "type" : "ExpressionRef"
                  }
               } ],
               "else" : {
                  "localId" : "244",
                  "asType" : "{urn:hl7-org:elm-types:r1}DateTime",
                  "type" : "As",
                  "signature" : [ ],
                  "operand" : {
                     "localId" : "243",
                     "locator" : "25:10-25:13",
                     "type" : "Null"
                  }
               }
            }
         } ]
      }
   }
}