{
   "library" : {
      "localId" : "0",
      "annotation" : [ {
         "translatorVersion" : "3.11.0",
         "translatorOptions" : "EnableAnnotations,EnableLocators,DisableListDemotion,DisableListPromotion",
         "signatureLevel" : "Overloads",
         "type" : "CqlToElmInfo"
      }, {
         "type" : "Annotation",
         "s" : {
            "r" : "278",
            "s" : [ {
               "value" : [ "","library Terminology version '1.0.0'" ]
            } ]
         }
      } ],
      "identifier" : {
         "id" : "Terminology",
         "system" : "http://cancerscreeningcds.github.io/crcsm-cds",
         "version" : "1.0.0"
      },
      "schemaIdentifier" : {
         "id" : "urn:hl7-org:elm",
         "version" : "r1"
      },
      "usings" : {
         "def" : [ {
            "localId" : "1",
            "localIdentifier" : "System",
            "uri" : "urn:hl7-org:elm-types:r1"
         }, {
            "localId" : "206",
            "locator" : "3:1-3:26",
            "localIdentifier" : "FHIR",
            "uri" : "http://hl7.org/fhir",
            "version" : "4.0.1",
            "annotation" : [ {
               "type" : "Annotation",
               "s" : {
                  "r" : "206",
                  "s" : [ {
                     "value" : [ "","using " ]
                  }, {
                     "s" : [ {
                        "value" : [ "FHIR" ]
                     } ]
                  }, {
                     "value" : [ " version '4.0.1'" ]
                  } ]
               }
            } ]
         } ]
      },
      "codeSystems" : {
         "def" : [ {
            "localId" : "207",
            "locator" : "9:1-9:48",
            "name" : "SNOMED-CT",
            "id" : "http://snomed.info/sct",
            "accessLevel" : "Public",
            "annotation" : [ {
               "type" : "Annotation",
               "s" : {
                  "r" : "207",
                  "s" : [ {
                     "value" : [ "//------------------------------------------------------------------------------\n// CODE SYSTEMS\n//------------------------------------------------------------------------------\n\n","codesystem ","\"SNOMED-CT\"",": ","'http://snomed.info/sct'" ]
                  } ]
               }
            } ]
         }, {
            "localId" : "208",
            "locator" : "10:1-10:38",
            "name" : "LOINC",
            "id" : "http://loinc.org",
            "accessLevel" : "Public",
            "annotation" : [ {
               "type" : "Annotation",
               "s" : {
                  "r" : "208",
                  "s" : [ {
                     "value" : [ "","codesystem ","\"LOINC\"",": ","'http://loinc.org'" ]
                  } ]
               }
            } ]
         }, {
            "localId" : "209",
            "locator" : "11:1-11:59",
            "name" : "ICD-10-CM",
            "id" : "http://hl7.org/fhir/sid/icd-10-cm",
            "accessLevel" : "Public",
            "annotation" : [ {
               "type" : "Annotation",
               "s" : {
                  "r" : "209",
                  "s" : [ {
                     "value" : [ "","codesystem ","\"ICD-10-CM\"",": ","'http://hl7.org/fhir/sid/icd-10-cm'" ]
                  } ]
               }
            } ]
         }, {
            "localId" : "210",
            "locator" : "12:1-12:108",
            "name" : "C-RADS 2005",
            "id" : "http://cancerscreeningcds.github.io/crcsm-cds/CodeSystem/c-rads-2005-code-system",
            "accessLevel" : "Public",
            "annotation" : [ {
               "type" : "Annotation",
               "s" : {
                  "r" : "210",
                  "s" : [ {
                     "value" : [ "","codesystem ","\"C-RADS 2005\"",": ","'http://cancerscreeningcds.github.io/crcsm-cds/CodeSystem/c-rads-2005-code-system'" ]
                  } ]
               }
            } ]
         }, {
            "localId" : "211",
            "locator" : "13:1-13:108",
            "name" : "C-RADS 2023",
            "id" : "http://cancerscreeningcds.github.io/crcsm-cds/CodeSystem/c-rads-2023-code-system",
            "accessLevel" : "Public",
            "annotation" : [ {
               "type" : "Annotation",
               "s" : {
                  "r" : "211",
                  "s" : [ {
                     "value" : [ "","codesystem ","\"C-RADS 2023\"",": ","'http://cancerscreeningcds.github.io/crcsm-cds/CodeSystem/c-rads-2023-code-system'" ]
                  } ]
               }
            } ]
         } ]
      },
      "valueSets" : {
         "def" : [ {
            "localId" : "212",
            "locator" : "19:1-19:99",
            "name" : "Colorectal Cancer",
            "id" : "http://cts.nlm.nih.gov/fhir/ValueSet/2.16.840.1.113762.1.4.1032.325",
            "accessLevel" : "Public",
            "annotation" : [ {
               "type" : "Annotation",
               "s" : {
                  "r" : "212",
                  "s" : [ {
                     "value" : [ "//------------------------------------------------------------------------------\n// SCREENING ELIGIBLE LOGIC PATH\n//------------------------------------------------------------------------------\n\n","valueset ","\"Colorectal Cancer\"",": ","'http://cts.nlm.nih.gov/fhir/ValueSet/2.16.840.1.113762.1.4.1032.325'" ]
                  } ]
               }
            } ],
            "codeSystem" : [ ]
         }, {
            "localId" : "213",
            "locator" : "20:1-20:107",
            "name" : "Total Colectomy",
            "id" : "http://cts.nlm.nih.gov/fhir/ValueSet/2.16.840.1.113883.3.464.1003.198.12.1019",
            "accessLevel" : "Public",
            "annotation" : [ {
               "type" : "Annotation",
               "s" : {
                  "r" : "213",
                  "s" : [ {
                     "value" : [ "","valueset ","\"Total Colectomy\"",": ","'http://cts.nlm.nih.gov/fhir/ValueSet/2.16.840.1.113883.3.464.1003.198.12.1019'" ]
                  } ]
               }
            } ],
            "codeSystem" : [ ]
         }, {
            "localId" : "214",
            "locator" : "23:1-23:131",
            "name" : "Non Bleeding Colorectal Cancer Signs and Symptoms",
            "id" : "http://cts.nlm.nih.gov/fhir/ValueSet/2.16.840.1.113762.1.4.1032.336",
            "accessLevel" : "Public",
            "annotation" : [ {
               "type" : "Annotation",
               "s" : {
                  "r" : "214",
                  "s" : [ {
                     "value" : [ "// Colorectal signs and symptoms\n","valueset ","\"Non Bleeding Colorectal Cancer Signs and Symptoms\"",": ","'http://cts.nlm.nih.gov/fhir/ValueSet/2.16.840.1.113762.1.4.1032.336'" ]
                  } ]
               }
            } ],
            "codeSystem" : [ ]
         }, {
            "localId" : "215",
            "locator" : "24:1-24:96",
            "name" : "Blood in Stool",
            "id" : "http://cts.nlm.nih.gov/fhir/ValueSet/2.16.840.1.113762.1.4.1032.330",
            "accessLevel" : "Public",
            "annotation" : [ {
               "type" : "Annotation",
               "s" : {
                  "r" : "215",
                  "s" : [ {
                     "value" : [ "","valueset ","\"Blood in Stool\"",": ","'http://cts.nlm.nih.gov/fhir/ValueSet/2.16.840.1.113762.1.4.1032.330'" ]
                  } ]
               }
            } ],
            "codeSystem" : [ ]
         }, {
            "localId" : "216",
            "locator" : "25:1-25:128",
            "name" : "Iron Decifiency Anemia without Specified Cause",
            "id" : "http://cts.nlm.nih.gov/fhir/ValueSet/2.16.840.1.113762.1.4.1032.332",
            "accessLevel" : "Public",
            "annotation" : [ {
               "type" : "Annotation",
               "s" : {
                  "r" : "216",
                  "s" : [ {
                     "value" : [ "","valueset ","\"Iron Decifiency Anemia without Specified Cause\"",": ","'http://cts.nlm.nih.gov/fhir/ValueSet/2.16.840.1.113762.1.4.1032.332'" ]
                  } ]
               }
            } ],
            "codeSystem" : [ ]
         }, {
            "localId" : "217",
            "locator" : "38:1-38:138",
            "name" : "Hereditary Syndrome Associated with Colorectal Cancer VS",
            "id" : "http://cts.nlm.nih.gov/fhir/ValueSet/2.16.840.1.113762.1.4.1032.342",
            "accessLevel" : "Public",
            "annotation" : [ {
               "type" : "Annotation",
               "s" : {
                  "r" : "217",
                  "s" : [ {
                     "value" : [ "// #TODO needs validation\n\n\n//------------------------------------------------------------------------------\n// DECISION TO SCREEN LOGIC PATH\n//------------------------------------------------------------------------------\n\n// TODO Align with Breast Cancer S&M terminology\n\n//------------------------------------------------------------------------------\n// RISK FACTORS LOGIC PATH\n//------------------------------------------------------------------------------\n\n","valueset ","\"Hereditary Syndrome Associated with Colorectal Cancer VS\"",": ","'http://cts.nlm.nih.gov/fhir/ValueSet/2.16.840.1.113762.1.4.1032.342'" ]
                  } ]
               }
            } ],
            "codeSystem" : [ ]
         }, {
            "localId" : "218",
            "locator" : "39:1-39:103",
            "name" : "Ulcerative Colitis VS",
            "id" : "http://cts.nlm.nih.gov/fhir/ValueSet/2.16.840.1.113762.1.4.1032.345",
            "accessLevel" : "Public",
            "annotation" : [ {
               "type" : "Annotation",
               "s" : {
                  "r" : "218",
                  "s" : [ {
                     "value" : [ "","valueset ","\"Ulcerative Colitis VS\"",": ","'http://cts.nlm.nih.gov/fhir/ValueSet/2.16.840.1.113762.1.4.1032.345'" ]
                  } ]
               }
            } ],
            "codeSystem" : [ ]
         }, {
            "localId" : "219",
            "locator" : "40:1-40:100",
            "name" : "Crohn's Disease VS",
            "id" : "http://cts.nlm.nih.gov/fhir/ValueSet/2.16.840.1.113762.1.4.1032.348",
            "accessLevel" : "Public",
            "annotation" : [ {
               "type" : "Annotation",
               "s" : {
                  "r" : "219",
                  "s" : [ {
                     "value" : [ "","valueset ","\"Crohn's Disease VS\"",": ","'http://cts.nlm.nih.gov/fhir/ValueSet/2.16.840.1.113762.1.4.1032.348'" ]
                  } ]
               }
            } ],
            "codeSystem" : [ ]
         }, {
            "localId" : "220",
            "locator" : "41:1-41:110",
            "name" : "History of Colorectal Cancer",
            "id" : "http://cts.nlm.nih.gov/fhir/ValueSet/2.16.840.1.113762.1.4.1032.349",
            "accessLevel" : "Public",
            "annotation" : [ {
               "type" : "Annotation",
               "s" : {
                  "r" : "220",
                  "s" : [ {
                     "value" : [ "","valueset ","\"History of Colorectal Cancer\"",": ","'http://cts.nlm.nih.gov/fhir/ValueSet/2.16.840.1.113762.1.4.1032.349'" ]
                  } ]
               }
            } ],
            "codeSystem" : [ ]
         }, {
            "localId" : "221",
            "locator" : "42:1-42:117",
            "name" : "Family History of Colorectal Cancer",
            "id" : "http://cts.nlm.nih.gov/fhir/ValueSet/2.16.840.1.113762.1.4.1032.351",
            "accessLevel" : "Public",
            "annotation" : [ {
               "type" : "Annotation",
               "s" : {
                  "r" : "221",
                  "s" : [ {
                     "value" : [ "","valueset ","\"Family History of Colorectal Cancer\"",": ","'http://cts.nlm.nih.gov/fhir/ValueSet/2.16.840.1.113762.1.4.1032.351'" ]
                  } ]
               }
            } ],
            "codeSystem" : [ ]
         }, {
            "localId" : "222",
            "locator" : "43:1-43:112",
            "name" : "Family History of Colon Polyps",
            "id" : "http://cts.nlm.nih.gov/fhir/ValueSet/2.16.840.1.113762.1.4.1032.351",
            "accessLevel" : "Public",
            "annotation" : [ {
               "type" : "Annotation",
               "s" : {
                  "r" : "222",
                  "s" : [ {
                     "value" : [ "","valueset ","\"Family History of Colon Polyps\"",": ","'http://cts.nlm.nih.gov/fhir/ValueSet/2.16.840.1.113762.1.4.1032.351'" ]
                  } ]
               }
            } ],
            "codeSystem" : [ ]
         }, {
            "localId" : "223",
            "locator" : "44:1-44:112",
            "name" : "Potentially Precancerous Polyp",
            "id" : "http://cts.nlm.nih.gov/fhir/ValueSet/2.16.840.1.113762.1.4.1032.355",
            "accessLevel" : "Public",
            "annotation" : [ {
               "type" : "Annotation",
               "s" : {
                  "r" : "223",
                  "s" : [ {
                     "value" : [ "","valueset ","\"Potentially Precancerous Polyp\"",": ","'http://cts.nlm.nih.gov/fhir/ValueSet/2.16.840.1.113762.1.4.1032.355'" ]
                  } ]
               }
            } ],
            "codeSystem" : [ ]
         }, {
            "localId" : "234",
            "locator" : "89:1-89:107",
            "name" : "First Degree Family Member",
            "id" : "http://cts.nlm.nih.gov/fhir/ValueSet/2.16.840.1.113762.1.4.1032.92",
            "accessLevel" : "Public",
            "annotation" : [ {
               "type" : "Annotation",
               "s" : {
                  "r" : "234",
                  "s" : [ {
                     "value" : [ "//------------------------------------------------------------------------------\n// INCREASED RISK: PERSONAL HISTORY OF POLYPS\n//------------------------------------------------------------------------------\n\n// See risk factors\n\n//------------------------------------------------------------------------------\n// INCREASED RISK: FAMILY HISTORY OF COLORECTAL CANCER/POLYPS\n//------------------------------------------------------------------------------\n\n\n","valueset ","\"First Degree Family Member\"",": ","'http://cts.nlm.nih.gov/fhir/ValueSet/2.16.840.1.113762.1.4.1032.92'" ]
                  } ]
               }
            } ],
            "codeSystem" : [ ]
         }, {
            "localId" : "270",
            "locator" : "130:1-130:116",
            "name" : "Colorectal Cancer Resection Surgery",
            "id" : "http://cts.nlm.nih.gov/fhir/ValueSet/2.16.840.1.113883.3.666.5.705",
            "accessLevel" : "Public",
            "annotation" : [ {
               "type" : "Annotation",
               "s" : {
                  "r" : "270",
                  "s" : [ {
                     "value" : [ "// no specific code available in ICD-10-CM\n\n//------------------------------------------------------------------------------\n// INCREASED RISK: PERSONAL HISTORY OF COLORECTAL CANCER\n//------------------------------------------------------------------------------\n\n","valueset ","\"Colorectal Cancer Resection Surgery\"",": ","'http://cts.nlm.nih.gov/fhir/ValueSet/2.16.840.1.113883.3.666.5.705'" ]
                  } ]
               }
            } ],
            "codeSystem" : [ ]
         }, {
            "localId" : "271",
            "locator" : "153:1-153:113",
            "name" : "Colonoscopy Procedure",
            "id" : "http://cts.nlm.nih.gov/fhir/ValueSet/2.16.840.1.113883.3.464.1003.108.12.1020",
            "accessLevel" : "Public",
            "annotation" : [ {
               "type" : "Annotation",
               "s" : {
                  "r" : "271",
                  "s" : [ {
                     "value" : [ "// PLACEHOLDER value set. #TODO replace with procedures specific to CRC resection, add rectal procedures\n\n//------------------------------------------------------------------------------\n// INCREASED RISK: IBD\n//------------------------------------------------------------------------------\n\n// #TODO Primary Sclerosing Cholangitis\n// #TODO Microscopic Colitis\n// #TODO Indeterminate Colitis\n\n//------------------------------------------------------------------------------\n// GENETIC/FAMILIAL RISK REFERRAL\n//------------------------------------------------------------------------------\n\n//#TODO\n\n//------------------------------------------------------------------------------\n// DATA ELEMENTS\n//------------------------------------------------------------------------------\n\n\n// Colorectal cancer screening modalities\n// valueset \"Colonoscopy Study\": 'http://cts.nlm.nih.gov/fhir/ValueSet/2.16.840.1.113762.1.4.1032.356' // for use with document type/diagnostic report\n","valueset ","\"Colonoscopy Procedure\"",": ","'http://cts.nlm.nih.gov/fhir/ValueSet/2.16.840.1.113883.3.464.1003.108.12.1020'" ]
                  } ]
               }
            } ],
            "codeSystem" : [ ]
         }, {
            "localId" : "272",
            "locator" : "157:1-157:117",
            "name" : "CT Colonography Procedure",
            "id" : "http://cts.nlm.nih.gov/fhir/ValueSet/2.16.840.1.113883.3.464.1003.108.11.1144",
            "accessLevel" : "Public",
            "annotation" : [ {
               "type" : "Annotation",
               "s" : {
                  "r" : "272",
                  "s" : [ {
                     "value" : [ "// Steward: NCQA Phemur\n// Moved to DataElements.cql // valueset \"Fecal Occult Blood Test\": 'http://cts.nlm.nih.gov/fhir/ValueSet/2.16.840.1.113883.3.464.1003.198.11.1020' // Includes FIT and gFOBT, which cannot always be distinguished in LOINC; Steward: NCQA\n// Moved to DataElements.cql // valueset \"Stool DNA-FIT\": 'http://cts.nlm.nih.gov/fhir/ValueSet/2.16.840.1.113883.3.464.1003.108.11.1145' // Steward: NCQA\n// Moved to DataElements.cql // valueset \"CT Colonography Study\": 'http://cts.nlm.nih.gov/fhir/ValueSet/2.16.840.1.113883.3.464.1003.118.11.1097' // For use with document type/diagnostic report. Steward: NCQA Phemur\n","valueset ","\"CT Colonography Procedure\"",": ","'http://cts.nlm.nih.gov/fhir/ValueSet/2.16.840.1.113883.3.464.1003.108.11.1144'" ]
                  } ]
               }
            } ],
            "codeSystem" : [ ]
         }, {
            "localId" : "273",
            "locator" : "159:1-159:124",
            "name" : "Flexible Sigmoidoscopy Procedure",
            "id" : "http://cts.nlm.nih.gov/fhir/ValueSet/2.16.840.1.113883.3.464.1003.198.12.1010",
            "accessLevel" : "Public",
            "annotation" : [ {
               "type" : "Annotation",
               "s" : {
                  "r" : "273",
                  "s" : [ {
                     "value" : [ "// SNOMED-CT only. Steward: NCQA Phemur | #TODO replace with grouping of SNOMED and CPT. NCQA value sets marked as not maintained.\n// Moved to DataElements.cql // valueset \"Flexible Sigmoidoscopy Study\": 'http://cts.nlm.nih.gov/fhir/ValueSet/2.16.840.1.113762.1.4.1032.359' // for use with document type/diagnostic report\n","valueset ","\"Flexible Sigmoidoscopy Procedure\"",": ","'http://cts.nlm.nih.gov/fhir/ValueSet/2.16.840.1.113883.3.464.1003.198.12.1010'" ]
                  } ]
               }
            } ],
            "codeSystem" : [ ]
         } ]
      },
      "codes" : {
         "def" : [ {
            "localId" : "224",
            "locator" : "52:1-52:88",
            "name" : "Due for Screening",
            "id" : "171112000",
            "display" : "Screening due (finding)",
            "accessLevel" : "Public",
            "annotation" : [ {
               "type" : "Annotation",
               "s" : {
                  "r" : "224",
                  "s" : [ {
                     "value" : [ "//------------------------------------------------------------------------------\n// DUE FOR SCREENING\n//------------------------------------------------------------------------------\n\n// Codes for actions/recommendations\n","code ","\"Due for Screening\"",": ","'171112000'"," from " ]
                  }, {
                     "r" : "225",
                     "s" : [ {
                        "value" : [ "\"SNOMED-CT\"" ]
                     } ]
                  }, {
                     "value" : [ " display ","'Screening due (finding)'" ]
                  } ]
               }
            } ],
            "codeSystem" : {
               "localId" : "225",
               "locator" : "52:44-52:54",
               "name" : "SNOMED-CT"
            }
         }, {
            "localId" : "226",
            "locator" : "53:1-53:138",
            "name" : "Colorectal Cancer Screening",
            "id" : "268548003",
            "display" : "Screening for malignant neoplasm of large intestine (procedure)",
            "accessLevel" : "Public",
            "annotation" : [ {
               "type" : "Annotation",
               "s" : {
                  "r" : "226",
                  "s" : [ {
                     "value" : [ "","code ","\"Colorectal Cancer Screening\"",": ","'268548003'"," from " ]
                  }, {
                     "r" : "227",
                     "s" : [ {
                        "value" : [ "\"SNOMED-CT\"" ]
                     } ]
                  }, {
                     "value" : [ " display ","'Screening for malignant neoplasm of large intestine (procedure)'" ]
                  } ]
               }
            } ],
            "codeSystem" : {
               "localId" : "227",
               "locator" : "53:54-53:64",
               "name" : "SNOMED-CT"
            }
         }, {
            "localId" : "228",
            "locator" : "56:1-56:108",
            "name" : "Referral for Colonoscopy",
            "id" : "183875006",
            "display" : "Referral for colonoscopy (procedure)",
            "accessLevel" : "Public",
            "annotation" : [ {
               "type" : "Annotation",
               "s" : {
                  "r" : "228",
                  "s" : [ {
                     "value" : [ "// May come in handy - TBD\n","code ","\"Referral for Colonoscopy\"",": ","'183875006'"," from " ]
                  }, {
                     "r" : "229",
                     "s" : [ {
                        "value" : [ "\"SNOMED-CT\"" ]
                     } ]
                  }, {
                     "value" : [ " display ","'Referral for colonoscopy (procedure)'" ]
                  } ]
               }
            } ],
            "codeSystem" : {
               "localId" : "229",
               "locator" : "56:51-56:61",
               "name" : "SNOMED-CT"
            }
         }, {
            "localId" : "230",
            "locator" : "57:1-57:121",
            "name" : "Referral for Flexible Sigmoidoscopy",
            "id" : "183876007",
            "display" : "Referral for sigmoidoscopy (procedure)",
            "accessLevel" : "Public",
            "annotation" : [ {
               "type" : "Annotation",
               "s" : {
                  "r" : "230",
                  "s" : [ {
                     "value" : [ "","code ","\"Referral for Flexible Sigmoidoscopy\"",": ","'183876007'"," from " ]
                  }, {
                     "r" : "231",
                     "s" : [ {
                        "value" : [ "\"SNOMED-CT\"" ]
                     } ]
                  }, {
                     "value" : [ " display ","'Referral for sigmoidoscopy (procedure)'" ]
                  } ]
               }
            } ],
            "codeSystem" : {
               "localId" : "231",
               "locator" : "57:62-57:72",
               "name" : "SNOMED-CT"
            }
         }, {
            "localId" : "232",
            "locator" : "76:1-76:126",
            "name" : "Follow-up Plan",
            "id" : "470191000124102",
            "display" : "Colorectal cancer screening follow-up planning (procedure)",
            "accessLevel" : "Public",
            "annotation" : [ {
               "type" : "Annotation",
               "s" : {
                  "r" : "232",
                  "s" : [ {
                     "value" : [ "//------------------------------------------------------------------------------\n// SCREENING TEST INCOMPLETE\n//------------------------------------------------------------------------------\n\n// See data elements\n\n//------------------------------------------------------------------------------\n// FOLLOW-UP AFTER NON-COLONOSCOPY TEST\n//------------------------------------------------------------------------------\n\n//See data elements\n\n//------------------------------------------------------------------------------\n// FOLLOW-UP AFTER COLONOSCOPY\n//------------------------------------------------------------------------------\n\n// TODO Complete colonoscopy\n","code ","\"Follow-up Plan\"",": ","'470191000124102'"," from " ]
                  }, {
                     "r" : "233",
                     "s" : [ {
                        "value" : [ "\"SNOMED-CT\"" ]
                     } ]
                  }, {
                     "value" : [ " display ","'Colorectal cancer screening follow-up planning (procedure)'" ]
                  } ]
               }
            } ],
            "codeSystem" : {
               "localId" : "233",
               "locator" : "76:47-76:57",
               "name" : "SNOMED-CT"
            }
         }, {
            "localId" : "235",
            "locator" : "90:1-90:109",
            "name" : "Number of affected family members",
            "id" : "104899-0",
            "display" : "Number of affected family members",
            "accessLevel" : "Public",
            "annotation" : [ {
               "type" : "Annotation",
               "s" : {
                  "r" : "235",
                  "s" : [ {
                     "value" : [ "","code ","\"Number of affected family members\"",": ","'104899-0'"," from " ]
                  }, {
                     "r" : "236",
                     "s" : [ {
                        "value" : [ "\"LOINC\"" ]
                     } ]
                  }, {
                     "value" : [ " display ","'Number of affected family members'" ]
                  } ]
               }
            } ],
            "codeSystem" : {
               "localId" : "236",
               "locator" : "90:59-90:65",
               "name" : "LOINC"
            }
         }, {
            "localId" : "237",
            "locator" : "102:1-102:87",
            "name" : "Lynch Syndrome",
            "id" : "716318002",
            "display" : "Lynch syndrome (disorder)",
            "accessLevel" : "Public",
            "annotation" : [ {
               "type" : "Annotation",
               "s" : {
                  "r" : "237",
                  "s" : [ {
                     "value" : [ "// Might come in handy - TBD\n// code \"Family history of colorectal cancer over age 50\": '154051000119101' from \"SNOMED-CT\" display 'Family history of malignant neoplasm of colon over age 50 (situation)'\n// code \"Unspecified First Degree Biological Relative\": '125678001' from \"SNOMED-CT\" display 'First degree blood relative (person)'\n\n//------------------------------------------------------------------------------\n// INCREASED RISK: HEREDITARY SYNDROMES\n//------------------------------------------------------------------------------\n\n// *** Hereditary Syndromes ***\n\n","code ","\"Lynch Syndrome\"",": ","'716318002'"," from " ]
                  }, {
                     "r" : "238",
                     "s" : [ {
                        "value" : [ "\"SNOMED-CT\"" ]
                     } ]
                  }, {
                     "value" : [ " display ","'Lynch syndrome (disorder)'" ]
                  } ]
               }
            } ],
            "codeSystem" : {
               "localId" : "238",
               "locator" : "102:41-102:51",
               "name" : "SNOMED-CT"
            }
         }, {
            "localId" : "239",
            "locator" : "104:1-104:107",
            "name" : "FAP SNOMED CT",
            "id" : "72900001",
            "display" : "Familial multiple polyposis syndrome (disorder)",
            "accessLevel" : "Public",
            "annotation" : [ {
               "type" : "Annotation",
               "s" : {
                  "r" : "239",
                  "s" : [ {
                     "value" : [ "// no specific code available in ICD-10-CM\n\n","code ","\"FAP SNOMED CT\"",": ","'72900001'"," from " ]
                  }, {
                     "r" : "240",
                     "s" : [ {
                        "value" : [ "\"SNOMED-CT\"" ]
                     } ]
                  }, {
                     "value" : [ " display ","'Familial multiple polyposis syndrome (disorder)'" ]
                  } ]
               }
            } ],
            "codeSystem" : {
               "localId" : "240",
               "locator" : "104:39-104:49",
               "name" : "SNOMED-CT"
            }
         }, {
            "localId" : "241",
            "locator" : "105:1-105:88",
            "name" : "FAP ICD-10-CM",
            "id" : "D13.91",
            "display" : "Familial adenomatous polyposis",
            "accessLevel" : "Public",
            "annotation" : [ {
               "type" : "Annotation",
               "s" : {
                  "r" : "241",
                  "s" : [ {
                     "value" : [ "","code ","\"FAP ICD-10-CM\"",": ","'D13.91'"," from " ]
                  }, {
                     "r" : "242",
                     "s" : [ {
                        "value" : [ "\"ICD-10-CM\"" ]
                     } ]
                  }, {
                     "value" : [ " display ","'Familial adenomatous polyposis'" ]
                  } ]
               }
            } ],
            "codeSystem" : {
               "localId" : "242",
               "locator" : "105:37-105:47",
               "name" : "ICD-10-CM"
            }
         }, {
            "localId" : "246",
            "locator" : "108:1-108:114",
            "name" : "AFAP SNOMED CT",
            "id" : "715866009",
            "display" : "Attenuated familial adenomatous polyposis (disorder)",
            "accessLevel" : "Public",
            "annotation" : [ {
               "type" : "Annotation",
               "s" : {
                  "r" : "246",
                  "s" : [ {
                     "value" : [ "","code ","\"AFAP SNOMED CT\"",": ","'715866009'"," from " ]
                  }, {
                     "r" : "247",
                     "s" : [ {
                        "value" : [ "\"SNOMED-CT\"" ]
                     } ]
                  }, {
                     "value" : [ " display ","'Attenuated familial adenomatous polyposis (disorder)'" ]
                  } ]
               }
            } ],
            "codeSystem" : {
               "localId" : "247",
               "locator" : "108:41-108:51",
               "name" : "SNOMED-CT"
            }
         }, {
            "localId" : "248",
            "locator" : "109:1-109:89",
            "name" : "AFAP ICD-10-CM",
            "id" : "D13.91",
            "display" : "Familial adenomatous polyposis",
            "accessLevel" : "Public",
            "annotation" : [ {
               "type" : "Annotation",
               "s" : {
                  "r" : "248",
                  "s" : [ {
                     "value" : [ "","code ","\"AFAP ICD-10-CM\"",": ","'D13.91'"," from " ]
                  }, {
                     "r" : "249",
                     "s" : [ {
                        "value" : [ "\"ICD-10-CM\"" ]
                     } ]
                  }, {
                     "value" : [ " display ","'Familial adenomatous polyposis'" ]
                  } ]
               }
            } ],
            "codeSystem" : {
               "localId" : "249",
               "locator" : "109:38-109:48",
               "name" : "ICD-10-CM"
            }
         }, {
            "localId" : "253",
            "locator" : "112:1-112:96",
            "name" : "MAP SNOMED CT",
            "id" : "423471004",
            "display" : "MYH-associated polyposis (disorder)",
            "accessLevel" : "Public",
            "annotation" : [ {
               "type" : "Annotation",
               "s" : {
                  "r" : "253",
                  "s" : [ {
                     "value" : [ "","code ","\"MAP SNOMED CT\"",": ","'423471004'"," from " ]
                  }, {
                     "r" : "254",
                     "s" : [ {
                        "value" : [ "\"SNOMED-CT\"" ]
                     } ]
                  }, {
                     "value" : [ " display ","'MYH-associated polyposis (disorder)'" ]
                  } ]
               }
            } ],
            "codeSystem" : {
               "localId" : "254",
               "locator" : "112:40-112:50",
               "name" : "SNOMED-CT"
            }
         }, {
            "localId" : "255",
            "locator" : "114:1-114:101",
            "name" : "Peutz-Jegher syndrome",
            "id" : "54411001",
            "display" : "Peutz-Jeghers syndrome (disorder)",
            "accessLevel" : "Public",
            "annotation" : [ {
               "type" : "Annotation",
               "s" : {
                  "r" : "255",
                  "s" : [ {
                     "value" : [ "// no specific code available in ICD-10-CM\n\n","code ","\"Peutz-Jegher syndrome\"",": ","'54411001'"," from " ]
                  }, {
                     "r" : "256",
                     "s" : [ {
                        "value" : [ "\"SNOMED-CT\"" ]
                     } ]
                  }, {
                     "value" : [ " display ","'Peutz-Jeghers syndrome (disorder)'" ]
                  } ]
               }
            } ],
            "codeSystem" : {
               "localId" : "256",
               "locator" : "114:47-114:57",
               "name" : "SNOMED-CT"
            }
         }, {
            "localId" : "257",
            "locator" : "116:1-116:111",
            "name" : "Juvenile Polyposis Syndrome",
            "id" : "9273005",
            "display" : "Juvenile polyposis syndrome (disorder)",
            "accessLevel" : "Public",
            "annotation" : [ {
               "type" : "Annotation",
               "s" : {
                  "r" : "257",
                  "s" : [ {
                     "value" : [ "// no specific code available in ICD-10-CM\n\n","code ","\"Juvenile Polyposis Syndrome\"",": ","'9273005'"," from " ]
                  }, {
                     "r" : "258",
                     "s" : [ {
                        "value" : [ "\"SNOMED-CT\"" ]
                     } ]
                  }, {
                     "value" : [ " display ","'Juvenile polyposis syndrome (disorder)'" ]
                  } ]
               }
            } ],
            "codeSystem" : {
               "localId" : "258",
               "locator" : "116:52-116:62",
               "name" : "SNOMED-CT"
            }
         }, {
            "localId" : "259",
            "locator" : "118:1-118:117",
            "name" : "Serrated polyposis syndrome",
            "id" : "763536006",
            "display" : "Hyperplastic polyposis syndrome (disorder)",
            "accessLevel" : "Public",
            "annotation" : [ {
               "type" : "Annotation",
               "s" : {
                  "r" : "259",
                  "s" : [ {
                     "value" : [ "// no specific code available in ICD-10-CM\n\n","code ","\"Serrated polyposis syndrome\"",": ","'763536006'"," from " ]
                  }, {
                     "r" : "260",
                     "s" : [ {
                        "value" : [ "\"SNOMED-CT\"" ]
                     } ]
                  }, {
                     "value" : [ " display ","'Hyperplastic polyposis syndrome (disorder)'" ]
                  } ]
               }
            } ],
            "codeSystem" : {
               "localId" : "260",
               "locator" : "118:54-118:64",
               "name" : "SNOMED-CT"
            }
         }, {
            "localId" : "261",
            "locator" : "120:1-120:98",
            "name" : "Cowden Syndrome SNOMED CT",
            "id" : "58037000",
            "display" : "Cowden syndrome (disorder)",
            "accessLevel" : "Public",
            "annotation" : [ {
               "type" : "Annotation",
               "s" : {
                  "r" : "261",
                  "s" : [ {
                     "value" : [ "// no specific code available in ICD-10-CM \n\n","code ","\"Cowden Syndrome SNOMED CT\"",": ","'58037000'"," from " ]
                  }, {
                     "r" : "262",
                     "s" : [ {
                        "value" : [ "\"SNOMED-CT\"" ]
                     } ]
                  }, {
                     "value" : [ " display ","'Cowden syndrome (disorder)'" ]
                  } ]
               }
            } ],
            "codeSystem" : {
               "localId" : "262",
               "locator" : "120:51-120:61",
               "name" : "SNOMED-CT"
            }
         }, {
            "localId" : "263",
            "locator" : "121:1-121:99",
            "name" : "Cowden Syndrome ICD-10-CM",
            "id" : "Q85.81",
            "display" : "PTEN hamartoma tumor syndrome",
            "accessLevel" : "Public",
            "annotation" : [ {
               "type" : "Annotation",
               "s" : {
                  "r" : "263",
                  "s" : [ {
                     "value" : [ "","code ","\"Cowden Syndrome ICD-10-CM\"",": ","'Q85.81'"," from " ]
                  }, {
                     "r" : "264",
                     "s" : [ {
                        "value" : [ "\"ICD-10-CM\"" ]
                     } ]
                  }, {
                     "value" : [ " display ","'PTEN hamartoma tumor syndrome'" ]
                  } ]
               }
            } ],
            "codeSystem" : {
               "localId" : "264",
               "locator" : "121:49-121:59",
               "name" : "ICD-10-CM"
            }
         }, {
            "localId" : "268",
            "locator" : "124:1-124:126",
            "name" : "Familial Colorectal Cancer Type X",
            "id" : "1197359006",
            "display" : "Familial colorectal cancer type X (disorder)",
            "accessLevel" : "Public",
            "annotation" : [ {
               "type" : "Annotation",
               "s" : {
                  "r" : "268",
                  "s" : [ {
                     "value" : [ "","code ","\"Familial Colorectal Cancer Type X\"",": ","'1197359006'"," from " ]
                  }, {
                     "r" : "269",
                     "s" : [ {
                        "value" : [ "\"SNOMED-CT\"" ]
                     } ]
                  }, {
                     "value" : [ " display ","'Familial colorectal cancer type X (disorder)'" ]
                  } ]
               }
            } ],
            "codeSystem" : {
               "localId" : "269",
               "locator" : "124:61-124:71",
               "name" : "SNOMED-CT"
            }
         }, {
            "localId" : "274",
            "locator" : "164:1-164:82",
            "name" : "Negative",
            "id" : "260385009",
            "display" : "Negative (qualifier value)",
            "accessLevel" : "Public",
            "annotation" : [ {
               "type" : "Annotation",
               "s" : {
                  "r" : "274",
                  "s" : [ {
                     "value" : [ "// Steward: NCQA. Includes CPT, HCPCS and SNOMED-CT.\n\n// Observation.code for stool test results (FIT/gFOBT and sDNA-FIT)\n// moved to FollowUp.cql code \"Inconclusive\": '419984006' from \"SNOMED-CT\" display 'Inconclusive (qualifier value)'\n// moved to FollowUp.cql code \"Invalid\": '455371000124106' from \"SNOMED-CT\" display 'Invalid result (qualifier value)'\n","code ","\"Negative\"",": ","'260385009'"," from " ]
                  }, {
                     "r" : "275",
                     "s" : [ {
                        "value" : [ "\"SNOMED-CT\"" ]
                     } ]
                  }, {
                     "value" : [ " display ","'Negative (qualifier value)'" ]
                  } ]
               }
            } ],
            "codeSystem" : {
               "localId" : "275",
               "locator" : "164:35-164:45",
               "name" : "SNOMED-CT"
            }
         }, {
            "localId" : "276",
            "locator" : "176:1-176:136",
            "name" : "Colorectal Cancer Code",
            "id" : "1286877004",
            "display" : "Malignant neoplasm of cecum and/or colon and/or rectum (disorder)",
            "accessLevel" : "Public",
            "annotation" : [ {
               "type" : "Annotation",
               "s" : {
                  "r" : "276",
                  "s" : [ {
                     "value" : [ "// moved to FollowUp.cql code \"Positive\": '10828004' from \"SNOMED-CT\" display 'Positive (qualifier value)'\n\n// Observation.code for colonoscopy/flexible sigmoidoscopy results/findings\n// Moved to DataElements.cql // code \"Colonoscopy Study Observation\": '28023-0' from \"LOINC\" display 'Colonoscopy Study observation'\n// Moved to DataElements.cql // code \"Flexible Sigmoidoscopy Study Observation\": '28027-1' from \"LOINC\" display 'Flexible Sigmoidoscopy Study observation'\n\n// DiagnosticReport.conclusionCode Observation.code for findings associated with colonoscopy or flexible sigmoidoscopy\n// Moved to Dataelements.cql // valueset \"Colorectal Cancer SNOMED\": 'http://cts.nlm.nih.gov/fhir/ValueSet/2.16.840.1.113762.1.4.1032.326' // Using SNOMED CT only since no expectation of ICD-10-CM associated with DiagnosticReport or Observation\n// moved to DataElements.cql // valueset \"Potentially Precancerous Polyp SNOMED\": 'http://cts.nlm.nih.gov/fhir/ValueSet/2.16.840.1.113762.1.4.1032.353' // Using SNOMED CT only since no expectation of ICD-10-CM associated with DiagnosticReport or Observation\n\n// QuestionnaireResponse.item.answer.valueCoding for colonoscopy and flexible sigmoidoscopy results  \n","code ","\"Colorectal Cancer Code\"",": ","'1286877004'"," from " ]
                  }, {
                     "r" : "277",
                     "s" : [ {
                        "value" : [ "\"SNOMED-CT\"" ]
                     } ]
                  }, {
                     "value" : [ " display ","'Malignant neoplasm of cecum and/or colon and/or rectum (disorder)'" ]
                  } ]
               }
            } ],
            "codeSystem" : {
               "localId" : "277",
               "locator" : "176:50-176:60",
               "name" : "SNOMED-CT"
            }
         }, {
            "localId" : "278",
            "locator" : "177:1-177:112",
            "name" : "Polyp of Large Intestine Code",
            "id" : "399505005",
            "display" : "Polyp of large intestine (disorder)",
            "accessLevel" : "Public",
            "annotation" : [ {
               "type" : "Annotation",
               "s" : {
                  "r" : "278",
                  "s" : [ {
                     "value" : [ "","code ","\"Polyp of Large Intestine Code\"",": ","'399505005'"," from " ]
                  }, {
                     "r" : "279",
                     "s" : [ {
                        "value" : [ "\"SNOMED-CT\"" ]
                     } ]
                  }, {
                     "value" : [ " display ","'Polyp of large intestine (disorder)'" ]
                  } ]
               }
            } ],
            "codeSystem" : {
               "localId" : "279",
               "locator" : "177:56-177:66",
               "name" : "SNOMED-CT"
            }
         } ]
      },
      "concepts" : {
         "def" : [ {
            "localId" : "243",
            "locator" : "106:1-106:90",
            "name" : "FAP",
            "display" : "Familial adenomatous polyposis",
            "accessLevel" : "Public",
            "annotation" : [ {
               "type" : "Annotation",
               "s" : {
                  "r" : "243",
                  "s" : [ {
                     "value" : [ "","concept ","\"FAP\"",": {" ]
                  }, {
                     "r" : "244",
                     "s" : [ {
                        "value" : [ "\"FAP SNOMED CT\"" ]
                     } ]
                  }, {
                     "value" : [ ", " ]
                  }, {
                     "r" : "245",
                     "s" : [ {
                        "value" : [ "\"FAP ICD-10-CM\"" ]
                     } ]
                  }, {
                     "value" : [ "} display ","'Familial adenomatous polyposis'" ]
                  } ]
               }
            } ],
            "code" : [ {
               "localId" : "244",
               "locator" : "106:17-106:31",
               "name" : "FAP SNOMED CT"
            }, {
               "localId" : "245",
               "locator" : "106:34-106:48",
               "name" : "FAP ICD-10-CM"
            } ]
         }, {
            "localId" : "250",
            "locator" : "110:1-110:104",
            "name" : "AFAP",
            "display" : "Attenuated familial adenomatous polyposis",
            "accessLevel" : "Public",
            "annotation" : [ {
               "type" : "Annotation",
               "s" : {
                  "r" : "250",
                  "s" : [ {
                     "value" : [ "","concept ","\"AFAP\"",": {" ]
                  }, {
                     "r" : "251",
                     "s" : [ {
                        "value" : [ "\"AFAP SNOMED CT\"" ]
                     } ]
                  }, {
                     "value" : [ ", " ]
                  }, {
                     "r" : "252",
                     "s" : [ {
                        "value" : [ "\"AFAP ICD-10-CM\"" ]
                     } ]
                  }, {
                     "value" : [ "} display ","'Attenuated familial adenomatous polyposis'" ]
                  } ]
               }
            } ],
            "code" : [ {
               "localId" : "251",
               "locator" : "110:18-110:33",
               "name" : "AFAP SNOMED CT"
            }, {
               "localId" : "252",
               "locator" : "110:36-110:51",
               "name" : "AFAP ICD-10-CM"
            } ]
         }, {
            "localId" : "265",
            "locator" : "122:1-122:111",
            "name" : "Cowden Syndrome",
            "display" : "Cowden Syndrome",
            "accessLevel" : "Public",
            "annotation" : [ {
               "type" : "Annotation",
               "s" : {
                  "r" : "265",
                  "s" : [ {
                     "value" : [ "// #TODO check if more ICD-10-CM Codes exist for Cowden\n","concept ","\"Cowden Syndrome\"",": {" ]
                  }, {
                     "r" : "266",
                     "s" : [ {
                        "value" : [ "\"Cowden Syndrome SNOMED CT\"" ]
                     } ]
                  }, {
                     "value" : [ ", " ]
                  }, {
                     "r" : "267",
                     "s" : [ {
                        "value" : [ "\"Cowden Syndrome ICD-10-CM\"" ]
                     } ]
                  }, {
                     "value" : [ "} display ","'Cowden Syndrome'" ]
                  } ]
               }
            } ],
            "code" : [ {
               "localId" : "266",
               "locator" : "122:29-122:55",
               "name" : "Cowden Syndrome SNOMED CT"
            }, {
               "localId" : "267",
               "locator" : "122:58-122:84",
               "name" : "Cowden Syndrome ICD-10-CM"
            } ]
         } ]
      }
   }
}