<?xml version="1.0" encoding="UTF-8"?>
<library xmlns="urn:hl7-org:elm:r1" xmlns:t="urn:hl7-org:elm-types:r1" xmlns:xsi="http://www.w3.org/2001/XMLSchema-instance" xmlns:xsd="http://www.w3.org/2001/XMLSchema" xmlns:fhir="http://hl7.org/fhir" xmlns:qdm43="urn:healthit-gov:qdm:v4_3" xmlns:qdm53="urn:healthit-gov:qdm:v5_3" xmlns:a="urn:hl7-org:cql-annotations:r1" localId="0">
   <annotation translatorVersion="3.11.0" translatorOptions="EnableAnnotations,EnableLocators,DisableListDemotion,DisableListPromotion" signatureLevel="Overloads" xsi:type="a:CqlToElmInfo"/>
   <annotation xsi:type="a:Annotation">
      <a:s r="216">
         <a:s>library DetermineNextDueDate version '1.0.0'</a:s>
      </a:s>
   </annotation>
   <identifier id="DetermineNextDueDate" system="http://cancerscreeningcds.github.io/crcsm-cds" version="1.0.0"/>
   <schemaIdentifier id="urn:hl7-org:elm" version="r1"/>
   <usings>
      <def localId="1" localIdentifier="System" uri="urn:hl7-org:elm-types:r1"/>
      <def localId="206" locator="3:1-3:26" localIdentifier="FHIR" uri="http://hl7.org/fhir" version="4.0.1">
         <annotation xsi:type="a:Annotation">
            <a:s r="206">
               <a:s>using </a:s>
               <a:s>
                  <a:s>FHIR</a:s>
               </a:s>
               <a:s> version '4.0.1'</a:s>
            </a:s>
         </annotation>
      </def>
   </usings>
   <includes>
      <def localId="207" locator="4:1-4:55" localIdentifier="FHIRHelpers" path="http://cancerscreeningcds.github.io/crcsm-cds/FHIRHelpers" version="4.0.1">
         <annotation xsi:type="a:Annotation">
            <a:s r="207">
               <a:s>include </a:s>
               <a:s>
                  <a:s>FHIRHelpers</a:s>
               </a:s>
               <a:s>  version '4.0.1' called FHIRHelpers</a:s>
            </a:s>
         </annotation>
      </def>
      <def localId="208" locator="6:1-6:64" localIdentifier="Events" path="http://cancerscreeningcds.github.io/crcsm-cds/DetermineNextDueDateEvents" version="1.0.0">
         <annotation xsi:type="a:Annotation">
            <a:s r="208">
               <a:s>include </a:s>
               <a:s>
                  <a:s>DetermineNextDueDateEvents</a:s>
               </a:s>
               <a:s> version '1.0.0' called Events</a:s>
            </a:s>
         </annotation>
      </def>
      <def localId="209" locator="7:1-7:66" localIdentifier="Actions" path="http://cancerscreeningcds.github.io/crcsm-cds/DetermineNextDueDateActions" version="1.0.0">
         <annotation xsi:type="a:Annotation">
            <a:s r="209">
               <a:s>include </a:s>
               <a:s>
                  <a:s>DetermineNextDueDateActions</a:s>
               </a:s>
               <a:s> version '1.0.0' called Actions</a:s>
            </a:s>
         </annotation>
      </def>
      <def localId="210" locator="8:1-8:56" localIdentifier="DataElements" path="http://cancerscreeningcds.github.io/crcsm-cds/DataElements" version="1.0.0">
         <annotation xsi:type="a:Annotation">
            <a:s r="210">
               <a:s>include </a:s>
               <a:s>
                  <a:s>DataElements</a:s>
               </a:s>
               <a:s> version '1.0.0' called DataElements</a:s>
            </a:s>
         </annotation>
      </def>
   </includes>
   <contexts>
      <def localId="214" locator="10:1-10:15" name="Patient"/>
   </contexts>
   <statements>
      <def localId="212" locator="10:1-10:15" name="Patient" context="Patient">
         <expression localId="213" xsi:type="SingletonFrom">
            <operand localId="211" locator="10:1-10:15" dataType="fhir:Patient" templateId="http://hl7.org/fhir/StructureDefinition/Patient" xsi:type="Retrieve"/>
         </expression>
      </def>
      <def localId="216" locator="18:1-26:5" name="flow-DetermineNextDueDate" context="Patient" accessLevel="Public">
         <annotation xsi:type="a:Annotation">
            <a:s r="216">
               <a:s>//------------------------------------------------------------------------------
// Determine whether each action/event exists
//------------------------------------------------------------------------------


//TODO: refactor DetermineNextDueDate from a path to a function and corresponding expressions directly in the USPSTFAverageRisk logic path
define &quot;flow-DetermineNextDueDate&quot;:
  </a:s>
               <a:s r="217">
                  <a:s>case
    </a:s>
                  <a:s r="218">
                     <a:s>when </a:s>
                     <a:s r="220">
                        <a:s r="219">
                           <a:s>Events</a:s>
                        </a:s>
                        <a:s>.</a:s>
                        <a:s r="220">
                           <a:s>&quot;eve-lastTestColonoscopy&quot;</a:s>
                        </a:s>
                     </a:s>
                     <a:s> then </a:s>
                     <a:s r="222">
                        <a:s r="221">
                           <a:s>Actions</a:s>
                        </a:s>
                        <a:s>.</a:s>
                        <a:s r="222">
                           <a:s>&quot;act-ColonoscopyEvery10&quot;</a:s>
                        </a:s>
                     </a:s>
                  </a:s>
                  <a:s>
    </a:s>
                  <a:s r="223">
                     <a:s>when </a:s>
                     <a:s r="225">
                        <a:s r="224">
                           <a:s>Events</a:s>
                        </a:s>
                        <a:s>.</a:s>
                        <a:s r="225">
                           <a:s>&quot;eve-lastTestFOBT&quot;</a:s>
                        </a:s>
                     </a:s>
                     <a:s> then </a:s>
                     <a:s r="227">
                        <a:s r="226">
                           <a:s>Actions</a:s>
                        </a:s>
                        <a:s>.</a:s>
                        <a:s r="227">
                           <a:s>&quot;act-FOBTEveryYear&quot;</a:s>
                        </a:s>
                     </a:s>
                  </a:s>
                  <a:s>
    </a:s>
                  <a:s r="228">
                     <a:s>when </a:s>
                     <a:s r="230">
                        <a:s r="229">
                           <a:s>Events</a:s>
                        </a:s>
                        <a:s>.</a:s>
                        <a:s r="230">
                           <a:s>&quot;eve-lastTestSDNA&quot;</a:s>
                        </a:s>
                     </a:s>
                     <a:s> then </a:s>
                     <a:s r="232">
                        <a:s r="231">
                           <a:s>Actions</a:s>
                        </a:s>
                        <a:s>.</a:s>
                        <a:s r="232">
                           <a:s>&quot;act-sDNAFITEvery1to3&quot;</a:s>
                        </a:s>
                     </a:s>
                  </a:s>
                  <a:s>
    </a:s>
                  <a:s r="233">
                     <a:s>when </a:s>
                     <a:s r="235">
                        <a:s r="234">
                           <a:s>Events</a:s>
                        </a:s>
                        <a:s>.</a:s>
                        <a:s r="235">
                           <a:s>&quot;eve-lastTestCTcolonography&quot;</a:s>
                        </a:s>
                     </a:s>
                     <a:s> then </a:s>
                     <a:s r="237">
                        <a:s r="236">
                           <a:s>Actions</a:s>
                        </a:s>
                        <a:s>.</a:s>
                        <a:s r="237">
                           <a:s>&quot;act-CTColonographyEvery5&quot;</a:s>
                        </a:s>
                     </a:s>
                  </a:s>
                  <a:s>
    </a:s>
                  <a:s r="238">
                     <a:s>when </a:s>
                     <a:s r="240">
                        <a:s r="239">
                           <a:s>Events</a:s>
                        </a:s>
                        <a:s>.</a:s>
                        <a:s r="240">
                           <a:s>&quot;eve-lastTestFlexSig&quot;</a:s>
                        </a:s>
                     </a:s>
                     <a:s> then </a:s>
                     <a:s r="242">
                        <a:s r="241">
                           <a:s>Actions</a:s>
                        </a:s>
                        <a:s>.</a:s>
                        <a:s r="242">
                           <a:s>&quot;act-FlexSigEvery5&quot;</a:s>
                        </a:s>
                     </a:s>
                  </a:s>
                  <a:s r="243">
    else null
  end</a:s>
               </a:s>
            </a:s>
         </annotation>
         <expression localId="217" locator="19:3-26:5" xsi:type="Case">
            <caseItem localId="218" locator="20:5-20:79">
               <when localId="220" locator="20:10-20:41" name="eve-lastTestColonoscopy" libraryName="Events" xsi:type="ExpressionRef"/>
               <then localId="222" locator="20:48-20:79" name="act-ColonoscopyEvery10" libraryName="Actions" xsi:type="ExpressionRef"/>
            </caseItem>
            <caseItem localId="223" locator="21:5-21:67">
               <when localId="225" locator="21:10-21:34" name="eve-lastTestFOBT" libraryName="Events" xsi:type="ExpressionRef"/>
               <then localId="227" locator="21:41-21:67" name="act-FOBTEveryYear" libraryName="Actions" xsi:type="ExpressionRef"/>
            </caseItem>
            <caseItem localId="228" locator="22:5-22:70">
               <when localId="230" locator="22:10-22:34" name="eve-lastTestSDNA" libraryName="Events" xsi:type="ExpressionRef"/>
               <then localId="232" locator="22:41-22:70" name="act-sDNAFITEvery1to3" libraryName="Actions" xsi:type="ExpressionRef"/>
            </caseItem>
            <caseItem localId="233" locator="23:5-23:84">
               <when localId="235" locator="23:10-23:44" name="eve-lastTestCTcolonography" libraryName="Events" xsi:type="ExpressionRef"/>
               <then localId="237" locator="23:51-23:84" name="act-CTColonographyEvery5" libraryName="Actions" xsi:type="ExpressionRef"/>
            </caseItem>
            <caseItem localId="238" locator="24:5-24:70">
               <when localId="240" locator="24:10-24:37" name="eve-lastTestFlexSig" libraryName="Events" xsi:type="ExpressionRef"/>
               <then localId="242" locator="24:44-24:70" name="act-FlexSigEvery5" libraryName="Actions" xsi:type="ExpressionRef"/>
            </caseItem>
            <else localId="244" asType="t:DateTime" xsi:type="As">
               <operand localId="243" locator="25:10-25:13" xsi:type="Null"/>
            </else>
         </expression>
      </def>
   </statements>
</library>
