<?xml version="1.0" encoding="UTF-8"?>
<library xmlns="urn:hl7-org:elm:r1" xmlns:t="urn:hl7-org:elm-types:r1" xmlns:xsi="http://www.w3.org/2001/XMLSchema-instance" xmlns:xsd="http://www.w3.org/2001/XMLSchema" xmlns:fhir="http://hl7.org/fhir" xmlns:qdm43="urn:healthit-gov:qdm:v4_3" xmlns:qdm53="urn:healthit-gov:qdm:v5_3" xmlns:a="urn:hl7-org:cql-annotations:r1" localId="0">
   <annotation translatorVersion="3.11.0" translatorOptions="EnableAnnotations,EnableLocators,DisableListDemotion,DisableListPromotion" signatureLevel="Overloads" xsi:type="a:CqlToElmInfo"/>
   <annotation xsi:type="a:Annotation">
      <a:s r="236">
         <a:s>library DecisionToScreenActions version '1.0.0'</a:s>
      </a:s>
   </annotation>
   <identifier id="DecisionToScreenActions" system="http://cancerscreeningcds.github.io/crcsm-cds" version="1.0.0"/>
   <schemaIdentifier id="urn:hl7-org:elm" version="r1"/>
   <usings>
      <def localId="1" localIdentifier="System" uri="urn:hl7-org:elm-types:r1"/>
      <def localId="206" locator="3:1-3:26" localIdentifier="FHIR" uri="http://hl7.org/fhir" version="4.0.1">
         <annotation xsi:type="a:Annotation">
            <a:s r="206">
               <a:s>using </a:s>
               <a:s>
                  <a:s>FHIR</a:s>
               </a:s>
               <a:s> version '4.0.1'</a:s>
            </a:s>
         </annotation>
      </def>
   </usings>
   <includes>
      <def localId="207" locator="4:1-4:55" localIdentifier="FHIRHelpers" path="http://cancerscreeningcds.github.io/crcsm-cds/FHIRHelpers" version="4.0.1">
         <annotation xsi:type="a:Annotation">
            <a:s r="207">
               <a:s>include </a:s>
               <a:s>
                  <a:s>FHIRHelpers</a:s>
               </a:s>
               <a:s>  version '4.0.1' called FHIRHelpers</a:s>
            </a:s>
         </annotation>
      </def>
      <def localId="208" locator="6:1-6:56" localIdentifier="DataElements" path="http://cancerscreeningcds.github.io/crcsm-cds/DataElements" version="1.0.0">
         <annotation xsi:type="a:Annotation">
            <a:s r="208">
               <a:s>include </a:s>
               <a:s>
                  <a:s>DataElements</a:s>
               </a:s>
               <a:s> version '1.0.0' called DataElements</a:s>
            </a:s>
         </annotation>
      </def>
   </includes>
   <codeSystems>
      <def localId="209" locator="8:1-8:115" name="ActCode" id="http://cancerscreeningcds.github.io/crcsm-cds/CodeSystem/plan-definition-action-code-system" accessLevel="Public">
         <annotation xsi:type="a:Annotation">
            <a:s r="209">
               <a:s>codesystem &quot;ActCode&quot;: 'http://cancerscreeningcds.github.io/crcsm-cds/CodeSystem/plan-definition-action-code-system'</a:s>
            </a:s>
         </annotation>
      </def>
      <def localId="210" locator="9:1-9:125" name="ReasonCode" id="http://cancerscreeningcds.github.io/crcsm-cds/CodeSystem/plan-definition-action-reason-code-system" accessLevel="Public">
         <annotation xsi:type="a:Annotation">
            <a:s r="210">
               <a:s>codesystem &quot;ReasonCode&quot;: 'http://cancerscreeningcds.github.io/crcsm-cds/CodeSystem/plan-definition-action-reason-code-system'</a:s>
            </a:s>
         </annotation>
      </def>
   </codeSystems>
   <codes>
      <def localId="211" locator="12:1-12:130" name="Discuss decision to continue screening" id="sdmcontinue" display="Shared decision making to continue screening" accessLevel="Public">
         <annotation xsi:type="a:Annotation">
            <a:s r="211">
               <a:s>// Act Codes
code &quot;Discuss decision to continue screening&quot;: 'sdmcontinue' from </a:s>
               <a:s r="212">
                  <a:s>&quot;ActCode&quot;</a:s>
               </a:s>
               <a:s> display 'Shared decision making to continue screening'</a:s>
            </a:s>
         </annotation>
         <codeSystem localId="212" locator="12:67-12:75" name="ActCode"/>
      </def>
      <def localId="213" locator="13:1-13:78" name="Stop screening" id="stopscreening" display="Stop screening" accessLevel="Public">
         <annotation xsi:type="a:Annotation">
            <a:s r="213">
               <a:s>code &quot;Stop screening&quot;: 'stopscreening' from </a:s>
               <a:s r="214">
                  <a:s>&quot;ActCode&quot;</a:s>
               </a:s>
               <a:s> display 'Stop screening'</a:s>
            </a:s>
         </annotation>
         <codeSystem localId="214" locator="13:45-13:53" name="ActCode"/>
      </def>
      <def localId="215" locator="16:1-16:85" name="Age 76 to 86 years" id="age76to86" display="Age 76 to 86 years" accessLevel="Public">
         <annotation xsi:type="a:Annotation">
            <a:s r="215">
               <a:s>// Reason Codes
code &quot;Age 76 to 86 years&quot;: 'age76to86' from </a:s>
               <a:s r="216">
                  <a:s>&quot;ReasonCode&quot;</a:s>
               </a:s>
               <a:s> display 'Age 76 to 86 years'</a:s>
            </a:s>
         </annotation>
         <codeSystem localId="216" locator="16:45-16:56" name="ReasonCode"/>
      </def>
      <def localId="217" locator="17:1-17:83" name="Age over 86 years" id="ageover86" display="Age over 86 years" accessLevel="Public">
         <annotation xsi:type="a:Annotation">
            <a:s r="217">
               <a:s>code &quot;Age over 86 years&quot;: 'ageover86' from </a:s>
               <a:s r="218">
                  <a:s>&quot;ReasonCode&quot;</a:s>
               </a:s>
               <a:s> display 'Age over 86 years'</a:s>
            </a:s>
         </annotation>
         <codeSystem localId="218" locator="17:44-17:55" name="ReasonCode"/>
      </def>
      <def localId="219" locator="18:1-18:113" name="Reduced life expectancy indicator" id="lifeexp" display="Reduced life expectancy indicator" accessLevel="Public">
         <annotation xsi:type="a:Annotation">
            <a:s r="219">
               <a:s>code &quot;Reduced life expectancy indicator&quot;: 'lifeexp' from </a:s>
               <a:s r="220">
                  <a:s>&quot;ReasonCode&quot;</a:s>
               </a:s>
               <a:s> display 'Reduced life expectancy indicator'</a:s>
            </a:s>
         </annotation>
         <codeSystem localId="220" locator="18:58-18:69" name="ReasonCode"/>
      </def>
   </codes>
   <contexts>
      <def localId="224" locator="20:1-20:15" name="Patient"/>
   </contexts>
   <statements>
      <def localId="222" locator="20:1-20:15" name="Patient" context="Patient">
         <expression localId="223" xsi:type="SingletonFrom">
            <operand localId="221" locator="20:1-20:15" dataType="fhir:Patient" templateId="http://hl7.org/fhir/StructureDefinition/Patient" xsi:type="Retrieve"/>
         </expression>
      </def>
      <def localId="226" locator="22:1-26:2" name="act-HarmsLikelyOutweighBenefits" context="Patient" accessLevel="Public">
         <annotation xsi:type="a:Annotation">
            <a:s r="226">
               <a:s>define &quot;act-HarmsLikelyOutweighBenefits&quot;:
  </a:s>
               <a:s r="227">
                  <a:s>{
		</a:s>
                  <a:s>
                     <a:s>code: </a:s>
                     <a:s r="228">
                        <a:s>&quot;Stop screening&quot;</a:s>
                     </a:s>
                  </a:s>
                  <a:s>,
    </a:s>
                  <a:s>
                     <a:s>reason: </a:s>
                     <a:s r="229">
                        <a:s>&quot;Age over 86 years&quot;</a:s>
                     </a:s>
                  </a:s>
                  <a:s>
	}</a:s>
               </a:s>
            </a:s>
         </annotation>
         <expression localId="227" locator="23:3-26:2" xsi:type="Tuple">
            <element name="code">
               <value localId="228" locator="24:9-24:24" name="Stop screening" xsi:type="CodeRef"/>
            </element>
            <element name="reason">
               <value localId="229" locator="25:13-25:31" name="Age over 86 years" xsi:type="CodeRef"/>
            </element>
         </expression>
      </def>
      <def localId="231" locator="28:1-32:3" name="act-SelectivelyOfferScreening" context="Patient" accessLevel="Public">
         <annotation xsi:type="a:Annotation">
            <a:s r="231">
               <a:s>define &quot;act-SelectivelyOfferScreening&quot;:
  </a:s>
               <a:s r="232">
                  <a:s>{
		</a:s>
                  <a:s>
                     <a:s>code: </a:s>
                     <a:s r="233">
                        <a:s>&quot;Discuss decision to continue screening&quot;</a:s>
                     </a:s>
                  </a:s>
                  <a:s>,
    </a:s>
                  <a:s>
                     <a:s>reason: </a:s>
                     <a:s r="234">
                        <a:s>&quot;Age 76 to 86 years&quot;</a:s>
                     </a:s>
                  </a:s>
                  <a:s>
  }</a:s>
               </a:s>
            </a:s>
         </annotation>
         <expression localId="232" locator="29:3-32:3" xsi:type="Tuple">
            <element name="code">
               <value localId="233" locator="30:9-30:48" name="Discuss decision to continue screening" xsi:type="CodeRef"/>
            </element>
            <element name="reason">
               <value localId="234" locator="31:13-31:32" name="Age 76 to 86 years" xsi:type="CodeRef"/>
            </element>
         </expression>
      </def>
      <def localId="236" locator="34:1-38:3" name="act-sdmcontinuelifexp" context="Patient" accessLevel="Public">
         <annotation xsi:type="a:Annotation">
            <a:s r="236">
               <a:s>define &quot;act-sdmcontinuelifexp&quot;:
  </a:s>
               <a:s r="237">
                  <a:s>{
		</a:s>
                  <a:s>
                     <a:s>code: </a:s>
                     <a:s r="238">
                        <a:s>&quot;Discuss decision to continue screening&quot;</a:s>
                     </a:s>
                  </a:s>
                  <a:s>,
    </a:s>
                  <a:s>
                     <a:s>reason: </a:s>
                     <a:s r="239">
                        <a:s>&quot;Reduced life expectancy indicator&quot;</a:s>
                     </a:s>
                  </a:s>
                  <a:s>
  }</a:s>
               </a:s>
            </a:s>
         </annotation>
         <expression localId="237" locator="35:3-38:3" xsi:type="Tuple">
            <element name="code">
               <value localId="238" locator="36:9-36:48" name="Discuss decision to continue screening" xsi:type="CodeRef"/>
            </element>
            <element name="reason">
               <value localId="239" locator="37:13-37:47" name="Reduced life expectancy indicator" xsi:type="CodeRef"/>
            </element>
         </expression>
      </def>
   </statements>
</library>
