{"resourceType":"ActivityDefinition","id":"CommunicateSDMContinueScreening","meta":{"profile":["http://hl7.org/fhir/uv/cpg/StructureDefinition/cpg-computableactivity"]},"extension":[{"url":"http://hl7.org/fhir/uv/cpg/StructureDefinition/cpg-knowledgeCapability","valueCode":"executable"},{"url":"http://hl7.org/fhir/uv/cpg/StructureDefinition/cpg-knowledgeRepresentationLevel","valueCode":"structured"}],"url":"http://cancerscreeningcds.github.io/crcsm-cds/ActivityDefinition/CommunicateSDMContinueScreening","version":"0.1.0","name":"CommunicateSDMContinueScreening","title":"Communicate Shared Decision Making to Continue Screening","status":"draft","experimental":true,"date":"2025-02-28","publisher":"MITRE","contact":[{"name":"MITRE","telecom":[{"system":"url","value":"https://www.mitre.org/"}]}],"description":"This ActivityDefinition generates a CommunicationRequest recommending shared decision making on the decision to continue screening.","copyright":"(C) 2025 The MITRE Corporation. All Rights Reserved. Approved for Public Release: 24-2711. Distribution Unlimited. Unless otherwise noted, this work is available under an Apache 2.0 license. It was produced by the MITRE Corporation for the Division of Cancer Prevention and Control, Centers for Disease Control and Prevention in accordance with the Statement of Work, contract number 75FCMC18D0047, task order number 75D30123F17931.","approvalDate":"2025-02-28","lastReviewDate":"2025-02-28","author":[{"name":"The Health FFRDC, operated by The MITRE Corporation, in support of the Division of Cancer Prevention and Control, Centers for Disease Control and Prevention."}],"editor":[{"name":"Division of Cancer Prevention and Control, Centers for Disease Control and Prevention"}],"reviewer":[{"name":"Division of Cancer Prevention and Control, Centers for Disease Control and Prevention"}],"endorser":[{"name":"Division of Cancer Prevention and Control, Centers for Disease Control and Prevention"}],"kind":"CommunicationRequest","code":{"coding":[{"system":"http://cancerscreeningcds.github.io/crcsm-cds/CodeSystem/plan-definition-action-code-system","code":"sdmcontinue","display":"Shared decision making to continue screening"}],"text":"Shared decision making to continue screening"},"intent":"proposal","priority":"routine"}