{"resourceType":"CodeSystem","id":"screening-observation-code-system","text":{"status":"generated","div":"<div xmlns=\"http://www.w3.org/1999/xhtml\"><p class=\"res-header-id\"><b>Generated Narrative: CodeSystem screening-observation-code-system</b></p><a name=\"screening-observation-code-system\"> </a><a name=\"hcscreening-observation-code-system\"> </a><a name=\"screening-observation-code-system-en-US\"> </a><p>This  code system <code>http://cancerscreeningcds.github.io/crcsm-cds/CodeSystem/screening-observation-code-system</code> defines the following codes:</p><table class=\"codes\"><tr><td style=\"white-space:nowrap\"><b>Code</b></td><td><b>Display</b></td></tr><tr><td style=\"white-space:nowrap\">ColorectalSymptoms<a name=\"screening-observation-code-system-ColorectalSymptoms\"> </a></td><td>New or worsening colorectal symptoms</td></tr><tr><td style=\"white-space:nowrap\">ReducedLifeExpectancyIndicator<a name=\"screening-observation-code-system-ReducedLifeExpectancyIndicator\"> </a></td><td>Reduced life expectancy indicator</td></tr></table></div>"},"url":"http://cancerscreeningcds.github.io/crcsm-cds/CodeSystem/screening-observation-code-system","version":"0.1.0","name":"ScreeningObservationCodeSystem","title":"Screening Observation Code System","status":"draft","experimental":true,"date":"2025-02-28T21:24:30+00:00","publisher":"MITRE","contact":[{"name":"MITRE","telecom":[{"system":"url","value":"https://www.mitre.org/"}]}],"description":"Code representing cancer screening related observations","content":"complete","count":2,"concept":[{"code":"ColorectalSymptoms","display":"New or worsening colorectal symptoms"},{"code":"ReducedLifeExpectancyIndicator","display":"Reduced life expectancy indicator"}]}