{"resourceType":"CodeSystem","id":"recommendation-flag-code-system","text":{"status":"generated","div":"<div xmlns=\"http://www.w3.org/1999/xhtml\"><p class=\"res-header-id\"><b>Generated Narrative: CodeSystem recommendation-flag-code-system</b></p><a name=\"recommendation-flag-code-system\"> </a><a name=\"hcrecommendation-flag-code-system\"> </a><a name=\"recommendation-flag-code-system-en-US\"> </a><p>This  code system <code>http://cancerscreeningcds.github.io/crcsm-cds/CodeSystem/recommendation-flag-code-system</code> defines the following codes:</p><table class=\"codes\"><tr><td style=\"white-space:nowrap\"><b>Code</b></td><td><b>Display</b></td></tr><tr><td style=\"white-space:nowrap\">overdue<a name=\"recommendation-flag-code-system-overdue\"> </a></td><td>Overdue</td></tr><tr><td style=\"white-space:nowrap\">due<a name=\"recommendation-flag-code-system-due\"> </a></td><td>Due</td></tr><tr><td style=\"white-space:nowrap\">not-due<a name=\"recommendation-flag-code-system-not-due\"> </a></td><td>Not due</td></tr></table></div>"},"url":"http://cancerscreeningcds.github.io/crcsm-cds/CodeSystem/recommendation-flag-code-system","version":"0.1.0","name":"RecommendationFlagCodeSystem","title":"Recommendation Flag Code System","status":"draft","experimental":true,"date":"2025-02-28T21:24:30+00:00","publisher":"MITRE","contact":[{"name":"MITRE","telecom":[{"system":"url","value":"https://www.mitre.org/"}]}],"description":"Code representing due/overdue flags","content":"complete","count":3,"concept":[{"code":"overdue","display":"Overdue","designation":[{"use":{"system":"http://terminology.hl7.org/CodeSystem/designation-usage","code":"display"},"value":"Overdue"}]},{"code":"due","display":"Due","designation":[{"use":{"system":"http://terminology.hl7.org/CodeSystem/designation-usage","code":"display"},"value":"Due"}]},{"code":"not-due","display":"Not due","designation":[{"use":{"system":"http://terminology.hl7.org/CodeSystem/designation-usage","code":"display"},"value":"Not due"}]}]}