{"resourceType":"PlanDefinition","id":"flow-IncreasedRiskExclusions","meta":{"profile":["http://hl7.org/fhir/uv/cpg/StructureDefinition/cpg-computableplandefinition"]},"extension":[{"url":"http://hl7.org/fhir/uv/cpg/StructureDefinition/cpg-knowledgeCapability","valueCode":"executable"},{"url":"http://hl7.org/fhir/uv/cpg/StructureDefinition/cpg-knowledgeRepresentationLevel","valueCode":"structured"}],"url":"http://cancerscreeningcds.github.io/crcsm-cds/PlanDefinition/flow-IncreasedRiskExclusions","version":"0.1.0","name":"flow-IncreasedRiskExclusions","title":"Increased Risk Exclusions","type":{"coding":[{"system":"http://terminology.hl7.org/CodeSystem/plan-definition-type","code":"eca-rule"}]},"status":"draft","experimental":true,"date":"2025-02-28","publisher":"MITRE","contact":[{"name":"MITRE","telecom":[{"system":"url","value":"https://www.mitre.org/"}]}],"description":"Determines whether a patient should be considered for average risk colorectal cancer screening or increased risk screening or surveillance. Patients who meet criteria for higher than average risk for colorectal cancer, as defined in the U.S. Preventative Services Task Force (USPSTF), are excluded from average risk screening recommendations.\n\nThis path can be used to ensure that USPSTF average-risk recommendations are suppressed for patients meeting increased risk criteria. It can also be used to identify and surface risk factors for colorectal cancer, and to direct patients to appropriate screening/surveillance recommendations for increased risk populations.","copyright":"(C) 2025 The MITRE Corporation. All Rights Reserved. Approved for Public Release: 24-2711. Distribution Unlimited. Unless otherwise noted, this work is available under an Apache 2.0 license. It was produced by the MITRE Corporation for the Division of Cancer Prevention and Control, Centers for Disease Control and Prevention in accordance with the Statement of Work, contract number 75FCMC18D0047, task order number 75D30123F17931.","approvalDate":"2025-02-28","lastReviewDate":"2025-02-28","author":[{"name":"The Health FFRDC, operated by The MITRE Corporation, in support of the Division of Cancer Prevention and Control, Centers for Disease Control and Prevention."}],"editor":[{"name":"Division of Cancer Prevention and Control, Centers for Disease Control and Prevention"}],"reviewer":[{"name":"Division of Cancer Prevention and Control, Centers for Disease Control and Prevention"}],"endorser":[{"name":"Division of Cancer Prevention and Control, Centers for Disease Control and Prevention"}],"library":["Library/IncreasedRiskExclusions|1.0.0"],"action":[{"id":"HereditarySyndromesSurveillance","title":"Colorectal cancer surveillance per specialist recommendations","description":"Refer to GI specialist for colorectal cancer (and possibly additional cancers) surveillance recommendations.\n\nPatients with a hereditary cancer syndrome require specialized management and colonoscopy surveillance for colorectal cancer (as well as additional surveillance for other cancers). Recommendations on when to start surveillance and surveillance intervals vary according to the syndrome.","documentation":[{"type":"citation","label":"ACG Hereditary Syndromes (2015)","display":"ACG Clinical Guideline: Genetic Testing and Management of Hereditary Gastrointestinal Cancer Syndromes","citation":"Syngal, S., et al. (2015). ACG Clinical Guideline: Genetic Testing and Management of Hereditary Gastrointestinal Cancer Syndromes. American Journal of Gastroenterology 110(2):p 223-262. https://doi.org/10.1038/ajg.2014.435"}],"condition":[{"kind":"applicability","expression":{"language":"text/cql-identifier","expression":"ExistsHereditarySyndrome"}}],"definitionCanonical":"http://cancerscreeningcds.github.io/crcsm-cds/ActivityDefinition/ColorectalCancerScreeningServiceRequest|1.0.0","dynamicValue":[{"path":"code.coding[0]","expression":{"language":"text/cql-identifier","expression":"HereditarySyndromeCode"}},{"path":"reasonCode[0].coding[0]","expression":{"language":"text/cql-identifier","expression":"HereditarySyndromeReason"}}]},{"id":"IBDIncreasedRisk","title":"IBD surveillance per specialist recommendations","description":"Start colonoscopy surveillance 8-10 years after disease onset.\n\nRepeat colonoscopy every 1-5 years based on GI specialist recommendations.","documentation":[{"type":"citation","label":"ACG Crohn's Disease (2018)","display":"ACG Clinical Guideline: Management of Crohn's Disease in Adults","citation":"Lichtenstein, G.R., et al. (2018). ACG Clinical Guideline: Management of Crohn's Disease in Adults. American Journal of Gastroenterology, 113(4), 481-517. https://doi.org/10.1038/ajg.2018.27"},{"type":"citation","label":"ACG Ulcerative Colitis (2019)","display":"ACG Clinical Guideline: Ulcerative Colitis in Adults","citation":"Rubin, D. T., et al. (2019). ACG Clinical Guideline: Ulcerative Colitis in Adults. The American journal of gastroenterology, 114(3), 384-413. https://doi.org/10.14309/ajg.0000000000000152"},{"type":"citation","label":"AGA Inflammatory Bowel Disease (2021)","display":"AGA Clinical Practice Update on Endoscopic Surveillance and Management of Colorectal Dysplasia in Inflammatory Bowel Diseases: Expert Review","citation":"Murthy, S. K., et al. (2021). AGA Clinical Practice Update on Endoscopic Surveillance and Management of Colorectal Dysplasia in Inflammatory Bowel Diseases: Expert Review. Gastroenterology, 161(3), 1043-1051.e4. https://doi.org/10.1053/j.gastro.2021.05.063"}],"condition":[{"kind":"applicability","expression":{"language":"text/cql-identifier","expression":"ExistsIBD"}}],"definitionCanonical":"http://cancerscreeningcds.github.io/crcsm-cds/ActivityDefinition/ColorectalCancerScreeningServiceRequest|1.0.0","dynamicValue":[{"path":"code.coding[0]","expression":{"language":"text/cql-identifier","expression":"IBDCode"}},{"path":"reasonCode[0].coding[0]","expression":{"language":"text/cql-identifier","expression":"IBDReason"}}]},{"id":"HistoryCRCSurveillance","title":"Post-colorectal cancer resection surveillance","description":"Patients with a history of colorectal cancer should begin colonoscopy surveillance 1 year pos-resection.\n\nRepeat colonoscopy 3 years after 1st surveillance, and every 5 years thereafter. Post-polypectomy surveillance intervals apply if shorter.\n\nRefer to patient's oncologic treatment team of survivorship care plan for patient-specific guidance.","documentation":[{"type":"citation","label":"USMSTF Post Colorectal Cancer Resection (2016)","display":"Colonoscopy Surveillance after Colorectal Cancer Resection: Recommendations of the US Multi-Society Task Force on Colorectal Cancer","citation":"Kahi, C. J., et al. (2016). Colonoscopy Surveillance after Colorectal Cancer Resection: Recommendations of the US Multi-Society Task Force on Colorectal Cancer. Gastroenterology, 150(3), 758-768.e11. https://doi.org/10.1053/j.gastro.2016.01.001"},{"type":"citation","label":"USMSTF Follow-Up After Colonoscopy and Polypectomy (2020)","display":"Recommendations for Follow-Up After Colonoscopy and Polypectomy: A Consensus Update by the US Multi-Society Task Force on Colorectal Cancer","citation":"Gupta, S., et al. (2020). Recommendations for Follow-Up After Colonoscopy and Polypectomy: A Consensus Update by the US Multi-Society Task Force on Colorectal Cancer. Gastroenterology, 158(4), 1131–1153.e5. https://doi.org/10.1053/j.gastro.2019.10.026"}],"condition":[{"kind":"applicability","expression":{"language":"text/cql-identifier","expression":"ExistsHxCRC"}}],"definitionCanonical":"http://cancerscreeningcds.github.io/crcsm-cds/ActivityDefinition/ColorectalCancerScreeningServiceRequest|1.0.0","dynamicValue":[{"path":"code.coding[0]","expression":{"language":"text/cql-identifier","expression":"HxCRCCode"}},{"path":"reasonCode[0].coding[0]","expression":{"language":"text/cql-identifier","expression":"HxCRCReason"}}]},{"id":"FamilyHistoryIncreasedRisk","title":"Family history increased risk screening/surveillance","description":"For patients with a single first-degree relative (mother, father, full sibling, child) with colorectal cancer or an advanced polyp(s):\n* If relative diagnosed at >= 60 years:\n    * Start screening at 40 years old. Tests and intervals are as per average risk screening recommendations.\n* If relative diagnosed at < 60 years old:\n    * Start screening 10 years before relative's age at diagnosis or age 40, whichever is earlier. Repeat colonoscopy every 5 years.\n    * If no significant neoplasia appears by age 60 years, can offer expanding the interval between colonoscopies.\n\nFor patients with 2 or more first-degree relatives with colorectal cancer or an advanced polyp:\n* Start screening colonoscopy 10 years before the reatives' youngest age at diagnosis or age 40, whichever is earlier. Repeat colonoscopy every 5 years.\n\nPatients with a history of potentially precancerous polyps should follow shortest interval between recommendations above and recommendations based on colonoscopy findings.","documentation":[{"type":"citation","label":"USMSTF (2017)","display":"Colorectal Cancer Screening: Recommendations for Physicians and Patients From the U.S. Multi-Society Task Force on Colorectal Cancer","citation":"Rex, D. K., et al. (2017). Colorectal Cancer Screening: Recommendations for Physicians and Patients From the U.S. Multi-Society Task Force on Colorectal Cancer. Gastroenterology, 153(1), 307-323. https://doi.org/10.1053/j.gastro.2017.05.013"},{"type":"citation","label":"ACG Average Risk (2021)","display":"ACG Clinical Guidelines: Colorectal Cancer Screening 2021","citation":"Shaukat, A., et al. (2021). ACG Clinical Guidelines: Colorectal Cancer Screening 2021. American Journal of Gastroenterology, 116(3), 458-479. https://doi.org/10.14309/ajg.0000000000001122"},{"type":"citation","label":"USMSTF Follow-Up After Colonoscopy and Polypectomy (2020)","display":"Recommendations for Follow-Up After Colonoscopy and Polypectomy: A Consensus Update by the US Multi-Society Task Force on Colorectal Cancer","citation":"Gupta, S., et al. (2020). Recommendations for Follow-Up After Colonoscopy and Polypectomy: A Consensus Update by the US Multi-Society Task Force on Colorectal Cancer. Gastroenterology, 158(4), 1131–1153.e5. https://doi.org/10.1053/j.gastro.2019.10.026"}],"condition":[{"kind":"applicability","expression":{"language":"text/cql-identifier","expression":"ExistsFamilyHx"}}],"definitionCanonical":"http://cancerscreeningcds.github.io/crcsm-cds/ActivityDefinition/ColorectalCancerScreeningServiceRequest|1.0.0","dynamicValue":[{"path":"code.coding[0]","expression":{"language":"text/cql-identifier","expression":"FamilyHxCode"}},{"path":"reasonCode[0].coding[0]","expression":{"language":"text/cql-identifier","expression":"FamilyHxReason"}}]},{"id":"HistoryPolypsIncreasedRisk","title":"Post-polypectomy surveillance","description":"Follow endoscopist-recommended interval. ","documentation":[{"type":"citation","label":"USMSTF Follow-Up After Colonoscopy and Polypectomy (2020)","display":"Recommendations for Follow-Up After Colonoscopy and Polypectomy: A Consensus Update by the US Multi-Society Task Force on Colorectal Cancer","citation":"Gupta, S., et al. (2020). Recommendations for Follow-Up After Colonoscopy and Polypectomy: A Consensus Update by the US Multi-Society Task Force on Colorectal Cancer. Gastroenterology, 158(4), 1131–1153.e5. https://doi.org/10.1053/j.gastro.2019.10.026"}],"condition":[{"kind":"applicability","expression":{"language":"text/cql-identifier","expression":"ExistsHxPolyps"}}],"definitionCanonical":"http://cancerscreeningcds.github.io/crcsm-cds/ActivityDefinition/ColorectalCancerScreeningServiceRequest|1.0.0","dynamicValue":[{"path":"code.coding[0]","expression":{"language":"text/cql-identifier","expression":"HxPolypsCode"}},{"path":"reasonCode[0].coding[0]","expression":{"language":"text/cql-identifier","expression":"HxPolypsReason"}}]}]}