{"resourceType":"PlanDefinition","id":"HighLevel","meta":{"profile":["http://hl7.org/fhir/uv/cpg/StructureDefinition/cpg-computableplandefinition"]},"extension":[{"url":"http://hl7.org/fhir/uv/cpg/StructureDefinition/cpg-knowledgeCapability","valueCode":"executable"},{"url":"http://hl7.org/fhir/uv/cpg/StructureDefinition/cpg-knowledgeRepresentationLevel","valueCode":"structured"}],"url":"http://cancerscreeningcds.github.io/crcsm-cds/PlanDefinition/HighLevel","version":"0.1.0","name":"HighLevel","title":"High Level Flow","type":{"coding":[{"system":"http://terminology.hl7.org/CodeSystem/plan-definition-type","code":"eca-rule","display":"ECA Rule"}]},"status":"draft","experimental":true,"date":"2025-02-28","publisher":"MITRE","contact":[{"name":"MITRE","telecom":[{"system":"url","value":"https://www.mitre.org/"}]}],"description":"Brings together recommendations from Primary Screening Decision and Follow-up Screening Result.","copyright":"(C) 2025 The MITRE Corporation. All Rights Reserved. Approved for Public Release: 24-2711. Distribution Unlimited. Unless otherwise noted, this work is available under an Apache 2.0 license. It was produced by the MITRE Corporation for the Division of Cancer Prevention and Control, Centers for Disease Control and Prevention in accordance with the Statement of Work, contract number 75FCMC18D0047, task order number 75D30123F17931.","approvalDate":"2025-02-28","lastReviewDate":"2025-02-28","author":[{"name":"The Health FFRDC, operated by The MITRE Corporation, in support of the Division of Cancer Prevention and Control, Centers for Disease Control and Prevention."}],"editor":[{"name":"Division of Cancer Prevention and Control, Centers for Disease Control and Prevention"}],"reviewer":[{"name":"Division of Cancer Prevention and Control, Centers for Disease Control and Prevention"}],"endorser":[{"name":"Division of Cancer Prevention and Control, Centers for Disease Control and Prevention"}],"library":["Library/HighLevel|1.0.0"],"action":[{"title":"Followup Screening Result","condition":[{"kind":"applicability","expression":{"language":"text/cql-identifier","expression":"ExistsFollowUpRecommendation"}}],"definitionCanonical":"http://cancerscreeningcds.github.io/crcsm-cds/PlanDefinition/flow-FollowUp|1.0.0"},{"title":"Primary Screening Decision","condition":[{"kind":"applicability","expression":{"language":"text/cql-identifier","expression":"ExistsPrimaryScreeningDecisionRecommendation"}}],"definitionCanonical":"http://cancerscreeningcds.github.io/crcsm-cds/PlanDefinition/PrimaryScreeningDecision|1.0.0"}]}