{"resourceType":"ValueSet","id":"recommendation-flag-codes","text":{"status":"generated","div":"<div xmlns=\"http://www.w3.org/1999/xhtml\"><p class=\"res-header-id\"><b>Generated Narrative: ValueSet recommendation-flag-codes</b></p><a name=\"recommendation-flag-codes\"> </a><a name=\"hcrecommendation-flag-codes\"> </a><a name=\"recommendation-flag-codes-en-US\"> </a><ul><li>Include all codes defined in <a href=\"CodeSystem-recommendation-flag-code-system.html\"><code>http://cancerscreeningcds.github.io/crcsm-cds/CodeSystem/recommendation-flag-code-system</code></a></li></ul></div>"},"url":"http://cancerscreeningcds.github.io/crcsm-cds/ValueSet/recommendation-flag-codes","version":"0.1.0","name":"RecommendationFlagCodes","title":"Recommendation Flag Codes","status":"draft","experimental":true,"date":"2025-02-28T21:24:30+00:00","publisher":"MITRE","contact":[{"name":"MITRE","telecom":[{"system":"url","value":"https://www.mitre.org/"}]}],"description":"This value set includes flag codes for recommendation actions within this implementation guide.","compose":{"include":[{"system":"http://cancerscreeningcds.github.io/crcsm-cds/CodeSystem/recommendation-flag-code-system"}]}}