{
  "resourceType" : "Bundle",
  "id" : "FollowUp_eve-lastTestColonoscopy_yes_eve-colonoscopyFindingCRC_no_eve-recommendedInterval_no_eve-colonoscopyFindingPolyps_no_end-1",
  "type" : "collection",
  "entry" : [{
    "fullUrl" : "http://cancerscreeningcds.github.io/crcsm-cds/CarePlan/165",
    "resource" : {
      "resourceType" : "CarePlan",
      "id" : "165",
      "text" : {
        "status" : "generated",
        "div" : "<div xmlns=\"http://www.w3.org/1999/xhtml\"><a name=\"CarePlan_165\"> </a><p class=\"res-header-id\"><b>Generated Narrative: CarePlan 165</b></p><a name=\"165\"> </a><a name=\"hc165\"> </a><a name=\"165-en-US\"> </a><p><b>instantiatesCanonical</b>: <a href=\"PlanDefinition-flow-FollowUp.html\">Follow Up</a></p><p><b>status</b>: Draft</p><p><b>intent</b>: Proposal</p><p><b>subject</b>: <a href=\"Bundle-eve-lastTestColonoscopy_yes_eve-colonoscopyFindingCRC_no_eve-recommendedInterval_no_eve-colonoscopyFindingPolyps_no_end-1.html#Patient_4042c4bb-690d-412c-b750-33f9dc1a7f1d\">Joanne Smith</a></p><p><b>created</b>: 2024-12-10 00:00:00+0000</p><h3>Activities</h3><table class=\"grid\"><tr><td style=\"display: none\">-</td><td><b>Reference</b></td></tr><tr><td style=\"display: none\">*</td><td><a href=\"Bundle-DecisionToScreen_eve-Age86AndOlder_no_eve-AgeOver76_yes_act-SelectivelyOfferScreening__eve-LifeExp10_yes_act-sdmcontinuelifexp__eve-riskFactors_yes_act-incRiskEligible.html#RequestGroup_166\">Bundle: type = collection</a></td></tr></table></div>"
      },
      "instantiatesCanonical" : ["http://cancerscreeningcds.github.io/crcsm-cds/PlanDefinition/flow-FollowUp"],
      "status" : "draft",
      "intent" : "proposal",
      "subject" : {
        "reference" : "Patient/4042c4bb-690d-412c-b750-33f9dc1a7f1d",
        "display" : "Joanne Smith"
      },
      "created" : "2024-12-10T00:00:00.0Z",
      "activity" : [{
        "reference" : {
          "reference" : "RequestGroup/166"
        }
      }]
    }
  },
  {
    "fullUrl" : "http://cancerscreeningcds.github.io/crcsm-cds/RequestGroup/166",
    "resource" : {
      "resourceType" : "RequestGroup",
      "id" : "166",
      "text" : {
        "status" : "generated",
        "div" : "<div xmlns=\"http://www.w3.org/1999/xhtml\"><a name=\"RequestGroup_166\"> </a><p class=\"res-header-id\"><b>Generated Narrative: RequestGroup 166</b></p><a name=\"166\"> </a><a name=\"hc166\"> </a><a name=\"166-en-US\"> </a><p><b>instantiatesCanonical</b>: <a href=\"PlanDefinition-flow-FollowUp.html\">Follow Up</a></p><p><b>status</b>: Draft</p><p><b>intent</b>: Proposal</p><p><b>subject</b>: <a href=\"Bundle-eve-lastTestColonoscopy_yes_eve-colonoscopyFindingCRC_no_eve-recommendedInterval_no_eve-colonoscopyFindingPolyps_no_end-1.html#Patient_4042c4bb-690d-412c-b750-33f9dc1a7f1d\">Joanne Smith</a></p></div>"
      },
      "instantiatesCanonical" : ["http://cancerscreeningcds.github.io/crcsm-cds/PlanDefinition/flow-FollowUp"],
      "status" : "draft",
      "intent" : "proposal",
      "subject" : {
        "reference" : "Patient/4042c4bb-690d-412c-b750-33f9dc1a7f1d",
        "display" : "Joanne Smith"
      }
    }
  }]
}