{
  "resourceType" : "Bundle",
  "id" : "FollowUp_eve-lastTestColonoscopy_no_eve-lastTestStool_no_eve-lastTestFlexSig_no_eve-lastTestCTC_yes_eve-inconclusiveCTColonography_no_eve-abnormalCTColonography_no_end-1",
  "type" : "collection",
  "entry" : [{
    "fullUrl" : "http://cancerscreeningcds.github.io/crcsm-cds/CarePlan/142",
    "resource" : {
      "resourceType" : "CarePlan",
      "id" : "142",
      "text" : {
        "status" : "generated",
        "div" : "<div xmlns=\"http://www.w3.org/1999/xhtml\"><a name=\"CarePlan_142\"> </a><p class=\"res-header-id\"><b>Generated Narrative: CarePlan 142</b></p><a name=\"142\"> </a><a name=\"hc142\"> </a><a name=\"142-en-US\"> </a><p><b>instantiatesCanonical</b>: <a href=\"PlanDefinition-flow-FollowUp.html\">Follow Up</a></p><p><b>status</b>: Draft</p><p><b>intent</b>: Proposal</p><p><b>subject</b>: <a href=\"Bundle-eve-lastTestColonoscopy_no_eve-lastTestStool_no_eve-lastTestFlexSig_no_eve-lastTestCTC_yes_eve-inconclusiveCTColonography_no_eve-abnormalCTColonography_no_end-1.html#Patient_9199ccd1-7221-41de-a6e5-6dda481b38bb\">Joanne Smith</a></p><p><b>created</b>: 2024-12-10 00:00:00+0000</p><h3>Activities</h3><table class=\"grid\"><tr><td style=\"display: none\">-</td><td><b>Reference</b></td></tr><tr><td style=\"display: none\">*</td><td><a href=\"Bundle-DecisionToScreen_eve-Age86AndOlder_no_eve-AgeOver76_no_eve-LifeExp10_no_eve-riskFactors_no_act-AvgRiskEligible.html#RequestGroup_143\">Bundle: type = collection</a></td></tr></table></div>"
      },
      "instantiatesCanonical" : ["http://cancerscreeningcds.github.io/crcsm-cds/PlanDefinition/flow-FollowUp"],
      "status" : "draft",
      "intent" : "proposal",
      "subject" : {
        "reference" : "Patient/9199ccd1-7221-41de-a6e5-6dda481b38bb",
        "display" : "Joanne Smith"
      },
      "created" : "2024-12-10T00:00:00.0Z",
      "activity" : [{
        "reference" : {
          "reference" : "RequestGroup/143"
        }
      }]
    }
  },
  {
    "fullUrl" : "http://cancerscreeningcds.github.io/crcsm-cds/RequestGroup/143",
    "resource" : {
      "resourceType" : "RequestGroup",
      "id" : "143",
      "text" : {
        "status" : "generated",
        "div" : "<div xmlns=\"http://www.w3.org/1999/xhtml\"><a name=\"RequestGroup_143\"> </a><p class=\"res-header-id\"><b>Generated Narrative: RequestGroup 143</b></p><a name=\"143\"> </a><a name=\"hc143\"> </a><a name=\"143-en-US\"> </a><p><b>instantiatesCanonical</b>: <a href=\"PlanDefinition-flow-FollowUp.html\">Follow Up</a></p><p><b>status</b>: Draft</p><p><b>intent</b>: Proposal</p><p><b>subject</b>: <a href=\"Bundle-eve-lastTestColonoscopy_no_eve-lastTestStool_no_eve-lastTestFlexSig_no_eve-lastTestCTC_yes_eve-inconclusiveCTColonography_no_eve-abnormalCTColonography_no_end-1.html#Patient_9199ccd1-7221-41de-a6e5-6dda481b38bb\">Joanne Smith</a></p></div>"
      },
      "instantiatesCanonical" : ["http://cancerscreeningcds.github.io/crcsm-cds/PlanDefinition/flow-FollowUp"],
      "status" : "draft",
      "intent" : "proposal",
      "subject" : {
        "reference" : "Patient/9199ccd1-7221-41de-a6e5-6dda481b38bb",
        "display" : "Joanne Smith"
      }
    }
  }]
}