{
  "resourceType" : "Bundle",
  "id" : "eve-lastTestColonoscopy_yes_eve-colonoscopyFindingCRC_no_eve-recommendedInterval_no_eve-colonoscopyFindingPolyps_yes_act-followUpColonoscopist",
  "type" : "collection",
  "entry" : [{
    "resource" : {
      "resourceType" : "Patient",
      "id" : "ef8b331f-6837-4ad0-9f3e-939f5dba22e9",
      "text" : {
        "status" : "generated",
        "div" : "<div xmlns=\"http://www.w3.org/1999/xhtml\"><a name=\"Patient_ef8b331f-6837-4ad0-9f3e-939f5dba22e9\"> </a><p class=\"res-header-id\"><b>Generated Narrative: Patient ef8b331f-6837-4ad0-9f3e-939f5dba22e9</b></p><a name=\"ef8b331f-6837-4ad0-9f3e-939f5dba22e9\"> </a><a name=\"hcef8b331f-6837-4ad0-9f3e-939f5dba22e9\"> </a><a name=\"ef8b331f-6837-4ad0-9f3e-939f5dba22e9-en-US\"> </a><p style=\"border: 1px #661aff solid; background-color: #e6e6ff; padding: 10px;\">Joanne Smith  Other, DoB: 1971-01-01</p><hr/><table class=\"grid\"><tr><td style=\"background-color: #f3f5da\" title=\"A code classifying the person's sex assigned at birth  as specified by the [Office of the National Coordinator for Health IT (ONC)](https://www.healthit.gov/newsroom/about-onc). This extension aligns with the C-CDA Birth Sex Observation (LOINC 76689-9).\"><a href=\"http://hl7.org/fhir/us/core/STU3.1/StructureDefinition-us-core-birthsex.html\">US Core Birth Sex Extension</a></td><td colspan=\"3\">F</td></tr></table></div>"
      },
      "extension" : [{
        "url" : "http://hl7.org/fhir/us/core/StructureDefinition/us-core-birthsex",
        "valueCode" : "F"
      }],
      "name" : [{
        "family" : "Smith",
        "given" : ["Joanne"]
      }],
      "gender" : "other",
      "birthDate" : "1971-01-01"
    }
  },
  {
    "resource" : {
      "resourceType" : "DiagnosticReport",
      "id" : "colonoscopy-report-precancerous-polyp",
      "text" : {
        "status" : "generated",
        "div" : "<div xmlns=\"http://www.w3.org/1999/xhtml\"><a name=\"DiagnosticReport_colonoscopy-report-precancerous-polyp\"> </a><p class=\"res-header-id\"><b>Generated Narrative: DiagnosticReport colonoscopy-report-precancerous-polyp</b></p><a name=\"colonoscopy-report-precancerous-polyp\"> </a><a name=\"hccolonoscopy-report-precancerous-polyp\"> </a><a name=\"colonoscopy-report-precancerous-polyp-en-US\"> </a><h2><span title=\"Codes:{http://loinc.org 18746-8}\">Colonoscopy study</span> </h2><table class=\"grid\"><tr><td>Subject</td><td>Not done yet</td></tr><tr><td>When For</td><td>2024-10-01 00:00:00+0000</td></tr></table><p><b>Report Details</b></p><p><b>Coded Conclusions:</b></p><ul><li><span title=\"Codes:{http://snomed.info/sct 449855005}\">Serrated polyp of colon (disorder)</span></li></ul></div>"
      },
      "status" : "final",
      "code" : {
        "coding" : [{
          "system" : "http://loinc.org",
          "code" : "18746-8",
          "display" : "Colonoscopy study"
        }]
      },
      "subject" : {
        "reference" : "Patient/ef8b331f-6837-4ad0-9f3e-939f5dba22e9"
      },
      "effectiveDateTime" : "2024-10-01T00:00:00.000Z",
      "conclusionCode" : [{
        "coding" : [{
          "system" : "http://snomed.info/sct",
          "code" : "449855005",
          "display" : "Serrated polyp of colon (disorder)"
        }]
      }]
    }
  }]
}