{
  "resourceType" : "Bundle",
  "id" : "inc-AgeAtLeast18_MostRecentAgeValue_yes",
  "type" : "collection",
  "entry" : [{
    "resource" : {
      "resourceType" : "Patient",
      "id" : "c2b1ee13-869f-484a-9d07-d58ee17e6e07",
      "text" : {
        "status" : "generated",
        "div" : "<div xmlns=\"http://www.w3.org/1999/xhtml\"><a name=\"Patient_c2b1ee13-869f-484a-9d07-d58ee17e6e07\"> </a><p class=\"res-header-id\"><b>Generated Narrative: Patient c2b1ee13-869f-484a-9d07-d58ee17e6e07</b></p><a name=\"c2b1ee13-869f-484a-9d07-d58ee17e6e07\"> </a><a name=\"hcc2b1ee13-869f-484a-9d07-d58ee17e6e07\"> </a><a name=\"c2b1ee13-869f-484a-9d07-d58ee17e6e07-en-US\"> </a><p style=\"border: 1px #661aff solid; background-color: #e6e6ff; padding: 10px;\">Joanne Smith  Female, DoB Unknown</p><hr/></div>"
      },
      "name" : [{
        "family" : "Smith",
        "given" : ["Joanne"]
      }],
      "gender" : "female"
    }
  },
  {
    "resource" : {
      "resourceType" : "Observation",
      "id" : "b7ed09da-0b70-4451-a622-ebe4714f8669",
      "text" : {
        "status" : "generated",
        "div" : "<div xmlns=\"http://www.w3.org/1999/xhtml\"><a name=\"Observation_b7ed09da-0b70-4451-a622-ebe4714f8669\"> </a><p class=\"res-header-id\"><b>Generated Narrative: Observation b7ed09da-0b70-4451-a622-ebe4714f8669</b></p><a name=\"b7ed09da-0b70-4451-a622-ebe4714f8669\"> </a><a name=\"hcb7ed09da-0b70-4451-a622-ebe4714f8669\"> </a><a name=\"b7ed09da-0b70-4451-a622-ebe4714f8669-en-US\"> </a><p><b>status</b>: Final</p><p><b>code</b>: <span title=\"Codes:{http://loinc.org 30525-0}\">Age</span></p><p><b>subject</b>: <a href=\"Bundle-inc-AgeAtLeast18_MostRecentAgeValue_yes.html#Patient_c2b1ee13-869f-484a-9d07-d58ee17e6e07\">Bundle: type = collection</a></p><p><b>effective</b>: 2024-12-10 00:00:00+0000</p><p><b>value</b>: 18 years</p></div>"
      },
      "status" : "final",
      "code" : {
        "coding" : [{
          "system" : "http://loinc.org",
          "code" : "30525-0",
          "display" : "Age"
        }]
      },
      "subject" : {
        "reference" : "Patient/c2b1ee13-869f-484a-9d07-d58ee17e6e07"
      },
      "effectiveDateTime" : "2024-12-10T00:00:00.0Z",
      "valueQuantity" : {
        "value" : 18,
        "unit" : "years"
      }
    }
  },
  {
    "resource" : {
      "resourceType" : "Observation",
      "id" : "4ab9922a-0eeb-4d98-992f-f2ef643eedce",
      "text" : {
        "status" : "generated",
        "div" : "<div xmlns=\"http://www.w3.org/1999/xhtml\"><a name=\"Observation_4ab9922a-0eeb-4d98-992f-f2ef643eedce\"> </a><p class=\"res-header-id\"><b>Generated Narrative: Observation 4ab9922a-0eeb-4d98-992f-f2ef643eedce</b></p><a name=\"4ab9922a-0eeb-4d98-992f-f2ef643eedce\"> </a><a name=\"hc4ab9922a-0eeb-4d98-992f-f2ef643eedce\"> </a><a name=\"4ab9922a-0eeb-4d98-992f-f2ef643eedce-en-US\"> </a><p><b>status</b>: Final</p><p><b>code</b>: <span title=\"Codes:{http://loinc.org 30525-0}\">Age</span></p><p><b>subject</b>: <a href=\"Bundle-inc-AgeAtLeast18_MostRecentAgeValue_yes.html#Patient_c2b1ee13-869f-484a-9d07-d58ee17e6e07\">Bundle: type = collection</a></p><p><b>effective</b>: 2023-12-10 00:00:00+0000</p><p><b>value</b>: 17 years</p></div>"
      },
      "status" : "final",
      "code" : {
        "coding" : [{
          "system" : "http://loinc.org",
          "code" : "30525-0",
          "display" : "Age"
        }]
      },
      "subject" : {
        "reference" : "Patient/c2b1ee13-869f-484a-9d07-d58ee17e6e07"
      },
      "effectiveDateTime" : "2023-12-10T00:00:00.0Z",
      "valueQuantity" : {
        "value" : 17,
        "unit" : "years"
      }
    }
  }]
}