{
  "resourceType" : "Bundle",
  "id" : "inc-AgeAtLeast18_no",
  "type" : "collection",
  "entry" : [{
    "resource" : {
      "resourceType" : "Patient",
      "id" : "d35eb8f0-9ec8-4151-b147-a96674c865f5",
      "text" : {
        "status" : "generated",
        "div" : "<div xmlns=\"http://www.w3.org/1999/xhtml\"><a name=\"Patient_d35eb8f0-9ec8-4151-b147-a96674c865f5\"> </a><p class=\"res-header-id\"><b>Generated Narrative: Patient d35eb8f0-9ec8-4151-b147-a96674c865f5</b></p><a name=\"d35eb8f0-9ec8-4151-b147-a96674c865f5\"> </a><a name=\"hcd35eb8f0-9ec8-4151-b147-a96674c865f5\"> </a><a name=\"d35eb8f0-9ec8-4151-b147-a96674c865f5-en-US\"> </a><p style=\"border: 1px #661aff solid; background-color: #e6e6ff; padding: 10px;\">Joanne Smith  Female, DoB: 2024-01-01</p><hr/></div>"
      },
      "name" : [{
        "family" : "Smith",
        "given" : ["Joanne"]
      }],
      "gender" : "female",
      "birthDate" : "2024-01-01"
    }
  }]
}