{
  "resourceType" : "Bundle",
  "id" : "FannyFamiglietti",
  "type" : "collection",
  "entry" : [{
    "resource" : {
      "resourceType" : "Patient",
      "id" : "FannyFamiglietti",
      "text" : {
        "status" : "generated",
        "div" : "<div xmlns=\"http://www.w3.org/1999/xhtml\"><a name=\"Patient_FannyFamiglietti\"> </a><p class=\"res-header-id\"><b>Generated Narrative: Patient FannyFamiglietti</b></p><a name=\"FannyFamiglietti\"> </a><a name=\"hcFannyFamiglietti\"> </a><a name=\"FannyFamiglietti-en-US\"> </a><p style=\"border: 1px #661aff solid; background-color: #e6e6ff; padding: 10px;\">Fanny Famiglietti  Female, DoB: 1976-02-19 ( Medical Record Number: 323-579-009)</p><hr/><table class=\"grid\"><tr><td style=\"background-color: #f3f5da\" title=\"Concepts classifying the person into a named category of humans sharing common history, traits, geographical origin or nationality.  The ethnicity codes used to represent these concepts are based upon the [CDC ethnicity and Ethnicity Code Set Version 1.0](http://www.cdc.gov/phin/resources/vocabulary/index.html) which includes over 900 concepts for representing race and ethnicity of which 43 reference ethnicity.  The ethnicity concepts are grouped by and pre-mapped to the 2 OMB ethnicity categories: - Hispanic or Latino - Not Hispanic or Latino.\">US Core Ethnicity Extension:</td><td colspan=\"3\"><ul><li>text: Not Hispanic or Latino</li></ul></td></tr><tr><td style=\"background-color: #f3f5da\" title=\"Concepts classifying the person into a named category of humans sharing common history, traits, geographical origin or nationality.  The race codes used to represent these concepts are based upon the [CDC Race and Ethnicity Code Set Version 1.0](http://www.cdc.gov/phin/resources/vocabulary/index.html) which includes over 900 concepts for representing race and ethnicity of which 921 reference race.  The race concepts are grouped by and pre-mapped to the 5 OMB race categories:\n\n - American Indian or Alaska Native\n - Asian\n - Black or African American\n - Native Hawaiian or Other Pacific Islander\n - White.\">US Core Race Extension:</td><td colspan=\"3\"><ul><li>text: Black or African American</li></ul></td></tr></table></div>"
      },
      "extension" : [{
        "extension" : [{
          "url" : "text",
          "valueString" : "Black or African American"
        }],
        "url" : "http://hl7.org/fhir/us/core/StructureDefinition/us-core-race"
      },
      {
        "extension" : [{
          "url" : "text",
          "valueString" : "Not Hispanic or Latino"
        }],
        "url" : "http://hl7.org/fhir/us/core/StructureDefinition/us-core-ethnicity"
      }],
      "identifier" : [{
        "type" : {
          "coding" : [{
            "code" : "MR",
            "display" : "Medical Record Number"
          }]
        },
        "value" : "323-579-009"
      }],
      "name" : [{
        "family" : "Famiglietti",
        "given" : ["Fanny"]
      }],
      "gender" : "female",
      "birthDate" : "1976-02-19"
    }
  },
  {
    "resource" : {
      "resourceType" : "FamilyMemberHistory",
      "id" : "9ce06aa8-619b-4c00-b776-fcf4d7fd8055",
      "text" : {
        "status" : "generated",
        "div" : "<div xmlns=\"http://www.w3.org/1999/xhtml\"><a name=\"FamilyMemberHistory_9ce06aa8-619b-4c00-b776-fcf4d7fd8055\"> </a><p class=\"res-header-id\"><b>Generated Narrative: FamilyMemberHistory 9ce06aa8-619b-4c00-b776-fcf4d7fd8055</b></p><a name=\"9ce06aa8-619b-4c00-b776-fcf4d7fd8055\"> </a><a name=\"hc9ce06aa8-619b-4c00-b776-fcf4d7fd8055\"> </a><a name=\"9ce06aa8-619b-4c00-b776-fcf4d7fd8055-en-US\"> </a><p><b>status</b>: Completed</p><p><b>patient</b>: <a href=\"Bundle-FannyFamiglietti.html#Patient_FannyFamiglietti\">Bundle: type = collection</a></p><p><b>name</b>: Unknown</p><p><b>relationship</b>: <span title=\"Codes:{http://terminology.hl7.org/CodeSystem/v3-RoleCode MTH}\">Mother</span></p><h3>Conditions</h3><table class=\"grid\"><tr><td style=\"display: none\">-</td><td><b>Code</b></td></tr><tr><td style=\"display: none\">*</td><td><span title=\"Codes:{http://snomed.info/sct 363406005}\">Malignant neoplasm of colon (disorder)</span></td></tr></table></div>"
      },
      "status" : "completed",
      "patient" : {
        "reference" : "Patient/FannyFamiglietti"
      },
      "name" : "Unknown",
      "relationship" : {
        "coding" : [{
          "system" : "http://terminology.hl7.org/CodeSystem/v3-RoleCode",
          "code" : "MTH",
          "display" : "Mother"
        }]
      },
      "condition" : [{
        "code" : {
          "coding" : [{
            "system" : "http://snomed.info/sct",
            "code" : "363406005",
            "display" : "Malignant neoplasm of colon (disorder)"
          }]
        }
      }]
    }
  }]
}