{
  "resourceType" : "Bundle",
  "id" : "FollowUp_eve-lastTestColonoscopy_no_eve-lastTestStool_no_eve-lastTestFlexSig_yes_eve-abnormalFlexSig_no_end-1",
  "type" : "collection",
  "entry" : [{
    "fullUrl" : "http://cancerscreeningcds.github.io/crcsm-cds/CarePlan/150",
    "resource" : {
      "resourceType" : "CarePlan",
      "id" : "150",
      "text" : {
        "status" : "generated",
        "div" : "<div xmlns=\"http://www.w3.org/1999/xhtml\"><a name=\"CarePlan_150\"> </a><p class=\"res-header-id\"><b>Generated Narrative: CarePlan 150</b></p><a name=\"150\"> </a><a name=\"hc150\"> </a><a name=\"150-en-US\"> </a><p><b>instantiatesCanonical</b>: <a href=\"PlanDefinition-flow-FollowUp.html\">Follow Up</a></p><p><b>status</b>: Draft</p><p><b>intent</b>: Proposal</p><p><b>subject</b>: <a href=\"Bundle-eve-lastTestColonoscopy_no_eve-lastTestStool_no_eve-lastTestFlexSig_yes_eve-abnormalFlexSig_no_end-1.html#Patient_ddbce39c-90f3-4e82-8a04-80bb7528781c\">Joanne Smith</a></p><p><b>created</b>: 2024-12-10 00:00:00+0000</p><h3>Activities</h3><table class=\"grid\"><tr><td style=\"display: none\">-</td><td><b>Reference</b></td></tr><tr><td style=\"display: none\">*</td><td><a href=\"Bundle-DecisionToScreen_eve-Age86AndOlder_no_eve-AgeOver76_no_eve-LifeExp10_yes_act-sdmcontinuelifexp__eve-riskFactors_yes_act-incRiskEligible.html#RequestGroup_151\">Bundle: type = collection</a></td></tr></table></div>"
      },
      "instantiatesCanonical" : ["http://cancerscreeningcds.github.io/crcsm-cds/PlanDefinition/flow-FollowUp"],
      "status" : "draft",
      "intent" : "proposal",
      "subject" : {
        "reference" : "Patient/ddbce39c-90f3-4e82-8a04-80bb7528781c",
        "display" : "Joanne Smith"
      },
      "created" : "2024-12-10T00:00:00.0Z",
      "activity" : [{
        "reference" : {
          "reference" : "RequestGroup/151"
        }
      }]
    }
  },
  {
    "fullUrl" : "http://cancerscreeningcds.github.io/crcsm-cds/RequestGroup/151",
    "resource" : {
      "resourceType" : "RequestGroup",
      "id" : "151",
      "text" : {
        "status" : "generated",
        "div" : "<div xmlns=\"http://www.w3.org/1999/xhtml\"><a name=\"RequestGroup_151\"> </a><p class=\"res-header-id\"><b>Generated Narrative: RequestGroup 151</b></p><a name=\"151\"> </a><a name=\"hc151\"> </a><a name=\"151-en-US\"> </a><p><b>instantiatesCanonical</b>: <a href=\"PlanDefinition-flow-FollowUp.html\">Follow Up</a></p><p><b>status</b>: Draft</p><p><b>intent</b>: Proposal</p><p><b>subject</b>: <a href=\"Bundle-eve-lastTestColonoscopy_no_eve-lastTestStool_no_eve-lastTestFlexSig_yes_eve-abnormalFlexSig_no_end-1.html#Patient_ddbce39c-90f3-4e82-8a04-80bb7528781c\">Joanne Smith</a></p></div>"
      },
      "instantiatesCanonical" : ["http://cancerscreeningcds.github.io/crcsm-cds/PlanDefinition/flow-FollowUp"],
      "status" : "draft",
      "intent" : "proposal",
      "subject" : {
        "reference" : "Patient/ddbce39c-90f3-4e82-8a04-80bb7528781c",
        "display" : "Joanne Smith"
      }
    }
  }]
}