{
  "resourceType" : "Bundle",
  "id" : "eve-Age86AndOlder_no_eve-AgeOver76_no_eve-LifeExp10_no_eve-riskFactors_yes_act-incRiskEligible",
  "type" : "collection",
  "entry" : [{
    "resource" : {
      "resourceType" : "Patient",
      "id" : "ae140651-c34b-48bb-b474-c0dfd1ef6fe2",
      "text" : {
        "status" : "generated",
        "div" : "<div xmlns=\"http://www.w3.org/1999/xhtml\"><a name=\"Patient_ae140651-c34b-48bb-b474-c0dfd1ef6fe2\"> </a><p class=\"res-header-id\"><b>Generated Narrative: Patient ae140651-c34b-48bb-b474-c0dfd1ef6fe2</b></p><a name=\"ae140651-c34b-48bb-b474-c0dfd1ef6fe2\"> </a><a name=\"hcae140651-c34b-48bb-b474-c0dfd1ef6fe2\"> </a><a name=\"ae140651-c34b-48bb-b474-c0dfd1ef6fe2-en-US\"> </a><p style=\"border: 1px #661aff solid; background-color: #e6e6ff; padding: 10px;\">Joanne Smith  Other, DoB: 1971-01-01</p><hr/><table class=\"grid\"><tr><td style=\"background-color: #f3f5da\" title=\"A code classifying the person's sex assigned at birth  as specified by the [Office of the National Coordinator for Health IT (ONC)](https://www.healthit.gov/newsroom/about-onc). This extension aligns with the C-CDA Birth Sex Observation (LOINC 76689-9).\"><a href=\"http://hl7.org/fhir/us/core/STU3.1/StructureDefinition-us-core-birthsex.html\">US Core Birth Sex Extension</a></td><td colspan=\"3\">F</td></tr></table></div>"
      },
      "extension" : [{
        "url" : "http://hl7.org/fhir/us/core/StructureDefinition/us-core-birthsex",
        "valueCode" : "F"
      }],
      "name" : [{
        "family" : "Smith",
        "given" : ["Joanne"]
      }],
      "gender" : "other",
      "birthDate" : "1971-01-01"
    }
  },
  {
    "resource" : {
      "resourceType" : "Condition",
      "id" : "lynch-syndrome-active",
      "text" : {
        "status" : "generated",
        "div" : "<div xmlns=\"http://www.w3.org/1999/xhtml\"><a name=\"Condition_lynch-syndrome-active\"> </a><p class=\"res-header-id\"><b>Generated Narrative: Condition lynch-syndrome-active</b></p><a name=\"lynch-syndrome-active\"> </a><a name=\"hclynch-syndrome-active\"> </a><a name=\"lynch-syndrome-active-en-US\"> </a><p><b>clinicalStatus</b>: <span title=\"Codes:{http://terminology.hl7.org/CodeSystem/condition-clinical active}\">Active</span></p><p><b>verificationStatus</b>: <span title=\"Codes:{http://terminology.hl7.org/CodeSystem/condition-ver-status confirmed}\">Confirmed</span></p><p><b>category</b>: <span title=\"Codes:{http://terminology.hl7.org/CodeSystem/condition-category problem-list-item}\">Problem List Item</span></p><p><b>code</b>: <span title=\"Codes:{http://snomed.info/sct 716318002}\">Lynch syndrome (disorder)</span></p><p><b>subject</b>: <a href=\"Bundle-eve-Age86AndOlder_no_eve-AgeOver76_no_eve-LifeExp10_no_eve-riskFactors_yes_act-incRiskEligible.html#Patient_ae140651-c34b-48bb-b474-c0dfd1ef6fe2\">Bundle: type = collection</a></p><p><b>onset</b>: 2024-10-01</p></div>"
      },
      "clinicalStatus" : {
        "coding" : [{
          "system" : "http://terminology.hl7.org/CodeSystem/condition-clinical",
          "code" : "active",
          "display" : "Active"
        }]
      },
      "verificationStatus" : {
        "coding" : [{
          "system" : "http://terminology.hl7.org/CodeSystem/condition-ver-status",
          "code" : "confirmed",
          "display" : "Confirmed"
        }]
      },
      "category" : [{
        "coding" : [{
          "system" : "http://terminology.hl7.org/CodeSystem/condition-category",
          "code" : "problem-list-item",
          "display" : "Problem List Item"
        }]
      }],
      "code" : {
        "coding" : [{
          "system" : "http://snomed.info/sct",
          "code" : "716318002",
          "display" : "Lynch syndrome (disorder)"
        }],
        "text" : "Lynch syndrome (disorder)"
      },
      "subject" : {
        "reference" : "Patient/ae140651-c34b-48bb-b474-c0dfd1ef6fe2"
      },
      "onsetDateTime" : "2024-10-01"
    }
  }]
}