{
  "resourceType" : "Bundle",
  "id" : "inc-AgeAtLeast18_error",
  "type" : "collection",
  "entry" : [{
    "resource" : {
      "resourceType" : "Patient",
      "id" : "4097d9cd-89f8-4f52-a1d3-21b719458c20",
      "text" : {
        "status" : "generated",
        "div" : "<div xmlns=\"http://www.w3.org/1999/xhtml\"><a name=\"Patient_4097d9cd-89f8-4f52-a1d3-21b719458c20\"> </a><p class=\"res-header-id\"><b>Generated Narrative: Patient 4097d9cd-89f8-4f52-a1d3-21b719458c20</b></p><a name=\"4097d9cd-89f8-4f52-a1d3-21b719458c20\"> </a><a name=\"hc4097d9cd-89f8-4f52-a1d3-21b719458c20\"> </a><a name=\"4097d9cd-89f8-4f52-a1d3-21b719458c20-en-US\"> </a><p style=\"border: 1px #661aff solid; background-color: #e6e6ff; padding: 10px;\">Joanne Smith  Female, DoB Unknown</p><hr/></div>"
      },
      "name" : [{
        "family" : "Smith",
        "given" : ["Joanne"]
      }],
      "gender" : "female"
    }
  }]
}