{
  "resourceType" : "Bundle",
  "id" : "FollowUp_eve-lastTestColonoscopy_yes_eve-colonoscopyFindingCRC_no_eve-recommendedInterval_yes_end-1",
  "type" : "collection",
  "entry" : [{
    "fullUrl" : "http://cancerscreeningcds.github.io/crcsm-cds/CarePlan/170",
    "resource" : {
      "resourceType" : "CarePlan",
      "id" : "170",
      "text" : {
        "status" : "generated",
        "div" : "<div xmlns=\"http://www.w3.org/1999/xhtml\"><a name=\"CarePlan_170\"> </a><p class=\"res-header-id\"><b>Generated Narrative: CarePlan 170</b></p><a name=\"170\"> </a><a name=\"hc170\"> </a><a name=\"170-en-US\"> </a><p><b>instantiatesCanonical</b>: <a href=\"PlanDefinition-flow-FollowUp.html\">Follow Up</a></p><p><b>status</b>: Draft</p><p><b>intent</b>: Proposal</p><p><b>subject</b>: <a href=\"Bundle-eve-lastTestColonoscopy_yes_eve-colonoscopyFindingCRC_no_eve-recommendedInterval_yes_end-1.html#Patient_aa0b51af-a2b0-4bb0-8290-13918952bdf4\">Joanne Smith</a></p><p><b>created</b>: 2024-12-10 00:00:00+0000</p><h3>Activities</h3><table class=\"grid\"><tr><td style=\"display: none\">-</td><td><b>Reference</b></td></tr><tr><td style=\"display: none\">*</td><td><a href=\"Bundle-DecisionToScreen_eve-Age86AndOlder_yes_act-HarmsLikelyOutweighBenefits.html#RequestGroup_171\">Bundle: type = collection</a></td></tr></table></div>"
      },
      "instantiatesCanonical" : ["http://cancerscreeningcds.github.io/crcsm-cds/PlanDefinition/flow-FollowUp"],
      "status" : "draft",
      "intent" : "proposal",
      "subject" : {
        "reference" : "Patient/aa0b51af-a2b0-4bb0-8290-13918952bdf4",
        "display" : "Joanne Smith"
      },
      "created" : "2024-12-10T00:00:00.0Z",
      "activity" : [{
        "reference" : {
          "reference" : "RequestGroup/171"
        }
      }]
    }
  },
  {
    "fullUrl" : "http://cancerscreeningcds.github.io/crcsm-cds/RequestGroup/171",
    "resource" : {
      "resourceType" : "RequestGroup",
      "id" : "171",
      "text" : {
        "status" : "generated",
        "div" : "<div xmlns=\"http://www.w3.org/1999/xhtml\"><a name=\"RequestGroup_171\"> </a><p class=\"res-header-id\"><b>Generated Narrative: RequestGroup 171</b></p><a name=\"171\"> </a><a name=\"hc171\"> </a><a name=\"171-en-US\"> </a><p><b>instantiatesCanonical</b>: <a href=\"PlanDefinition-flow-FollowUp.html\">Follow Up</a></p><p><b>status</b>: Draft</p><p><b>intent</b>: Proposal</p><p><b>subject</b>: <a href=\"Bundle-eve-lastTestColonoscopy_yes_eve-colonoscopyFindingCRC_no_eve-recommendedInterval_yes_end-1.html#Patient_aa0b51af-a2b0-4bb0-8290-13918952bdf4\">Joanne Smith</a></p></div>"
      },
      "instantiatesCanonical" : ["http://cancerscreeningcds.github.io/crcsm-cds/PlanDefinition/flow-FollowUp"],
      "status" : "draft",
      "intent" : "proposal",
      "subject" : {
        "reference" : "Patient/aa0b51af-a2b0-4bb0-8290-13918952bdf4",
        "display" : "Joanne Smith"
      }
    }
  }]
}