{
  "resourceType" : "Bundle",
  "id" : "FollowUp_eve-lastTestColonoscopy_yes_end-1",
  "type" : "collection",
  "entry" : [{
    "fullUrl" : "http://cancerscreeningcds.github.io/crcsm-cds/CarePlan/163",
    "resource" : {
      "resourceType" : "CarePlan",
      "id" : "163",
      "text" : {
        "status" : "generated",
        "div" : "<div xmlns=\"http://www.w3.org/1999/xhtml\"><a name=\"CarePlan_163\"> </a><p class=\"res-header-id\"><b>Generated Narrative: CarePlan 163</b></p><a name=\"163\"> </a><a name=\"hc163\"> </a><a name=\"163-en-US\"> </a><p><b>instantiatesCanonical</b>: <a href=\"PlanDefinition-flow-FollowUp.html\">Follow Up</a></p><p><b>status</b>: Draft</p><p><b>intent</b>: Proposal</p><p><b>subject</b>: <a href=\"Bundle-eve-lastTestColonoscopy_yes_end-1.html#Patient_506cc1d4-8e65-443b-a912-520ee0e2c593\">Joanne Smith</a></p><p><b>created</b>: 2024-12-10 00:00:00+0000</p><h3>Activities</h3><table class=\"grid\"><tr><td style=\"display: none\">-</td><td><b>Reference</b></td></tr><tr><td style=\"display: none\">*</td><td><a href=\"Bundle-FollowUp_eve-lastTestColonoscopy_yes_end-1.html#RequestGroup_164\">Bundle: type = collection</a></td></tr></table></div>"
      },
      "instantiatesCanonical" : ["http://cancerscreeningcds.github.io/crcsm-cds/PlanDefinition/flow-FollowUp"],
      "status" : "draft",
      "intent" : "proposal",
      "subject" : {
        "reference" : "Patient/506cc1d4-8e65-443b-a912-520ee0e2c593",
        "display" : "Joanne Smith"
      },
      "created" : "2024-12-10T00:00:00.0Z",
      "activity" : [{
        "reference" : {
          "reference" : "RequestGroup/164"
        }
      }]
    }
  },
  {
    "fullUrl" : "http://cancerscreeningcds.github.io/crcsm-cds/RequestGroup/164",
    "resource" : {
      "resourceType" : "RequestGroup",
      "id" : "164",
      "text" : {
        "status" : "generated",
        "div" : "<div xmlns=\"http://www.w3.org/1999/xhtml\"><a name=\"RequestGroup_164\"> </a><p class=\"res-header-id\"><b>Generated Narrative: RequestGroup 164</b></p><a name=\"164\"> </a><a name=\"hc164\"> </a><a name=\"164-en-US\"> </a><p><b>instantiatesCanonical</b>: <a href=\"PlanDefinition-flow-FollowUp.html\">Follow Up</a></p><p><b>status</b>: Draft</p><p><b>intent</b>: Proposal</p><p><b>subject</b>: <a href=\"Bundle-eve-lastTestColonoscopy_yes_end-1.html#Patient_506cc1d4-8e65-443b-a912-520ee0e2c593\">Joanne Smith</a></p></div>"
      },
      "instantiatesCanonical" : ["http://cancerscreeningcds.github.io/crcsm-cds/PlanDefinition/flow-FollowUp"],
      "status" : "draft",
      "intent" : "proposal",
      "subject" : {
        "reference" : "Patient/506cc1d4-8e65-443b-a912-520ee0e2c593",
        "display" : "Joanne Smith"
      }
    }
  }]
}