{
  "resourceType" : "Bundle",
  "id" : "eve-lastTestColonoscopy_no_eve-lastTestStool_yes_eve-inconclusiveStoolTest_yes_act-repeatScreening",
  "type" : "collection",
  "entry" : [{
    "resource" : {
      "resourceType" : "Patient",
      "id" : "d818dc51-79b8-4ccc-b9e3-3f52f48ad902",
      "text" : {
        "status" : "generated",
        "div" : "<div xmlns=\"http://www.w3.org/1999/xhtml\"><a name=\"Patient_d818dc51-79b8-4ccc-b9e3-3f52f48ad902\"> </a><p class=\"res-header-id\"><b>Generated Narrative: Patient d818dc51-79b8-4ccc-b9e3-3f52f48ad902</b></p><a name=\"d818dc51-79b8-4ccc-b9e3-3f52f48ad902\"> </a><a name=\"hcd818dc51-79b8-4ccc-b9e3-3f52f48ad902\"> </a><a name=\"d818dc51-79b8-4ccc-b9e3-3f52f48ad902-en-US\"> </a><p style=\"border: 1px #661aff solid; background-color: #e6e6ff; padding: 10px;\">Joanne Smith  Other, DoB: 1971-01-01</p><hr/><table class=\"grid\"><tr><td style=\"background-color: #f3f5da\" title=\"A code classifying the person's sex assigned at birth  as specified by the [Office of the National Coordinator for Health IT (ONC)](https://www.healthit.gov/newsroom/about-onc). This extension aligns with the C-CDA Birth Sex Observation (LOINC 76689-9).\"><a href=\"http://hl7.org/fhir/us/core/STU3.1/StructureDefinition-us-core-birthsex.html\">US Core Birth Sex Extension</a></td><td colspan=\"3\">F</td></tr></table></div>"
      },
      "extension" : [{
        "url" : "http://hl7.org/fhir/us/core/StructureDefinition/us-core-birthsex",
        "valueCode" : "F"
      }],
      "name" : [{
        "family" : "Smith",
        "given" : ["Joanne"]
      }],
      "gender" : "other",
      "birthDate" : "1971-01-01"
    }
  },
  {
    "resource" : {
      "resourceType" : "DiagnosticReport",
      "id" : "fobt-report-inconclusive",
      "text" : {
        "status" : "generated",
        "div" : "<div xmlns=\"http://www.w3.org/1999/xhtml\"><a name=\"DiagnosticReport_fobt-report-inconclusive\"> </a><p class=\"res-header-id\"><b>Generated Narrative: DiagnosticReport fobt-report-inconclusive</b></p><a name=\"fobt-report-inconclusive\"> </a><a name=\"hcfobt-report-inconclusive\"> </a><a name=\"fobt-report-inconclusive-en-US\"> </a><h2><span title=\"Codes:{http://loinc.org 29771-3}\">Hemoglobin.gastrointestinal.lower [Presence] in Stool by Immunoassay</span> </h2><table class=\"grid\"><tr><td>Subject</td><td>Not done yet</td></tr><tr><td>When For</td><td>2024-10-01 14:30:00+0000</td></tr></table><p><b>Report Details</b></p><p><b>Coded Conclusions:</b></p><ul><li><span title=\"Codes:{http://snomed.info/sct 419984006}\">Inconclusive (qualifier value)</span></li></ul></div>"
      },
      "status" : "final",
      "code" : {
        "coding" : [{
          "system" : "http://loinc.org",
          "code" : "29771-3",
          "display" : "Hemoglobin.gastrointestinal.lower [Presence] in Stool by Immunoassay"
        }]
      },
      "subject" : {
        "reference" : "Patient/d818dc51-79b8-4ccc-b9e3-3f52f48ad902"
      },
      "effectiveDateTime" : "2024-10-01T14:30:00.000Z",
      "conclusionCode" : [{
        "coding" : [{
          "system" : "http://snomed.info/sct",
          "code" : "419984006",
          "display" : "Inconclusive (qualifier value)"
        }]
      }]
    }
  }]
}