{
  "resourceType" : "Bundle",
  "id" : "IncreasedRiskExclusions_eve-HereditarySyndrome_no_eve-IBD_no_eve-HxCRC_no_eve-FamilyHx_no_eve-HxPolyps_no_act-AvgRiskScreeningEligible",
  "type" : "collection",
  "entry" : [{
    "fullUrl" : "http://cancerscreeningcds.github.io/crcsm-cds/CarePlan/191",
    "resource" : {
      "resourceType" : "CarePlan",
      "id" : "191",
      "text" : {
        "status" : "generated",
        "div" : "<div xmlns=\"http://www.w3.org/1999/xhtml\"><a name=\"CarePlan_191\"> </a><p class=\"res-header-id\"><b>Generated Narrative: CarePlan 191</b></p><a name=\"191\"> </a><a name=\"hc191\"> </a><a name=\"191-en-US\"> </a><p><b>instantiatesCanonical</b>: <a href=\"PlanDefinition-flow-IncreasedRiskExclusions.html\">Increased Risk Exclusions</a></p><p><b>status</b>: Draft</p><p><b>intent</b>: Proposal</p><p><b>subject</b>: <a href=\"Bundle-eve-HereditarySyndrome_no_eve-IBD_no_eve-HxCRC_no_eve-FamilyHx_no_eve-HxPolyps_no_act-AvgRiskScreeningEligible.html#Patient_e5f61d9f-189c-492d-94fe-b912a0b0ff05\">Joanne Smith</a></p><p><b>created</b>: 2024-12-10 00:00:00+0000</p><h3>Activities</h3><table class=\"grid\"><tr><td style=\"display: none\">-</td><td><b>Reference</b></td></tr><tr><td style=\"display: none\">*</td><td><a href=\"Bundle-IncreasedRiskExclusions_eve-HereditarySyndrome_no_eve-IBD_no_eve-HxCRC_no_eve-FamilyHx_no_eve-HxPolyps_no_act-AvgRiskScreeningEligible.html#RequestGroup_192\">Bundle: type = collection</a></td></tr></table></div>"
      },
      "instantiatesCanonical" : ["http://cancerscreeningcds.github.io/crcsm-cds/PlanDefinition/flow-IncreasedRiskExclusions"],
      "status" : "draft",
      "intent" : "proposal",
      "subject" : {
        "reference" : "Patient/e5f61d9f-189c-492d-94fe-b912a0b0ff05",
        "display" : "Joanne Smith"
      },
      "created" : "2024-12-10T00:00:00.0Z",
      "activity" : [{
        "reference" : {
          "reference" : "RequestGroup/192"
        }
      }]
    }
  },
  {
    "fullUrl" : "http://cancerscreeningcds.github.io/crcsm-cds/RequestGroup/192",
    "resource" : {
      "resourceType" : "RequestGroup",
      "id" : "192",
      "text" : {
        "status" : "generated",
        "div" : "<div xmlns=\"http://www.w3.org/1999/xhtml\"><a name=\"RequestGroup_192\"> </a><p class=\"res-header-id\"><b>Generated Narrative: RequestGroup 192</b></p><a name=\"192\"> </a><a name=\"hc192\"> </a><a name=\"192-en-US\"> </a><p><b>instantiatesCanonical</b>: <a href=\"PlanDefinition-flow-IncreasedRiskExclusions.html\">Increased Risk Exclusions</a></p><p><b>status</b>: Draft</p><p><b>intent</b>: Proposal</p><p><b>subject</b>: <a href=\"Bundle-eve-HereditarySyndrome_no_eve-IBD_no_eve-HxCRC_no_eve-FamilyHx_no_eve-HxPolyps_no_act-AvgRiskScreeningEligible.html#Patient_e5f61d9f-189c-492d-94fe-b912a0b0ff05\">Joanne Smith</a></p></div>"
      },
      "instantiatesCanonical" : ["http://cancerscreeningcds.github.io/crcsm-cds/PlanDefinition/flow-IncreasedRiskExclusions"],
      "status" : "draft",
      "intent" : "proposal",
      "subject" : {
        "reference" : "Patient/e5f61d9f-189c-492d-94fe-b912a0b0ff05",
        "display" : "Joanne Smith"
      }
    }
  }]
}