{
  "resourceType" : "Bundle",
  "id" : "eve-Age86AndOlder_no_eve-AgeOver76_yes_act-SelectivelyOfferScreening__eve-LifeExp10_yes_act-sdmcontinuelifexp__eve-riskFactors_yes_act-incRiskEligible",
  "type" : "collection",
  "entry" : [{
    "resource" : {
      "resourceType" : "Patient",
      "id" : "be6512f7-b3a6-4ee0-8128-f6d925c266f4",
      "text" : {
        "status" : "generated",
        "div" : "<div xmlns=\"http://www.w3.org/1999/xhtml\"><a name=\"Patient_be6512f7-b3a6-4ee0-8128-f6d925c266f4\"> </a><p class=\"res-header-id\"><b>Generated Narrative: Patient be6512f7-b3a6-4ee0-8128-f6d925c266f4</b></p><a name=\"be6512f7-b3a6-4ee0-8128-f6d925c266f4\"> </a><a name=\"hcbe6512f7-b3a6-4ee0-8128-f6d925c266f4\"> </a><a name=\"be6512f7-b3a6-4ee0-8128-f6d925c266f4-en-US\"> </a><p style=\"border: 1px #661aff solid; background-color: #e6e6ff; padding: 10px;\">Joanne Smith  Female, DoB: 1944-01-01</p><hr/></div>"
      },
      "name" : [{
        "family" : "Smith",
        "given" : ["Joanne"]
      }],
      "gender" : "female",
      "birthDate" : "1944-01-01"
    }
  },
  {
    "resource" : {
      "resourceType" : "Observation",
      "id" : "f55626a1-89ac-47a7-b126-c28c1ca9a3ee",
      "text" : {
        "status" : "generated",
        "div" : "<div xmlns=\"http://www.w3.org/1999/xhtml\"><a name=\"Observation_f55626a1-89ac-47a7-b126-c28c1ca9a3ee\"> </a><p class=\"res-header-id\"><b>Generated Narrative: Observation f55626a1-89ac-47a7-b126-c28c1ca9a3ee</b></p><a name=\"f55626a1-89ac-47a7-b126-c28c1ca9a3ee\"> </a><a name=\"hcf55626a1-89ac-47a7-b126-c28c1ca9a3ee\"> </a><a name=\"f55626a1-89ac-47a7-b126-c28c1ca9a3ee-en-US\"> </a><p><b>status</b>: Final</p><p><b>code</b>: <span title=\"Codes:{http://cancerscreeningcds.github.io/crcsm-cds/CodeSystem/screening-observation-code-system lifeexp}\">Reduced life expectancy indicator</span></p><p><b>subject</b>: <a href=\"Bundle-eve-Age86AndOlder_no_eve-AgeOver76_yes_act-SelectivelyOfferScreening__eve-LifeExp10_yes_act-sdmcontinuelifexp__eve-riskFactors_yes_act-incRiskEligible.html#Patient_be6512f7-b3a6-4ee0-8128-f6d925c266f4\">Bundle: type = collection</a></p><p><b>effective</b>: 2024-12-10 00:00:00+0000</p><p><b>value</b>: true</p></div>"
      },
      "status" : "final",
      "code" : {
        "coding" : [{
          "system" : "http://cancerscreeningcds.github.io/crcsm-cds/CodeSystem/screening-observation-code-system",
          "code" : "lifeexp",
          "display" : "Reduced life expectancy indicator"
        }]
      },
      "subject" : {
        "reference" : "Patient/be6512f7-b3a6-4ee0-8128-f6d925c266f4"
      },
      "effectiveDateTime" : "2024-12-10T00:00:00.0Z",
      "valueBoolean" : true
    }
  },
  {
    "resource" : {
      "resourceType" : "Condition",
      "id" : "lynch-syndrome-active",
      "text" : {
        "status" : "generated",
        "div" : "<div xmlns=\"http://www.w3.org/1999/xhtml\"><a name=\"Condition_lynch-syndrome-active\"> </a><p class=\"res-header-id\"><b>Generated Narrative: Condition lynch-syndrome-active</b></p><a name=\"lynch-syndrome-active\"> </a><a name=\"hclynch-syndrome-active\"> </a><a name=\"lynch-syndrome-active-en-US\"> </a><p><b>clinicalStatus</b>: <span title=\"Codes:{http://terminology.hl7.org/CodeSystem/condition-clinical active}\">Active</span></p><p><b>verificationStatus</b>: <span title=\"Codes:{http://terminology.hl7.org/CodeSystem/condition-ver-status confirmed}\">Confirmed</span></p><p><b>category</b>: <span title=\"Codes:{http://terminology.hl7.org/CodeSystem/condition-category problem-list-item}\">Problem List Item</span></p><p><b>code</b>: <span title=\"Codes:{http://snomed.info/sct 716318002}\">Lynch syndrome (disorder)</span></p><p><b>subject</b>: <a href=\"Bundle-eve-Age86AndOlder_no_eve-AgeOver76_yes_act-SelectivelyOfferScreening__eve-LifeExp10_yes_act-sdmcontinuelifexp__eve-riskFactors_yes_act-incRiskEligible.html#Patient_be6512f7-b3a6-4ee0-8128-f6d925c266f4\">Bundle: type = collection</a></p><p><b>onset</b>: 2024-10-01</p></div>"
      },
      "clinicalStatus" : {
        "coding" : [{
          "system" : "http://terminology.hl7.org/CodeSystem/condition-clinical",
          "code" : "active",
          "display" : "Active"
        }]
      },
      "verificationStatus" : {
        "coding" : [{
          "system" : "http://terminology.hl7.org/CodeSystem/condition-ver-status",
          "code" : "confirmed",
          "display" : "Confirmed"
        }]
      },
      "category" : [{
        "coding" : [{
          "system" : "http://terminology.hl7.org/CodeSystem/condition-category",
          "code" : "problem-list-item",
          "display" : "Problem List Item"
        }]
      }],
      "code" : {
        "coding" : [{
          "system" : "http://snomed.info/sct",
          "code" : "716318002",
          "display" : "Lynch syndrome (disorder)"
        }],
        "text" : "Lynch syndrome (disorder)"
      },
      "subject" : {
        "reference" : "Patient/be6512f7-b3a6-4ee0-8128-f6d925c266f4"
      },
      "onsetDateTime" : "2024-10-01"
    }
  }]
}