{
  "resourceType" : "Bundle",
  "id" : "eve-Age86AndOlder_no_eve-AgeOver76_yes_act-SelectivelyOfferScreening__eve-LifeExp10_no_eve-riskFactors_yes_act-incRiskEligible",
  "type" : "collection",
  "entry" : [{
    "resource" : {
      "resourceType" : "Patient",
      "id" : "771be3fa-0f76-4d71-82d1-94b9a7aaae78",
      "text" : {
        "status" : "generated",
        "div" : "<div xmlns=\"http://www.w3.org/1999/xhtml\"><a name=\"Patient_771be3fa-0f76-4d71-82d1-94b9a7aaae78\"> </a><p class=\"res-header-id\"><b>Generated Narrative: Patient 771be3fa-0f76-4d71-82d1-94b9a7aaae78</b></p><a name=\"771be3fa-0f76-4d71-82d1-94b9a7aaae78\"> </a><a name=\"hc771be3fa-0f76-4d71-82d1-94b9a7aaae78\"> </a><a name=\"771be3fa-0f76-4d71-82d1-94b9a7aaae78-en-US\"> </a><p style=\"border: 1px #661aff solid; background-color: #e6e6ff; padding: 10px;\">Joanne Smith  Female, DoB: 1944-01-01</p><hr/></div>"
      },
      "name" : [{
        "family" : "Smith",
        "given" : ["Joanne"]
      }],
      "gender" : "female",
      "birthDate" : "1944-01-01"
    }
  },
  {
    "resource" : {
      "resourceType" : "Condition",
      "id" : "lynch-syndrome-active",
      "text" : {
        "status" : "generated",
        "div" : "<div xmlns=\"http://www.w3.org/1999/xhtml\"><a name=\"Condition_lynch-syndrome-active\"> </a><p class=\"res-header-id\"><b>Generated Narrative: Condition lynch-syndrome-active</b></p><a name=\"lynch-syndrome-active\"> </a><a name=\"hclynch-syndrome-active\"> </a><a name=\"lynch-syndrome-active-en-US\"> </a><p><b>clinicalStatus</b>: <span title=\"Codes:{http://terminology.hl7.org/CodeSystem/condition-clinical active}\">Active</span></p><p><b>verificationStatus</b>: <span title=\"Codes:{http://terminology.hl7.org/CodeSystem/condition-ver-status confirmed}\">Confirmed</span></p><p><b>category</b>: <span title=\"Codes:{http://terminology.hl7.org/CodeSystem/condition-category problem-list-item}\">Problem List Item</span></p><p><b>code</b>: <span title=\"Codes:{http://snomed.info/sct 716318002}\">Lynch syndrome (disorder)</span></p><p><b>subject</b>: <a href=\"Bundle-eve-Age86AndOlder_no_eve-AgeOver76_yes_act-SelectivelyOfferScreening__eve-LifeExp10_no_eve-riskFactors_yes_act-incRiskEligible.html#Patient_771be3fa-0f76-4d71-82d1-94b9a7aaae78\">Bundle: type = collection</a></p><p><b>onset</b>: 2024-10-01</p></div>"
      },
      "clinicalStatus" : {
        "coding" : [{
          "system" : "http://terminology.hl7.org/CodeSystem/condition-clinical",
          "code" : "active",
          "display" : "Active"
        }]
      },
      "verificationStatus" : {
        "coding" : [{
          "system" : "http://terminology.hl7.org/CodeSystem/condition-ver-status",
          "code" : "confirmed",
          "display" : "Confirmed"
        }]
      },
      "category" : [{
        "coding" : [{
          "system" : "http://terminology.hl7.org/CodeSystem/condition-category",
          "code" : "problem-list-item",
          "display" : "Problem List Item"
        }]
      }],
      "code" : {
        "coding" : [{
          "system" : "http://snomed.info/sct",
          "code" : "716318002",
          "display" : "Lynch syndrome (disorder)"
        }],
        "text" : "Lynch syndrome (disorder)"
      },
      "subject" : {
        "reference" : "Patient/771be3fa-0f76-4d71-82d1-94b9a7aaae78"
      },
      "onsetDateTime" : "2024-10-01"
    }
  }]
}