{
  "resourceType" : "Bundle",
  "id" : "eve-Age86AndOlder_no_eve-AgeOver76_yes_act-SelectivelyOfferScreening__eve-LifeExp10_yes_act-sdmcontinuelifexp__eve-riskFactors_no_act-AvgRiskEligible",
  "type" : "collection",
  "entry" : [{
    "resource" : {
      "resourceType" : "Patient",
      "id" : "9f068fc8-d0e1-4df2-a10d-ec6fe3431178",
      "text" : {
        "status" : "generated",
        "div" : "<div xmlns=\"http://www.w3.org/1999/xhtml\"><a name=\"Patient_9f068fc8-d0e1-4df2-a10d-ec6fe3431178\"> </a><p class=\"res-header-id\"><b>Generated Narrative: Patient 9f068fc8-d0e1-4df2-a10d-ec6fe3431178</b></p><a name=\"9f068fc8-d0e1-4df2-a10d-ec6fe3431178\"> </a><a name=\"hc9f068fc8-d0e1-4df2-a10d-ec6fe3431178\"> </a><a name=\"9f068fc8-d0e1-4df2-a10d-ec6fe3431178-en-US\"> </a><p style=\"border: 1px #661aff solid; background-color: #e6e6ff; padding: 10px;\">Joanne Smith  Female, DoB: 1944-01-01</p><hr/></div>"
      },
      "name" : [{
        "family" : "Smith",
        "given" : ["Joanne"]
      }],
      "gender" : "female",
      "birthDate" : "1944-01-01"
    }
  },
  {
    "resource" : {
      "resourceType" : "Observation",
      "id" : "9d5df0e0-bd06-4f76-9a1c-d05181e50618",
      "text" : {
        "status" : "generated",
        "div" : "<div xmlns=\"http://www.w3.org/1999/xhtml\"><a name=\"Observation_9d5df0e0-bd06-4f76-9a1c-d05181e50618\"> </a><p class=\"res-header-id\"><b>Generated Narrative: Observation 9d5df0e0-bd06-4f76-9a1c-d05181e50618</b></p><a name=\"9d5df0e0-bd06-4f76-9a1c-d05181e50618\"> </a><a name=\"hc9d5df0e0-bd06-4f76-9a1c-d05181e50618\"> </a><a name=\"9d5df0e0-bd06-4f76-9a1c-d05181e50618-en-US\"> </a><p><b>status</b>: Final</p><p><b>code</b>: <span title=\"Codes:{http://cancerscreeningcds.github.io/crcsm-cds/CodeSystem/screening-observation-code-system lifeexp}\">Reduced life expectancy indicator</span></p><p><b>subject</b>: <a href=\"Bundle-eve-Age86AndOlder_no_eve-AgeOver76_yes_act-SelectivelyOfferScreening__eve-LifeExp10_yes_act-sdmcontinuelifexp__eve-riskFactors_no_act-AvgRiskEligible.html#Patient_9f068fc8-d0e1-4df2-a10d-ec6fe3431178\">Bundle: type = collection</a></p><p><b>effective</b>: 2024-12-10 00:00:00+0000</p><p><b>value</b>: true</p></div>"
      },
      "status" : "final",
      "code" : {
        "coding" : [{
          "system" : "http://cancerscreeningcds.github.io/crcsm-cds/CodeSystem/screening-observation-code-system",
          "code" : "lifeexp",
          "display" : "Reduced life expectancy indicator"
        }]
      },
      "subject" : {
        "reference" : "Patient/9f068fc8-d0e1-4df2-a10d-ec6fe3431178"
      },
      "effectiveDateTime" : "2024-12-10T00:00:00.0Z",
      "valueBoolean" : true
    }
  }]
}