{
  "resourceType" : "Bundle",
  "id" : "eve-HxTotalColectomy_no_eve-ActiveCRC_no_eve-Symptomatic_yes_act-Diagnostic",
  "type" : "collection",
  "entry" : [{
    "resource" : {
      "resourceType" : "Patient",
      "id" : "59b95211-cbab-4dfb-954e-c8e90618ce95",
      "text" : {
        "status" : "generated",
        "div" : "<div xmlns=\"http://www.w3.org/1999/xhtml\"><a name=\"Patient_59b95211-cbab-4dfb-954e-c8e90618ce95\"> </a><p class=\"res-header-id\"><b>Generated Narrative: Patient 59b95211-cbab-4dfb-954e-c8e90618ce95</b></p><a name=\"59b95211-cbab-4dfb-954e-c8e90618ce95\"> </a><a name=\"hc59b95211-cbab-4dfb-954e-c8e90618ce95\"> </a><a name=\"59b95211-cbab-4dfb-954e-c8e90618ce95-en-US\"> </a><p style=\"border: 1px #661aff solid; background-color: #e6e6ff; padding: 10px;\">Joanne Smith  Other, DoB: 1971-01-01</p><hr/><table class=\"grid\"><tr><td style=\"background-color: #f3f5da\" title=\"A code classifying the person's sex assigned at birth  as specified by the [Office of the National Coordinator for Health IT (ONC)](https://www.healthit.gov/newsroom/about-onc). This extension aligns with the C-CDA Birth Sex Observation (LOINC 76689-9).\"><a href=\"http://hl7.org/fhir/us/core/STU3.1/StructureDefinition-us-core-birthsex.html\">US Core Birth Sex Extension</a></td><td colspan=\"3\">F</td></tr></table></div>"
      },
      "extension" : [{
        "url" : "http://hl7.org/fhir/us/core/StructureDefinition/us-core-birthsex",
        "valueCode" : "F"
      }],
      "name" : [{
        "family" : "Smith",
        "given" : ["Joanne"]
      }],
      "gender" : "other",
      "birthDate" : "1971-01-01"
    }
  },
  {
    "resource" : {
      "resourceType" : "Observation",
      "id" : "8ed184fd-1163-4dc6-8726-3c37fe00a36b",
      "text" : {
        "status" : "generated",
        "div" : "<div xmlns=\"http://www.w3.org/1999/xhtml\"><a name=\"Observation_8ed184fd-1163-4dc6-8726-3c37fe00a36b\"> </a><p class=\"res-header-id\"><b>Generated Narrative: Observation 8ed184fd-1163-4dc6-8726-3c37fe00a36b</b></p><a name=\"8ed184fd-1163-4dc6-8726-3c37fe00a36b\"> </a><a name=\"hc8ed184fd-1163-4dc6-8726-3c37fe00a36b\"> </a><a name=\"8ed184fd-1163-4dc6-8726-3c37fe00a36b-en-US\"> </a><p><b>status</b>: Final</p><p><b>code</b>: <span title=\"Codes:{http://cancerscreeningcds.github.io/crcsm-cds/CodeSystem/screening-observation-code-system ColorectalSymptoms}\">New or worsening colorectal symptoms</span></p><p><b>subject</b>: <a href=\"Bundle-eve-HxTotalColectomy_no_eve-ActiveCRC_no_eve-Symptomatic_yes_act-Diagnostic.html#Patient_59b95211-cbab-4dfb-954e-c8e90618ce95\">Bundle: type = collection</a></p><p><b>effective</b>: 2024-12-10 00:00:00+0000</p><p><b>value</b>: true</p></div>"
      },
      "status" : "final",
      "code" : {
        "coding" : [{
          "system" : "http://cancerscreeningcds.github.io/crcsm-cds/CodeSystem/screening-observation-code-system",
          "code" : "ColorectalSymptoms",
          "display" : "New or worsening colorectal symptoms"
        }]
      },
      "subject" : {
        "reference" : "Patient/59b95211-cbab-4dfb-954e-c8e90618ce95"
      },
      "effectiveDateTime" : "2024-12-10T00:00:00.0Z",
      "valueBoolean" : true
    }
  }]
}