{
  "resourceType" : "Bundle",
  "id" : "CheckIsIncludedAndNotExcluded_false",
  "type" : "collection",
  "entry" : [{
    "resource" : {
      "resourceType" : "Patient",
      "id" : "a3886f11-2217-4471-bdb7-50633a5e38e1",
      "text" : {
        "status" : "generated",
        "div" : "<div xmlns=\"http://www.w3.org/1999/xhtml\"><a name=\"Patient_a3886f11-2217-4471-bdb7-50633a5e38e1\"> </a><p class=\"res-header-id\"><b>Generated Narrative: Patient a3886f11-2217-4471-bdb7-50633a5e38e1</b></p><a name=\"a3886f11-2217-4471-bdb7-50633a5e38e1\"> </a><a name=\"hca3886f11-2217-4471-bdb7-50633a5e38e1\"> </a><a name=\"a3886f11-2217-4471-bdb7-50633a5e38e1-en-US\"> </a><p style=\"border: 1px #661aff solid; background-color: #e6e6ff; padding: 10px;\">Joanne Smith  Other, DoB Unknown</p><hr/><table class=\"grid\"><tr><td style=\"background-color: #f3f5da\" title=\"A code classifying the person's sex assigned at birth  as specified by the [Office of the National Coordinator for Health IT (ONC)](https://www.healthit.gov/newsroom/about-onc). This extension aligns with the C-CDA Birth Sex Observation (LOINC 76689-9).\"><a href=\"http://hl7.org/fhir/us/core/STU3.1/StructureDefinition-us-core-birthsex.html\">US Core Birth Sex Extension</a></td><td colspan=\"3\">F</td></tr></table></div>"
      },
      "extension" : [{
        "url" : "http://hl7.org/fhir/us/core/StructureDefinition/us-core-birthsex",
        "valueCode" : "F"
      }],
      "name" : [{
        "family" : "Smith",
        "given" : ["Joanne"]
      }],
      "gender" : "other"
    }
  }]
}