{
  "resourceType" : "Bundle",
  "id" : "DecisionToScreen_StellaParker",
  "type" : "collection",
  "entry" : [{
    "fullUrl" : "http://cancerscreeningcds.github.io/crcsm-cds/CarePlan/140",
    "resource" : {
      "resourceType" : "CarePlan",
      "id" : "140",
      "text" : {
        "status" : "generated",
        "div" : "<div xmlns=\"http://www.w3.org/1999/xhtml\"><a name=\"CarePlan_140\"> </a><p class=\"res-header-id\"><b>Generated Narrative: CarePlan 140</b></p><a name=\"140\"> </a><a name=\"hc140\"> </a><a name=\"140-en-US\"> </a><p><b>instantiatesCanonical</b>: <a href=\"PlanDefinition-flow-DecisionToScreen.html\">Decision to Screen</a></p><p><b>status</b>: Draft</p><p><b>intent</b>: Proposal</p><p><b>subject</b>: <a href=\"Bundle-StellaParker.html#Patient_StellaParker\">Stella Parker</a></p><p><b>created</b>: 2024-12-10 00:00:00+0000</p><h3>Activities</h3><table class=\"grid\"><tr><td style=\"display: none\">-</td><td><b>Reference</b></td></tr><tr><td style=\"display: none\">*</td><td><a href=\"Bundle-DecisionToScreen_StellaParker.html#RequestGroup_141\">Bundle: type = collection</a></td></tr></table></div>"
      },
      "instantiatesCanonical" : ["http://cancerscreeningcds.github.io/crcsm-cds/PlanDefinition/flow-DecisionToScreen"],
      "status" : "draft",
      "intent" : "proposal",
      "subject" : {
        "reference" : "Patient/StellaParker",
        "display" : "Stella Parker"
      },
      "created" : "2024-12-10T00:00:00.0Z",
      "activity" : [{
        "reference" : {
          "reference" : "RequestGroup/141"
        }
      }]
    }
  },
  {
    "fullUrl" : "http://cancerscreeningcds.github.io/crcsm-cds/RequestGroup/141",
    "resource" : {
      "resourceType" : "RequestGroup",
      "id" : "141",
      "text" : {
        "status" : "generated",
        "div" : "<div xmlns=\"http://www.w3.org/1999/xhtml\"><a name=\"RequestGroup_141\"> </a><p class=\"res-header-id\"><b>Generated Narrative: RequestGroup 141</b></p><a name=\"141\"> </a><a name=\"hc141\"> </a><a name=\"141-en-US\"> </a><p><b>instantiatesCanonical</b>: <a href=\"PlanDefinition-flow-DecisionToScreen.html\">Decision to Screen</a></p><p><b>status</b>: Draft</p><p><b>intent</b>: Proposal</p><p><b>subject</b>: <a href=\"Bundle-StellaParker.html#Patient_StellaParker\">Stella Parker</a></p></div>"
      },
      "instantiatesCanonical" : ["http://cancerscreeningcds.github.io/crcsm-cds/PlanDefinition/flow-DecisionToScreen"],
      "status" : "draft",
      "intent" : "proposal",
      "subject" : {
        "reference" : "Patient/StellaParker",
        "display" : "Stella Parker"
      }
    }
  }]
}