{
  "resourceType" : "Bundle",
  "id" : "eve-HereditarySyndrome_no_eve-IBD_yes_act-IBD",
  "type" : "collection",
  "entry" : [{
    "resource" : {
      "resourceType" : "Patient",
      "id" : "755e2f30-a75b-424a-b08a-7a329693b9a2",
      "text" : {
        "status" : "generated",
        "div" : "<div xmlns=\"http://www.w3.org/1999/xhtml\"><a name=\"Patient_755e2f30-a75b-424a-b08a-7a329693b9a2\"> </a><p class=\"res-header-id\"><b>Generated Narrative: Patient 755e2f30-a75b-424a-b08a-7a329693b9a2</b></p><a name=\"755e2f30-a75b-424a-b08a-7a329693b9a2\"> </a><a name=\"hc755e2f30-a75b-424a-b08a-7a329693b9a2\"> </a><a name=\"755e2f30-a75b-424a-b08a-7a329693b9a2-en-US\"> </a><p style=\"border: 1px #661aff solid; background-color: #e6e6ff; padding: 10px;\">Joanne Smith  Other, DoB: 1971-01-01</p><hr/><table class=\"grid\"><tr><td style=\"background-color: #f3f5da\" title=\"A code classifying the person's sex assigned at birth  as specified by the [Office of the National Coordinator for Health IT (ONC)](https://www.healthit.gov/newsroom/about-onc). This extension aligns with the C-CDA Birth Sex Observation (LOINC 76689-9).\"><a href=\"http://hl7.org/fhir/us/core/STU3.1/StructureDefinition-us-core-birthsex.html\">US Core Birth Sex Extension</a></td><td colspan=\"3\">F</td></tr></table></div>"
      },
      "extension" : [{
        "url" : "http://hl7.org/fhir/us/core/StructureDefinition/us-core-birthsex",
        "valueCode" : "F"
      }],
      "name" : [{
        "family" : "Smith",
        "given" : ["Joanne"]
      }],
      "gender" : "other",
      "birthDate" : "1971-01-01"
    }
  },
  {
    "resource" : {
      "resourceType" : "Condition",
      "id" : "ulcerative-colitis-remission",
      "text" : {
        "status" : "generated",
        "div" : "<div xmlns=\"http://www.w3.org/1999/xhtml\"><a name=\"Condition_ulcerative-colitis-remission\"> </a><p class=\"res-header-id\"><b>Generated Narrative: Condition ulcerative-colitis-remission</b></p><a name=\"ulcerative-colitis-remission\"> </a><a name=\"hculcerative-colitis-remission\"> </a><a name=\"ulcerative-colitis-remission-en-US\"> </a><p><b>clinicalStatus</b>: <span title=\"Codes:{http://terminology.hl7.org/CodeSystem/condition-clinical remission}\">Remission</span></p><p><b>verificationStatus</b>: <span title=\"Codes:{http://terminology.hl7.org/CodeSystem/condition-ver-status confirmed}\">Confirmed</span></p><p><b>category</b>: <span title=\"Codes:{http://terminology.hl7.org/CodeSystem/condition-category problem-list-item}\">Problem List Item</span></p><p><b>code</b>: <span title=\"Codes:{http://snomed.info/sct 64766004}\">Ulcerative colitis (disorder)</span></p><p><b>subject</b>: <a href=\"Bundle-eve-HereditarySyndrome_no_eve-IBD_yes_act-IBD.html#Patient_755e2f30-a75b-424a-b08a-7a329693b9a2\">Bundle: type = collection</a></p><p><b>onset</b>: 2024-10-01</p></div>"
      },
      "clinicalStatus" : {
        "coding" : [{
          "system" : "http://terminology.hl7.org/CodeSystem/condition-clinical",
          "code" : "remission",
          "display" : "Remission"
        }]
      },
      "verificationStatus" : {
        "coding" : [{
          "system" : "http://terminology.hl7.org/CodeSystem/condition-ver-status",
          "code" : "confirmed",
          "display" : "Confirmed"
        }]
      },
      "category" : [{
        "coding" : [{
          "system" : "http://terminology.hl7.org/CodeSystem/condition-category",
          "code" : "problem-list-item",
          "display" : "Problem List Item"
        }]
      }],
      "code" : {
        "coding" : [{
          "system" : "http://snomed.info/sct",
          "code" : "64766004",
          "display" : "Ulcerative colitis (disorder)"
        }]
      },
      "subject" : {
        "reference" : "Patient/755e2f30-a75b-424a-b08a-7a329693b9a2"
      },
      "onsetDateTime" : "2024-10-01"
    }
  }]
}