{
  "resourceType" : "Bundle",
  "id" : "ColinCarlson",
  "type" : "collection",
  "entry" : [{
    "resource" : {
      "resourceType" : "Patient",
      "id" : "ColinCarlson",
      "text" : {
        "status" : "generated",
        "div" : "<div xmlns=\"http://www.w3.org/1999/xhtml\"><a name=\"Patient_ColinCarlson\"> </a><p class=\"res-header-id\"><b>Generated Narrative: Patient ColinCarlson</b></p><a name=\"ColinCarlson\"> </a><a name=\"hcColinCarlson\"> </a><a name=\"ColinCarlson-en-US\"> </a><p style=\"border: 1px #661aff solid; background-color: #e6e6ff; padding: 10px;\">Colin Carlson  Male, DoB: 1970-06-19 ( Medical Record Number: 345-120-897)</p><hr/><table class=\"grid\"><tr><td style=\"background-color: #f3f5da\" title=\"Concepts classifying the person into a named category of humans sharing common history, traits, geographical origin or nationality.  The ethnicity codes used to represent these concepts are based upon the [CDC ethnicity and Ethnicity Code Set Version 1.0](http://www.cdc.gov/phin/resources/vocabulary/index.html) which includes over 900 concepts for representing race and ethnicity of which 43 reference ethnicity.  The ethnicity concepts are grouped by and pre-mapped to the 2 OMB ethnicity categories: - Hispanic or Latino - Not Hispanic or Latino.\">US Core Ethnicity Extension:</td><td colspan=\"3\"><ul><li>text: Not Hispanic or Latino</li></ul></td></tr><tr><td style=\"background-color: #f3f5da\" title=\"Concepts classifying the person into a named category of humans sharing common history, traits, geographical origin or nationality.  The race codes used to represent these concepts are based upon the [CDC Race and Ethnicity Code Set Version 1.0](http://www.cdc.gov/phin/resources/vocabulary/index.html) which includes over 900 concepts for representing race and ethnicity of which 921 reference race.  The race concepts are grouped by and pre-mapped to the 5 OMB race categories:\n\n - American Indian or Alaska Native\n - Asian\n - Black or African American\n - Native Hawaiian or Other Pacific Islander\n - White.\">US Core Race Extension:</td><td colspan=\"3\"><ul><li>text: White</li></ul></td></tr></table></div>"
      },
      "extension" : [{
        "extension" : [{
          "url" : "text",
          "valueString" : "White"
        }],
        "url" : "http://hl7.org/fhir/us/core/StructureDefinition/us-core-race"
      },
      {
        "extension" : [{
          "url" : "text",
          "valueString" : "Not Hispanic or Latino"
        }],
        "url" : "http://hl7.org/fhir/us/core/StructureDefinition/us-core-ethnicity"
      }],
      "identifier" : [{
        "type" : {
          "coding" : [{
            "code" : "MR",
            "display" : "Medical Record Number"
          }]
        },
        "value" : "345-120-897"
      }],
      "name" : [{
        "family" : "Carlson",
        "given" : ["Colin"]
      }],
      "gender" : "male",
      "birthDate" : "1970-06-19"
    }
  },
  {
    "resource" : {
      "resourceType" : "Condition",
      "id" : "colorectal-cancer",
      "text" : {
        "status" : "generated",
        "div" : "<div xmlns=\"http://www.w3.org/1999/xhtml\"><a name=\"Condition_colorectal-cancer\"> </a><p class=\"res-header-id\"><b>Generated Narrative: Condition colorectal-cancer</b></p><a name=\"colorectal-cancer\"> </a><a name=\"hccolorectal-cancer\"> </a><a name=\"colorectal-cancer-en-US\"> </a><p><b>clinicalStatus</b>: <span title=\"Codes:{http://terminology.hl7.org/CodeSystem/condition-clinical active}\">Active</span></p><p><b>verificationStatus</b>: <span title=\"Codes:{http://terminology.hl7.org/CodeSystem/condition-ver-status confirmed}\">Confirmed</span></p><p><b>category</b>: <span title=\"Codes:{http://terminology.hl7.org/CodeSystem/condition-category problem-list-item}\">Problem List Item</span></p><p><b>code</b>: <span title=\"Codes:{http://snomed.info/sct 363406005}\">Malignant neoplasm of colon (disorder)</span></p><p><b>subject</b>: <a href=\"Bundle-ColinCarlson.html#Patient_ColinCarlson\">Bundle: type = collection</a></p><p><b>onset</b>: 2024-10-01</p></div>"
      },
      "clinicalStatus" : {
        "coding" : [{
          "system" : "http://terminology.hl7.org/CodeSystem/condition-clinical",
          "code" : "active",
          "display" : "Active"
        }]
      },
      "verificationStatus" : {
        "coding" : [{
          "system" : "http://terminology.hl7.org/CodeSystem/condition-ver-status",
          "code" : "confirmed",
          "display" : "Confirmed"
        }]
      },
      "category" : [{
        "coding" : [{
          "system" : "http://terminology.hl7.org/CodeSystem/condition-category",
          "code" : "problem-list-item",
          "display" : "Problem List Item"
        }]
      }],
      "code" : {
        "coding" : [{
          "system" : "http://snomed.info/sct",
          "code" : "363406005",
          "display" : "Malignant neoplasm of colon (disorder)"
        }],
        "text" : "Malignant neoplasm of colon (disorder)"
      },
      "subject" : {
        "reference" : "Patient/ColinCarlson"
      },
      "onsetDateTime" : "2024-10-01"
    }
  },
  {
    "resource" : {
      "resourceType" : "DiagnosticReport",
      "id" : "colonoscopy-report-malignant",
      "text" : {
        "status" : "generated",
        "div" : "<div xmlns=\"http://www.w3.org/1999/xhtml\"><a name=\"DiagnosticReport_colonoscopy-report-malignant\"> </a><p class=\"res-header-id\"><b>Generated Narrative: DiagnosticReport colonoscopy-report-malignant</b></p><a name=\"colonoscopy-report-malignant\"> </a><a name=\"hccolonoscopy-report-malignant\"> </a><a name=\"colonoscopy-report-malignant-en-US\"> </a><h2><span title=\"Codes:{http://loinc.org 18746-8}\">Colonoscopy study</span> </h2><table class=\"grid\"><tr><td>Subject</td><td>Not done yet</td></tr><tr><td>When For</td><td>2024-09-02</td></tr></table><p><b>Report Details</b></p><p><b>Coded Conclusions:</b></p><ul><li><span title=\"Codes:{http://snomed.info/sct 1259398000}\">Primary carcinoma of cecum (disorder)</span></li></ul></div>"
      },
      "status" : "final",
      "code" : {
        "coding" : [{
          "system" : "http://loinc.org",
          "code" : "18746-8",
          "display" : "Colonoscopy study"
        }]
      },
      "subject" : {
        "reference" : "Patient/ColinCarlson"
      },
      "effectiveDateTime" : "2024-09-02",
      "conclusionCode" : [{
        "coding" : [{
          "system" : "http://snomed.info/sct",
          "code" : "1259398000",
          "display" : "Primary carcinoma of cecum (disorder)"
        }]
      }]
    }
  }]
}