{
  "resourceType" : "CodeSystem",
  "id" : "plan-definition-action-reason-code-system",
  "text" : {
    "status" : "generated",
    "div" : "<div xmlns=\"http://www.w3.org/1999/xhtml\"><p class=\"res-header-id\"><b>Generated Narrative: CodeSystem plan-definition-action-reason-code-system</b></p><a name=\"plan-definition-action-reason-code-system\"> </a><a name=\"hcplan-definition-action-reason-code-system\"> </a><a name=\"plan-definition-action-reason-code-system-en-US\"> </a><p>This  code system <code>http://cancerscreeningcds.github.io/crcsm-cds/CodeSystem/plan-definition-action-reason-code-system</code> defines the following codes:</p><table class=\"codes\"><tr><td style=\"white-space:nowrap\"><b>Code</b></td><td><b>Display</b></td></tr><tr><td style=\"white-space:nowrap\">eligibleforscreening<a name=\"plan-definition-action-reason-code-system-eligibleforscreening\"> </a></td><td>Eligible for screening</td></tr><tr><td style=\"white-space:nowrap\">missingageorbirthdate<a name=\"plan-definition-action-reason-code-system-missingageorbirthdate\"> </a></td><td>Missing patient age in years or birth date</td></tr><tr><td style=\"white-space:nowrap\">currentcolorectalcancer<a name=\"plan-definition-action-reason-code-system-currentcolorectalcancer\"> </a></td><td>Current colorectal cancer</td></tr><tr><td style=\"white-space:nowrap\">totalcolectomy<a name=\"plan-definition-action-reason-code-system-totalcolectomy\"> </a></td><td>Total colectomy</td></tr><tr><td style=\"white-space:nowrap\">diagtesting<a name=\"plan-definition-action-reason-code-system-diagtesting\"> </a></td><td>Diagnostic testing</td></tr><tr><td style=\"white-space:nowrap\">ageover86<a name=\"plan-definition-action-reason-code-system-ageover86\"> </a></td><td>Age over 86 years</td></tr><tr><td style=\"white-space:nowrap\">lifeexp<a name=\"plan-definition-action-reason-code-system-lifeexp\"> </a></td><td>Reduced life expectancy indicator</td></tr><tr><td style=\"white-space:nowrap\">age76to86<a name=\"plan-definition-action-reason-code-system-age76to86\"> </a></td><td>Age 76 to 86 years</td></tr><tr><td style=\"white-space:nowrap\">USPSTFaveragerisk<a name=\"plan-definition-action-reason-code-system-USPSTFaveragerisk\"> </a></td><td>USPSTF average risk</td></tr><tr><td style=\"white-space:nowrap\">negativescreening<a name=\"plan-definition-action-reason-code-system-negativescreening\"> </a></td><td>Non-colonoscopy colorectal cancer screening negative</td></tr><tr><td style=\"white-space:nowrap\">negativehighqualityscreening<a name=\"plan-definition-action-reason-code-system-negativehighqualityscreening\"> </a></td><td>Negative or normal non-colonoscopy test with high-quality exam</td></tr><tr><td style=\"white-space:nowrap\">inconclusivescreening<a name=\"plan-definition-action-reason-code-system-inconclusivescreening\"> </a></td><td>Inconclusive non-colonoscopy screening</td></tr><tr><td style=\"white-space:nowrap\">positiveabnormalscreening<a name=\"plan-definition-action-reason-code-system-positiveabnormalscreening\"> </a></td><td>Positive or abnormal non-colonoscopy screening</td></tr><tr><td style=\"white-space:nowrap\">historyofprecancerouspolyps<a name=\"plan-definition-action-reason-code-system-historyofprecancerouspolyps\"> </a></td><td>History of potentially precancerous polyps</td></tr><tr><td style=\"white-space:nowrap\">averagerisk<a name=\"plan-definition-action-reason-code-system-averagerisk\"> </a></td><td>At average risk for colorectal cancer</td></tr></table></div>"
  },
  "url" : "http://cancerscreeningcds.github.io/crcsm-cds/CodeSystem/plan-definition-action-reason-code-system",
  "version" : "0.1.0",
  "name" : "PlanDefinitionActionReasonCodeSystem",
  "title" : "Plan Definition Action Reason Code System",
  "status" : "draft",
  "experimental" : true,
  "date" : "2025-02-28T21:24:30+00:00",
  "publisher" : "MITRE",
  "contact" : [{
    "name" : "MITRE",
    "telecom" : [{
      "system" : "url",
      "value" : "https://www.mitre.org/"
    }]
  }],
  "description" : "Code representing plan definition action reason codes",
  "content" : "complete",
  "count" : 15,
  "concept" : [{
    "code" : "eligibleforscreening",
    "display" : "Eligible for screening"
  },
  {
    "code" : "missingageorbirthdate",
    "display" : "Missing patient age in years or birth date"
  },
  {
    "code" : "currentcolorectalcancer",
    "display" : "Current colorectal cancer"
  },
  {
    "code" : "totalcolectomy",
    "display" : "Total colectomy"
  },
  {
    "code" : "diagtesting",
    "display" : "Diagnostic testing"
  },
  {
    "code" : "ageover86",
    "display" : "Age over 86 years"
  },
  {
    "code" : "lifeexp",
    "display" : "Reduced life expectancy indicator"
  },
  {
    "code" : "age76to86",
    "display" : "Age 76 to 86 years"
  },
  {
    "code" : "USPSTFaveragerisk",
    "display" : "USPSTF average risk"
  },
  {
    "code" : "negativescreening",
    "display" : "Non-colonoscopy colorectal cancer screening negative"
  },
  {
    "code" : "negativehighqualityscreening",
    "display" : "Negative or normal non-colonoscopy test with high-quality exam"
  },
  {
    "code" : "inconclusivescreening",
    "display" : "Inconclusive non-colonoscopy screening"
  },
  {
    "code" : "positiveabnormalscreening",
    "display" : "Positive or abnormal non-colonoscopy screening"
  },
  {
    "code" : "historyofprecancerouspolyps",
    "display" : "History of potentially precancerous polyps"
  },
  {
    "code" : "averagerisk",
    "display" : "At average risk for colorectal cancer"
  }]
}