{
  "resourceType" : "CodeSystem",
  "id" : "colonoscopy-result-observation-system",
  "text" : {
    "status" : "generated",
    "div" : "<div xmlns=\"http://www.w3.org/1999/xhtml\"><p class=\"res-header-id\"><b>Generated Narrative: CodeSystem colonoscopy-result-observation-system</b></p><a name=\"colonoscopy-result-observation-system\"> </a><a name=\"hccolonoscopy-result-observation-system\"> </a><a name=\"colonoscopy-result-observation-system-en-US\"> </a><p>This  code system <code>http://cancerscreeningcds.github.io/crcsm-cds/CodeSystem/colonoscopy-result-observation-system</code> defines the following codes:</p><table class=\"codes\"><tr><td style=\"white-space:nowrap\"><b>Code</b></td><td><b>Display</b></td></tr><tr><td style=\"white-space:nowrap\">crcfinding<a name=\"colonoscopy-result-observation-system-crcfinding\"> </a></td><td>Colorectal cancer finding</td></tr><tr><td style=\"white-space:nowrap\">missingrec<a name=\"colonoscopy-result-observation-system-missingrec\"> </a></td><td>Missing endoscopist recommendation for potentially precancerous polyp finding</td></tr></table></div>"
  },
  "url" : "http://cancerscreeningcds.github.io/crcsm-cds/CodeSystem/colonoscopy-result-observation-system",
  "version" : "0.1.0",
  "name" : "ColonoscopyResultObservationCodeSystem",
  "title" : "Colonoscopy Result Observation Code System",
  "status" : "draft",
  "experimental" : true,
  "date" : "2025-02-28T21:24:30+00:00",
  "publisher" : "MITRE",
  "contact" : [{
    "name" : "MITRE",
    "telecom" : [{
      "system" : "url",
      "value" : "https://www.mitre.org/"
    }]
  }],
  "description" : "Code representing cancer screening related observations",
  "content" : "complete",
  "count" : 2,
  "concept" : [{
    "code" : "crcfinding",
    "display" : "Colorectal cancer finding"
  },
  {
    "code" : "missingrec",
    "display" : "Missing endoscopist recommendation for potentially precancerous polyp finding"
  }]
}