{
  "resourceType" : "Measure",
  "id" : "ScreeningIncompleteMeasure",
  "text" : {
    "status" : "extensions",
    "div" : "<div xmlns=\"http://www.w3.org/1999/xhtml\">\n  <table class=\"narrative-table\">\n    <tbody>\n<tr>\n\n<th colspan=\"2\" scope=\"row\" class=\"row-header\">Knowledge Artifact Metadata</th>\n\n</tr>\n\n<tr>\n\n<th scope=\"row\" class=\"row-header\">Name (machine-readable)</th>\n\n<td class=\"content-container\">ScreeningIncompleteMeasure</td>\n</tr>\n\n\n<tr>\n\n<th scope=\"row\" class=\"row-header\">Title (human-readable)</th>\n\n<td class=\"content-container\">Screening Incomplete Measure</td>\n</tr>\n\n\n\n<tr>\n\n<th scope=\"row\" class=\"row-header\">Status</th>\n\n<td class=\"content-container\">Active</td>\n</tr>\n\n\n<tr>\n\n<th scope=\"row\" class=\"row-header\">Experimental</th>\n\n<td class=\"content-container\">true</td>\n</tr>\n\n\n<tr>\n\n<th scope=\"row\" class=\"row-header\">Description</th>\n\n<td class=\"content-container\"><div><p>Identifies patients who have been ordered for screening or for follow-up study for abnormal screening but for whom a study report has not been received or documented as received.</p>\n<p>Intended for use with either individual patient alerts, within the context of a clinical encounter or outside an encounter, or for generating asynchronous reports on a cohort/panel of patients in order to target outreach or escalation.</p>\n</div></td>\n</tr>\n\n\n\n\n<tr>\n\n<th scope=\"row\" class=\"row-header\">Approval Date</th>\n\n<td class=\"content-container\">2025-02-28</td>\n</tr>\n\n\n\n\n\n<tr>\n\n<th scope=\"row\" class=\"row-header\">Measure Developer</th>\n\n<td class=\"content-container\">The Health FFRDC, operated by The MITRE Corporation, in support of the Division of Cancer Prevention and Control, Centers for Disease Control and Prevention.: </td>\n</tr>\n\n\n<tr>\n\n<th scope=\"row\" class=\"row-header\">Measure Editor</th>\n\n<td class=\"content-container\">Division of Cancer Prevention and Control, Centers for Disease Control and Prevention: </td>\n</tr>\n\n\n<tr>\n\n<th scope=\"row\" class=\"row-header\">Measure Reviewer</th>\n\n<td class=\"content-container\">Division of Cancer Prevention and Control, Centers for Disease Control and Prevention: </td>\n</tr>\n\n\n<tr>\n\n<th scope=\"row\" class=\"row-header\">Measure Endorser</th>\n\n<td class=\"content-container\">Division of Cancer Prevention and Control, Centers for Disease Control and Prevention: </td>\n</tr>\n\n\n<tr>\n\n<th scope=\"row\" class=\"row-header\">Measure Steward</th>\n\n<td class=\"content-container\">MITRE</td>\n</tr>\n\n\n<tr>\n\n<th scope=\"row\" class=\"row-header\">Steward Contact Details</th>\n\n<td class=\"content-container\">MITRE: <a href=\"https://www.mitre.org/\">https://www.mitre.org/</a></td>\n</tr>\n\n\n<tr>\n\n<th scope=\"row\" class=\"row-header\">Copyright</th>\n\n<td class=\"content-container\"><div><p>(C) 2025 The MITRE Corporation. All Rights Reserved. Approved for Public Release: 24-2711. Distribution Unlimited. Unless otherwise noted, this work is available under an Apache 2.0 license. It was produced by the MITRE Corporation for the Division of Cancer Prevention and Control, Centers for Disease Control and Prevention in accordance with the Statement of Work, contract number 75FCMC18D0047, task order number 75D30123F17931.</p>\n</div></td>\n</tr>\n\n\n\n\n\n\n\n\n\n\n<tr>\n\n<th colspan=\"2\" scope=\"row\" class=\"row-header\">Measure Metadata</th>\n\n</tr>\n\n\n\n\n\n\n<tr>\n\n<th scope=\"row\" class=\"row-header\">Version Number</th>\n\n<td class=\"content-container\">0.1.0</td>\n</tr>\n\n\n\n\n\n\n\n\n\n\n\n\n\n\n\n\n  \n    <tr>\n\n<th colspan=\"2\" scope=\"row\" class=\"row-header\">Measure Population Criteria</th>\n\n</tr>\n  \n  \n  \n  \n    <tr>\n      \n        \n<th scope=\"row\" class=\"row-header\">Initial Population</th>\n\n      \n      <td class=\"content-container\">\n        \n        \n          <em>Description</em>: No description provided\n        \n        \n          \n            \n            <em>Logic Definition</em>: <a href=\"#screeningdue-initial-population\">Initial Population</a> \n          \n        \n      </td>\n    </tr>\n  \n\n  \n    <tr>\n      \n        \n<th scope=\"row\" class=\"row-header\">Numerator</th>\n\n      \n      <td class=\"content-container\">\n        \n        \n          <em>Description</em>: No description provided\n        \n        \n          \n            \n            <em>Logic Definition</em>: <a href=\"#screeningdue-numerator\">Numerator</a> \n          \n        \n      </td>\n    </tr>\n  \n\n  \n    <tr>\n      \n        \n<th scope=\"row\" class=\"row-header\">Denominator</th>\n\n      \n      <td class=\"content-container\">\n        \n        \n          <em>Description</em>: No description provided\n        \n        \n          \n            \n            <em>Logic Definition</em>: <a href=\"#screeningdue-denominator\">Denominator</a> \n          \n        \n      </td>\n    </tr>\n  \n\n  \n    <tr>\n      \n        \n<th scope=\"row\" class=\"row-header\">Denominator Exclusion</th>\n\n      \n      <td class=\"content-container\">\n        \n        \n          <em>Description</em>: No description provided\n        \n        \n          \n            \n            <em>Logic Definition</em>: <a href=\"#screeningdue-denominator-exclusion\">Denominator Exclusion</a> \n          \n        \n      </td>\n    </tr>\n  \n\n  \n  \n\n\n\n\n\n\n\n\n\n\n\n\n\n<tr>\n\n<th colspan=\"2\" scope=\"row\" class=\"row-header\">Measure Logic</th>\n\n</tr>\n\n<tr>\n\n<th scope=\"row\" class=\"row-header\">Primary Library</th>\n\n<td class=\"content-container\"><a href=\"Library-ScreeningDue.html\">ScreeningDue</a></td>\n</tr>\n\n\n\n\n<tr>\n  <th colspan=\"2\" scope=\"row\" class=\"row-header\">Generated using version 0.4.6 of the sample-content-ig Liquid templates</th>\n</tr>\n    </tbody>\n  </table>\n</div>"
  },
  "url" : "http://cancerscreeningcds.github.io/crcsm-cds/Measure/ScreeningIncompleteMeasure",
  "version" : "0.1.0",
  "name" : "ScreeningIncompleteMeasure",
  "title" : "Screening Incomplete Measure",
  "status" : "active",
  "experimental" : true,
  "date" : "2025-02-28",
  "publisher" : "MITRE",
  "contact" : [{
    "name" : "MITRE",
    "telecom" : [{
      "system" : "url",
      "value" : "https://www.mitre.org/"
    }]
  }],
  "description" : "Identifies patients who have been ordered for screening or for follow-up study for abnormal screening but for whom a study report has not been received or documented as received.\n\nIntended for use with either individual patient alerts, within the context of a clinical encounter or outside an encounter, or for generating asynchronous reports on a cohort/panel of patients in order to target outreach or escalation.",
  "copyright" : "(C) 2025 The MITRE Corporation. All Rights Reserved. Approved for Public Release: 24-2711. Distribution Unlimited. Unless otherwise noted, this work is available under an Apache 2.0 license. It was produced by the MITRE Corporation for the Division of Cancer Prevention and Control, Centers for Disease Control and Prevention in accordance with the Statement of Work, contract number 75FCMC18D0047, task order number 75D30123F17931.",
  "approvalDate" : "2025-02-28",
  "lastReviewDate" : "2025-02-28",
  "author" : [{
    "name" : "The Health FFRDC, operated by The MITRE Corporation, in support of the Division of Cancer Prevention and Control, Centers for Disease Control and Prevention."
  }],
  "editor" : [{
    "name" : "Division of Cancer Prevention and Control, Centers for Disease Control and Prevention"
  }],
  "reviewer" : [{
    "name" : "Division of Cancer Prevention and Control, Centers for Disease Control and Prevention"
  }],
  "endorser" : [{
    "name" : "Division of Cancer Prevention and Control, Centers for Disease Control and Prevention"
  }],
  "library" : ["http://cancerscreeningcds.github.io/crcsm-cds/Library/ScreeningDue"],
  "group" : [{
    "population" : [{
      "code" : {
        "coding" : [{
          "system" : "http://terminology.hl7.org/CodeSystem/measure-population",
          "code" : "initial-population",
          "display" : "Initial Population"
        }]
      },
      "criteria" : {
        "language" : "text/cql-identifier",
        "expression" : "Initial Population"
      }
    },
    {
      "code" : {
        "coding" : [{
          "system" : "http://terminology.hl7.org/CodeSystem/measure-population",
          "code" : "numerator",
          "display" : "Numerator"
        }]
      },
      "criteria" : {
        "language" : "text/cql-identifier",
        "expression" : "Numerator"
      }
    },
    {
      "code" : {
        "coding" : [{
          "system" : "http://terminology.hl7.org/CodeSystem/measure-population",
          "code" : "denominator",
          "display" : "Denominator"
        }]
      },
      "criteria" : {
        "language" : "text/cql-identifier",
        "expression" : "Denominator"
      }
    },
    {
      "code" : {
        "coding" : [{
          "system" : "http://terminology.hl7.org/CodeSystem/measure-population",
          "code" : "denominator-exclusion",
          "display" : "Denominator Exclusion"
        }]
      },
      "criteria" : {
        "language" : "text/cql-identifier",
        "expression" : "Denominator Exclusion"
      }
    }]
  }]
}